profileId,ownerName,season,sourceClass,sequenceSource,rosterSlots,mappedSlots,mappingCoverage,nflTeam,observedCount,observedShare,expectedCount,expectedShare,affinityRatio,excessSlots,zScore,skillPositionObserved,skillPositionExpected,skillPositionRatio,kDstObserved,rawConcentrationRank,adjustedRank
"No Chumps","Rick Dauven","2021","B","INFERRED_ADP_CARD","17","17","1","ARI","1","0.058823529411764705","0.19507575757575757","0.011475044563279857","5.12621359223301","0.8049242424242424","1.8732284815653548","1","0.10416666666666666","9.600000000000001","0","2","4"
"No Chumps","Rick Dauven","2021","B","INFERRED_ADP_CARD","17","17","1","ATL","0","0","0.5088489409141583","0.029932290642009314","0","-0.5088489409141583","-0.7324182172661321","0","0.5088489409141583","0","0","17","24"
"No Chumps","Rick Dauven","2021","B","INFERRED_ADP_CARD","17","17","1","BAL","1","0.058823529411764705","0.9635400831053006","0.056678828417958856","1.0378395435062715","0.03645991689469941","0.0388713917777424","1","0.8101309921962097","1.2343682807258964","0","2","15"
"No Chumps","Rick Dauven","2021","B","INFERRED_ADP_CARD","17","17","1","BUF","1","0.058823529411764705","0.6265835613661701","0.03685785655095118","1.5959563283461382","0.3734164386338299","0.48696712175110196","1","0.41067447045707917","2.4350186630471664","0","2","12"
"No Chumps","Rick Dauven","2021","B","INFERRED_ADP_CARD","17","17","1","CAR","0","0","0.34615384615384615","0.020361990950226245","0","-0.34615384615384615","-0.6060915267313265","0","0.34615384615384615","0","0","17","19"
"No Chumps","Rick Dauven","2021","B","INFERRED_ADP_CARD","17","17","1","CHI","0","0","0.5260590858416945","0.03094465210833497","0","-0.5260590858416945","-0.7404715503571092","0","0.5260590858416945","0","0","17","25"
"No Chumps","Rick Dauven","2021","B","INFERRED_ADP_CARD","17","17","1","CIN","1","0.058823529411764705","0.6414437012263099","0.037731982425077054","1.5589832717792744","0.3585562987736901","0.4594565280555555","1","0.6414437012263099","1.5589832717792744","0","2","13"
"No Chumps","Rick Dauven","2021","B","INFERRED_ADP_CARD","17","17","1","CLE","1","0.058823529411764705","1.0042826166968044","0.05907544804098849","0.995735645897277","-0.004282616696804409","-0.004409473522065941","0","0.8508735257877135","0","1","2","16"
"No Chumps","Rick Dauven","2021","B","INFERRED_ADP_CARD","17","17","1","DAL","1","0.058823529411764705","0.4771270396270396","0.02806629644864939","2.0958778625954197","0.5228729603729604","0.7759631083373107","1","0.3237179487179487","3.0891089108910896","0","2","7"
"No Chumps","Rick Dauven","2021","B","INFERRED_ADP_CARD","17","17","1","DEN","1","0.058823529411764705","0.5936081462397252","0.0349181262493956","1.6846129998966621","0.40639185376027476","0.5407267979960727","1","0.4401990553306343","2.271699559302548","0","2","10"
"No Chumps","Rick Dauven","2021","B","INFERRED_ADP_CARD","17","17","1","DET","0","0","0.6271929824561403","0.0368937048503612","0","-0.6271929824561403","-0.8305115197415276","0","0.6271929824561403","0","0","17","28"
"No Chumps","Rick Dauven","2021","B","INFERRED_ADP_CARD","17","17","1","GB","0","0","0.9418016194331984","0.055400095260776376","0","-0.9418016194331984","-1.005495593588081","0","0.8793016194331984","0","0","17","31"
"No Chumps","Rick Dauven","2021","B","INFERRED_ADP_CARD","17","17","1","HOU","2","0.11764705882352941","0.10416666666666666","0.006127450980392156","19.200000000000003","1.8958333333333333","5.936185464786324","2","0.10416666666666666","19.200000000000003","0","1","1"
"No Chumps","Rick Dauven","2021","B","INFERRED_ADP_CARD","17","17","1","IND","0","0","0.16666666666666666","0.00980392156862745","0","-0.16666666666666666","-0.41590019592802907","0","0.10416666666666666","0","0","17","17"
"No Chumps","Rick Dauven","2021","B","INFERRED_ADP_CARD","17","17","1","JAX","0","0","0.5432692307692308","0.03195701357466064","0","-0.5432692307692308","-0.7571284874952732","0","0.5432692307692308","0","0","17","26"
"No Chumps","Rick Dauven","2021","B","INFERRED_ADP_CARD","17","17","1","KC","0","0","0.5896555770697647","0.034685622180574395","0","-0.5896555770697647","-0.7842006627910192","0","0.5271555770697647","0","0","17","27"
"No Chumps","Rick Dauven","2021","B","INFERRED_ADP_CARD","17","17","1","LV","1","0.058823529411764705","0.5967252617710284","0.03510148598653108","1.6758130819400665","0.40327473822897164","0.5418877152332195","1","0.5058161708619374","1.9770028275212066","0","2","9"
"No Chumps","Rick Dauven","2021","B","INFERRED_ADP_CARD","17","17","1","LAC","0","0","0.3065078037904125","0.018029870811200735","0","-0.3065078037904125","-0.5611606903228052","0","0.3065078037904125","0","0","17","18"
"No Chumps","Rick Dauven","2021","B","INFERRED_ADP_CARD","17","17","1","LAR","0","0","1.0394510142793896","0.06114417731055233","0","-1.0394510142793896","-1.060486692413596","0","0.8235419233702986","0","0","17","32"
"No Chumps","Rick Dauven","2021","B","INFERRED_ADP_CARD","17","17","1","MIA","1","0.058823529411764705","0.7650134952766532","0.04500079383980313","1.3071664829106946","0.2349865047233468","0.278056103658973","0","0.7650134952766532","0","1","2","14"
"No Chumps","Rick Dauven","2021","B","INFERRED_ADP_CARD","17","17","1","MIN","0","0","0.3802257525083612","0.022366220735785952","0","-0.3802257525083612","-0.6305099477451728","0","0.3177257525083612","0","0","17","20"
"No Chumps","Rick Dauven","2021","B","INFERRED_ADP_CARD","17","17","1","NE","1","0.058823529411764705","0.5978407557354926","0.03516710327855838","1.672686230248307","0.40215924426450744","0.5474296429194924","1","0.5353407557354926","1.867969119268946","0","2","8"
"No Chumps","Rick Dauven","2021","B","INFERRED_ADP_CARD","17","17","1","NO","1","0.058823529411764705","0.16666666666666666","0.00980392156862745","6","0.8333333333333334","2.0795009796401454","1","0.10416666666666666","9.600000000000001","0","2","3"
"No Chumps","Rick Dauven","2021","B","INFERRED_ADP_CARD","17","17","1","NYG","0","0","0.4157235308551098","0.024454325344418226","0","-0.4157235308551098","-0.65935567246774","0","0.3248144399460189","0","0","17","22"
"No Chumps","Rick Dauven","2021","B","INFERRED_ADP_CARD","17","17","1","NYJ","1","0.058823529411764705","0.11538461538461539","0.006787330316742082","8.666666666666666","0.8846153846153846","2.6296449721851354","1","0.11538461538461539","8.666666666666666","0","2","2"
"No Chumps","Rick Dauven","2021","B","INFERRED_ADP_CARD","17","17","1","PHI","1","0.058823529411764705","0.29638634630053395","0.017434490958854937","3.373974585813093","0.703613653699466","1.3182312373855956","1","0.29638634630053395","3.373974585813093","0","2","5"
"No Chumps","Rick Dauven","2021","B","INFERRED_ADP_CARD","17","17","1","PIT","0","0","0.4956103678929766","0.029153551052528034","0","-0.4956103678929766","-0.7245014714848937","0","0.4331103678929766","0","0","17","23"
"No Chumps","Rick Dauven","2021","B","INFERRED_ADP_CARD","17","17","1","SEA","0","0","0.8172696868349043","0.048074687460876724","0","-0.8172696868349043","-0.9542010114037042","0","0.6354515050167224","0","0","17","30"
"No Chumps","Rick Dauven","2021","B","INFERRED_ADP_CARD","17","17","1","SF","1","0.058823529411764705","0.5997770345596433","0.03528100203292019","1.6672862453531598","0.40022296544035674","0.5301317460852224","1","0.5372770345596433","1.8612371936195047","0","2","11"
"No Chumps","Rick Dauven","2021","B","INFERRED_ADP_CARD","17","17","1","TB","0","0","0.7294967141935105","0.04291157142314767","0","-0.7294967141935105","-0.8803228839899334","0","0.7294967141935105","0","0","17","29"
"No Chumps","Rick Dauven","2021","B","INFERRED_ADP_CARD","17","17","1","TEN","1","0.058823529411764705","0.42189241917502784","0.024817201127942813","2.3702725020644095","0.5781075808249722","0.9061004463862137","1","0.42189241917502784","2.3702725020644095","0","2","6"
"No Chumps","Rick Dauven","2021","B","INFERRED_ADP_CARD","17","17","1","WAS","0","0","0.4005530129672006","0.023561941939247093","0","-0.4005530129672006","-0.6476121780966049","0","0.4005530129672006","0","0","17","21"
"No Chumps","Rick Dauven","2022","A","EXACT_2022_PHOTO","17","17","1","ARI","1","0.058823529411764705","1.099776082310254","0.06469271072413259","0.9092760027107895","-0.09977608231025403","-0.10004079032417287","1","0.974776082310254","1.0258766276147897","0","3","14"
"No Chumps","Rick Dauven","2022","A","EXACT_2022_PHOTO","17","17","1","ATL","0","0","0.43381567175306923","0.025518568926651133","0","-0.43381567175306923","-0.6706952081266195","0","0.37131567175306923","0","0","15","24"
"No Chumps","Rick Dauven","2022","A","EXACT_2022_PHOTO","17","17","1","BAL","1","0.058823529411764705","0.27809322033898304","0.01635842472582253","3.5959165015998784","0.721906779661017","1.3986906785789561","1","0.21559322033898304","4.638364779874214","0","3","3"
"No Chumps","Rick Dauven","2022","A","EXACT_2022_PHOTO","17","17","1","BUF","0","0","0.9024686601562806","0.05308639177389886","0","-0.9024686601562806","-0.9812307127178859","0","0.7347055022615437","0","0","15","31"
"No Chumps","Rick Dauven","2022","A","EXACT_2022_PHOTO","17","17","1","CAR","0","0","0.19682886823400764","0.011578168719647508","0","-0.19682886823400764","-0.4473399454577864","0","0.19682886823400764","0","0","15","15"
"No Chumps","Rick Dauven","2022","A","EXACT_2022_PHOTO","17","17","1","CHI","0","0","0.19682886823400764","0.011578168719647508","0","-0.19682886823400764","-0.4473399454577864","0","0.19682886823400764","0","0","15","16"
"No Chumps","Rick Dauven","2022","A","EXACT_2022_PHOTO","17","17","1","CIN","0","0","0.9979579004920722","0.05870340591129836","0","-0.9979579004920722","-1.0425104624086567","0","0.8729579004920722","0","0","15","32"
"No Chumps","Rick Dauven","2022","A","EXACT_2022_PHOTO","17","17","1","CLE","0","0","0.3324220885729907","0.019554240504293573","0","-0.3324220885729907","-0.5876456389885436","0","0.3324220885729907","0","0","15","21"
"No Chumps","Rick Dauven","2022","A","EXACT_2022_PHOTO","17","17","1","DAL","1","0.058823529411764705","0.9098083769989613","0.053518139823468314","1.099132548436781","0.09019162300103867","0.09758134658833188","0","0.857176798051593","0","1","3","13"
"No Chumps","Rick Dauven","2022","A","EXACT_2022_PHOTO","17","17","1","DEN","0","0","0.48816614825995847","0.028715655779997556","0","-0.48816614825995847","-0.7141527614912047","0","0.43553456931259005","0","0","15","26"
"No Chumps","Rick Dauven","2022","A","EXACT_2022_PHOTO","17","17","1","DET","1","0.058823529411764705","0.2877379591430985","0.016925762302535206","3.4753843496286065","0.7122620408569015","1.3551706071841219","1","0.2877379591430985","3.4753843496286065","0","3","4"
"No Chumps","Rick Dauven","2022","A","EXACT_2022_PHOTO","17","17","1","GB","0","0","0.3136793447408969","0.01845172616122923","0","-0.3136793447408969","-0.5717009834532965","0","0.2610477657935285","0","0","15","20"
"No Chumps","Rick Dauven","2022","A","EXACT_2022_PHOTO","17","17","1","HOU","0","0","0.19682886823400764","0.011578168719647508","0","-0.19682886823400764","-0.4473399454577864","0","0.19682886823400764","0","0","15","17"
"No Chumps","Rick Dauven","2022","A","EXACT_2022_PHOTO","17","17","1","IND","2","0.11764705882352941","0.44225705735086757","0.02601512102063927","4.5222568340233105","1.5577429426491325","2.4117470025357264","2","0.26462547840349915","7.557851239669422","0","2","2"
"No Chumps","Rick Dauven","2022","A","EXACT_2022_PHOTO","17","17","1","JAX","1","0.058823529411764705","0.5414543466375068","0.03185025568455922","1.8468777768802005","0.4585456533624932","0.6361405738322857","1","0.5414543466375068","1.8468777768802005","0","3","7"
"No Chumps","Rick Dauven","2022","A","EXACT_2022_PHOTO","17","17","1","KC","3","0.17647058823529413","0.5789208943627522","0.03405417025663248","5.182055146415562","2.421079105637248","3.25949114035589","2","0.4736577364680153","4.2224582140548526","1","1","1"
"No Chumps","Rick Dauven","2022","A","EXACT_2022_PHOTO","17","17","1","LV","1","0.058823529411764705","0.8099950164939662","0.04764676567611566","1.2345754969314051","0.1900049835060338","0.217740337392032","1","0.6323634375465977","1.5813690998324232","0","3","11"
"No Chumps","Rick Dauven","2022","A","EXACT_2022_PHOTO","17","17","1","LAC","1","0.058823529411764705","0.6523599320882852","0.03837411365225207","1.5328961066000415","0.34764006791171476","0.44519905963788353","1","0.5470967741935484","1.8278301886792452","0","3","9"
"No Chumps","Rick Dauven","2022","A","EXACT_2022_PHOTO","17","17","1","LAR","0","0","0.4548933843630399","0.026758434374296463","0","-0.4548933843630399","-0.6896966293567082","0","0.4548933843630399","0","0","15","25"
"No Chumps","Rick Dauven","2022","A","EXACT_2022_PHOTO","17","17","1","MIA","0","0","0.8887306643889907","0.05227827437582298","0","-0.8887306643889907","-0.971036375186798","0","0.7735990854416224","0","0","15","30"
"No Chumps","Rick Dauven","2022","A","EXACT_2022_PHOTO","17","17","1","MIN","1","0.058823529411764705","0.40381801962533453","0.023754001154431444","2.4763629937262523","0.5961819803746655","0.9678197092249704","1","0.3511864406779661","2.8474903474903472","0","3","6"
"No Chumps","Rick Dauven","2022","A","EXACT_2022_PHOTO","17","17","1","NE","1","0.058823529411764705","0.35809322033898305","0.021064307078763708","2.7925689267542304","0.641906779661017","1.1060938771480933","1","0.29559322033898305","3.38302752293578","0","3","5"
"No Chumps","Rick Dauven","2022","A","EXACT_2022_PHOTO","17","17","1","NO","1","0.058823529411764705","0.5789208943627522","0.03405417025663248","1.727351715471854","0.4210791056372478","0.5668974677522306","1","0.4736577364680153","2.1112291070274263","0","3","8"
"No Chumps","Rick Dauven","2022","A","EXACT_2022_PHOTO","17","17","1","NYG","0","0","0.3870967741935484","0.022770398481973434","0","-0.3870967741935484","-0.6377928041432807","0","0.3870967741935484","0","0","15","22"
"No Chumps","Rick Dauven","2022","A","EXACT_2022_PHOTO","17","17","1","NYJ","0","0","0.5292509568069983","0.031132409223941077","0","-0.5292509568069983","-0.7465793954808445","0","0.5292509568069983","0","0","15","27"
"No Chumps","Rick Dauven","2022","A","EXACT_2022_PHOTO","17","17","1","PHI","0","0","0.5803479298175853","0.03413811351868149","0","-0.5803479298175853","-0.7788661664172524","0","0.5803479298175853","0","0","15","29"
"No Chumps","Rick Dauven","2022","A","EXACT_2022_PHOTO","17","17","1","PIT","0","0","0.4305082129749046","0.025324012527935563","0","-0.4305082129749046","-0.6696926602266978","0","0.3778766340275362","0","0","15","23"
"No Chumps","Rick Dauven","2022","A","EXACT_2022_PHOTO","17","17","1","SEA","0","0","0.5681445399870768","0.03342026705806334","0","-0.5681445399870768","-0.7711845125960496","0","0.5681445399870768","0","0","15","28"
"No Chumps","Rick Dauven","2022","A","EXACT_2022_PHOTO","17","17","1","SF","1","0.058823529411764705","0.8159076978818137","0.0479945704636361","1.2256288335017675","0.18409230211818628","0.2094762072609072","1","0.6481445399870769","1.5428657318010248","0","3","12"
"No Chumps","Rick Dauven","2022","A","EXACT_2022_PHOTO","17","17","1","TB","1","0.058823529411764705","0.8034340542194993","0.04726082671879408","1.2446572245079353","0.19656594578050068","0.22641775769746636","1","0.6258024752721308","1.5979482976080415","0","3","10"
"No Chumps","Rick Dauven","2022","A","EXACT_2022_PHOTO","17","17","1","TEN","0","0","0.27682886823400765","0.016284051072588686","0","-0.27682886823400765","-0.5323645787330991","0","0.27682886823400765","0","0","15","19"
"No Chumps","Rick Dauven","2022","A","EXACT_2022_PHOTO","17","17","1","WAS","0","0","0.26462547840349915","0.015566204611970539","0","-0.26462547840349915","-0.5210334797965708","0","0.26462547840349915","0","0","15","18"
"No Chumps","Rick Dauven","2023","B","INFERRED_ADP_CARD","17","17","1","ARI","2","0.11764705882352941","0.39008885850991115","0.02294640344175948","5.127036972139478","1.6099111414900888","2.61653193837893","2","0.39008885850991115","5.127036972139478","0","1","3"
"No Chumps","Rick Dauven","2023","B","INFERRED_ADP_CARD","17","17","1","ATL","1","0.058823529411764705","0.4026831785345717","0.023687245796151276","2.4833418759610457","0.5973168214654283","0.9699286855840201","1","0.343859649122807","2.908163265306123","0","5","7"
"No Chumps","Rick Dauven","2023","B","INFERRED_ADP_CARD","17","17","1","BAL","1","0.058823529411764705","0.6483209884744412","0.038136528733790656","1.5424458220195707","0.3516790115255588","0.4513391979354811","1","0.41558441558441556","2.40625","0","5","12"
"No Chumps","Rick Dauven","2023","B","INFERRED_ADP_CARD","17","17","1","BUF","0","0","0.7644294414249994","0.04496643773088232","0","-0.7644294414249994","-0.8990265442537082","0","0.5316928685349738","0","0","14","28"
"No Chumps","Rick Dauven","2023","B","INFERRED_ADP_CARD","17","17","1","CAR","0","0","0.16108452950558214","0.00947556055915189","0","-0.16108452950558214","-0.40464308423271084","0","0.16108452950558214","0","0","14","14"
"No Chumps","Rick Dauven","2023","B","INFERRED_ADP_CARD","17","17","1","CHI","0","0","0.5074504442925495","0.02985002613485585","0","-0.5074504442925495","-0.730878403004856","0","0.5074504442925495","0","0","14","21"
"No Chumps","Rick Dauven","2023","B","INFERRED_ADP_CARD","17","17","1","CIN","1","0.058823529411764705","0.6025355763274729","0.0354432691957337","1.6596530384066626","0.3974644236725271","0.5231996867230895","1","0.4567555251765778","2.1893550157130743","0","5","10"
"No Chumps","Rick Dauven","2023","B","INFERRED_ADP_CARD","17","17","1","CLE","1","0.058823529411764705","0.5277402993650133","0.03104354702147137","1.8948714002004738","0.4722597006349867","0.6644094095248952","0","0.44078377762588283","0","1","5","9"
"No Chumps","Rick Dauven","2023","B","INFERRED_ADP_CARD","17","17","1","DAL","0","0","0.800467572092286","0.047086327770134474","0","-0.800467572092286","-0.9198362329755015","0","0.7135110503531557","0","0","14","30"
"No Chumps","Rick Dauven","2023","B","INFERRED_ADP_CARD","17","17","1","DEN","1","0.058823529411764705","0.617396257442024","0.03631742690835435","1.6197053155831675","0.382603742557976","0.4971595975399832","1","0.5304397357028936","1.8852282977535328","0","5","11"
"No Chumps","Rick Dauven","2023","B","INFERRED_ADP_CARD","17","17","1","DET","1","0.058823529411764705","0.5109592162223741","0.03005642448366906","1.9571033621689113","0.48904078377762594","0.7014445749337165","1","0.5109592162223741","1.9571033621689113","0","5","8"
"No Chumps","Rick Dauven","2023","B","INFERRED_ADP_CARD","17","17","1","GB","2","0.11764705882352941","0.31821648984120376","0.018718617049482574","6.285029418173894","1.6817835101587963","3.029705685815241","1","0.23125996810207336","4.324137931034483","1","1","2"
"No Chumps","Rick Dauven","2023","B","INFERRED_ADP_CARD","17","17","1","HOU","0","0","0.20350877192982456","0.01197110423116615","0","-0.20350877192982456","-0.4627725041842686","0","0.20350877192982456","0","0","14","15"
"No Chumps","Rick Dauven","2023","B","INFERRED_ADP_CARD","17","17","1","IND","1","0.058823529411764705","0.32216905901116427","0.01895112111830378","3.103960396039604","0.6778309409888357","1.2140280703607043","1","0.32216905901116427","3.103960396039604","0","5","5"
"No Chumps","Rick Dauven","2023","B","INFERRED_ADP_CARD","17","17","1","JAX","0","0","0.6445780225965985","0.03791635427038814","0","-0.6445780225965985","-0.8260677829663766","0","0.526930963773069","0","0","14","25"
"No Chumps","Rick Dauven","2023","B","INFERRED_ADP_CARD","17","17","1","KC","1","0.058823529411764705","0.6722672176838282","0.039545130451989895","1.4875037391311658","0.32773278231617176","0.4108058925367352","1","0.43953064479380266","2.27515421699238","0","5","13"
"No Chumps","Rick Dauven","2023","B","INFERRED_ADP_CARD","17","17","1","LV","0","0","0.663614744836982","0.03903616146099894","0","-0.663614744836982","-0.8379528464809441","0","0.45901116427432215","0","0","14","26"
"No Chumps","Rick Dauven","2023","B","INFERRED_ADP_CARD","17","17","1","LAC","0","0","0.3948507632718159","0.023226515486577406","0","-0.3948507632718159","-0.6423047747325557","0","0.3948507632718159","0","0","14","18"
"No Chumps","Rick Dauven","2023","B","INFERRED_ADP_CARD","17","17","1","LAR","0","0","0.526930963773069","0.03099593904547465","0","-0.526930963773069","-0.7414529533362794","0","0.526930963773069","0","0","14","23"
"No Chumps","Rick Dauven","2023","B","INFERRED_ADP_CARD","17","17","1","MIA","0","0","0.8081523851479431","0.047538375596937826","0","-0.8081523851479431","-0.9269807454461229","0","0.5754158122579175","0","0","14","31"
"No Chumps","Rick Dauven","2023","B","INFERRED_ADP_CARD","17","17","1","MIN","0","0","0.5779113559299318","0.03399478564293717","0","-0.5779113559299318","-0.7800621965240331","0","0.4602642971064024","0","0","14","24"
"No Chumps","Rick Dauven","2023","B","INFERRED_ADP_CARD","17","17","1","NE","0","0","0.3774218154080854","0.02220128325929914","0","-0.3774218154080854","-0.6359827404949837","0","0.20350877192982456","0","0","14","17"
"No Chumps","Rick Dauven","2023","B","INFERRED_ADP_CARD","17","17","1","NO","0","0","0.7832426917095108","0.04607309951232416","0","-0.7832426917095108","-0.9122516074288582","0","0.6962861699703804","0","0","14","29"
"No Chumps","Rick Dauven","2023","B","INFERRED_ADP_CARD","17","17","1","NYG","0","0","0.48224036025893613","0.028367080015231538","0","-0.48224036025893613","-0.7163321866387785","0","0.3645933014354067","0","0","14","20"
"No Chumps","Rick Dauven","2023","B","INFERRED_ADP_CARD","17","17","1","NYJ","0","0","0.8081523851479431","0.047538375596937826","0","-0.8081523851479431","-0.9269807454461229","0","0.5754158122579175","0","0","14","32"
"No Chumps","Rick Dauven","2023","B","INFERRED_ADP_CARD","17","17","1","PHI","0","0","0.4437066859196352","0.026100393289390306","0","-0.4437066859196352","-0.678271786944512","0","0.29792663476874004","0","0","14","19"
"No Chumps","Rick Dauven","2023","B","INFERRED_ADP_CARD","17","17","1","PIT","0","0","0.7043527791811545","0.04143251642242085","0","-0.7043527791811545","-0.8618770989370897","0","0.5304397357028936","0","0","14","27"
"No Chumps","Rick Dauven","2023","B","INFERRED_ADP_CARD","17","17","1","SEA","2","0.11764705882352941","0.8173106563199442","0.04807709743058495","2.447049949165328","1.1826893436800558","1.363084170777561","1","0.7584871269081794","1.3184139381195557","1","1","4"
"No Chumps","Rick Dauven","2023","B","INFERRED_ADP_CARD","17","17","1","SF","0","0","0.5172595520421608","0.030427032473068282","0","-0.5172595520421608","-0.7395325363920071","0","0.4303030303030303","0","0","14","22"
"No Chumps","Rick Dauven","2023","B","INFERRED_ADP_CARD","17","17","1","TB","1","0.058823529411764705","0.34290271132376393","0.02017074772492729","2.916279069767442","0.6570972886762361","1.1451183717352285","1","0.34290271132376393","2.916279069767442","0","5","6"
"No Chumps","Rick Dauven","2023","B","INFERRED_ADP_CARD","17","17","1","TEN","2","0.11764705882352941","0.29441786283891547","0.01731869781405385","6.793066088840737","1.7055821371610844","3.20656830395183","2","0.29441786283891547","6.793066088840737","0","1","1"
"No Chumps","Rick Dauven","2023","B","INFERRED_ADP_CARD","17","17","1","WAS","0","0","0.36363636363636365","0.021390374331550804","0","-0.36363636363636365","-0.6221710168382552","0","0.36363636363636365","0","0","14","16"
"No Chumps","Rick Dauven","2024","B","INFERRED_ADP_CARD","17","17","1","ARI","2","0.11764705882352941","0.3657957083869221","0.021517394610995416","5.467532707859139","1.634204291613078","2.7546412806043477","2","0.3657957083869221","5.467532707859139","0","1","1"
"No Chumps","Rick Dauven","2024","B","INFERRED_ADP_CARD","17","17","1","ATL","1","0.058823529411764705","0.4630530923531668","0.027238417197245103","2.159579574165349","0.5369469076468332","0.8012802046286753","1","0.4130530923531668","2.4209962799285485","0","2","7"
"No Chumps","Rick Dauven","2024","B","INFERRED_ADP_CARD","17","17","1","BAL","0","0","0.5959051422640402","0.035053243662590605","0","-0.5959051422640402","-0.7906658863620578","0","0.46590514226404023","0","0","17","25"
"No Chumps","Rick Dauven","2024","B","INFERRED_ADP_CARD","17","17","1","BUF","0","0","0.37912904172025547","0.022301708336485617","0","-0.37912904172025547","-0.6270654587161503","0","0.29912904172025545","0","0","17","19"
"No Chumps","Rick Dauven","2024","B","INFERRED_ADP_CARD","17","17","1","CAR","1","0.058823529411764705","0.20215934475055844","0.011891726161797555","4.946593001841621","0.7978406552494416","1.7924608868529062","1","0.20215934475055844","4.946593001841621","0","2","2"
"No Chumps","Rick Dauven","2024","B","INFERRED_ADP_CARD","17","17","1","CHI","1","0.058823529411764705","0.8512042239220199","0.050070836701295286","1.1748062003174593","0.1487957760779801","0.16602282406393662","1","0.67120422392202","1.4898595157174983","0","2","16"
"No Chumps","Rick Dauven","2024","B","INFERRED_ADP_CARD","17","17","1","CIN","1","0.058823529411764705","0.619223132290891","0.036424890134758296","1.6149267491031527","0.380776867709109","0.4971185956320078","1","0.519223132290891","1.9259542532087288","0","2","12"
"No Chumps","Rick Dauven","2024","B","INFERRED_ADP_CARD","17","17","1","CLE","0","0","0.7327728513730003","0.04310428537488237","0","-0.7327728513730003","-0.8795798496778092","0","0.6927728513730003","0","0","17","31"
"No Chumps","Rick Dauven","2024","B","INFERRED_ADP_CARD","17","17","1","DAL","0","0","0.6913978203479321","0.04067046002046659","0","-0.6913978203479321","-0.8493903056191214","0","0.601397820347932","0","0","17","29"
"No Chumps","Rick Dauven","2024","B","INFERRED_ADP_CARD","17","17","1","DEN","0","0","0.5166894559895305","0.030393497411148857","0","-0.5166894559895305","-0.7358390653016729","0","0.37668945598953046","0","0","17","22"
"No Chumps","Rick Dauven","2024","B","INFERRED_ADP_CARD","17","17","1","DET","0","0","0.8921821340734222","0.05248130200431895","0","-0.8921821340734222","-0.9735311600868831","0","0.7121821340734222","0","0","17","32"
"No Chumps","Rick Dauven","2024","B","INFERRED_ADP_CARD","17","17","1","GB","1","0.058823529411764705","0.4966741126830479","0.029216124275473404","2.013392634051272","0.5033258873169522","0.7273388815277088","1","0.4966741126830479","2.013392634051272","0","2","10"
"No Chumps","Rick Dauven","2024","B","INFERRED_ADP_CARD","17","17","1","HOU","1","0.058823529411764705","0.7975678602856563","0.04691575648739155","1.2538118068622284","0.2024321397143437","0.2325129059072405","0","0.7075678602856562","0","1","2","15"
"No Chumps","Rick Dauven","2024","B","INFERRED_ADP_CARD","17","17","1","IND","0","0","0.4452990816579796","0.026194063626939976","0","-0.4452990816579796","-0.6803471458152659","0","0.4052990816579796","0","0","17","21"
"No Chumps","Rick Dauven","2024","B","INFERRED_ADP_CARD","17","17","1","JAX","1","0.058823529411764705","0.5459051422640402","0.032112067192002366","1.8318200774821167","0.4540948577359598","0.6293979786432395","1","0.46590514226404023","2.1463596541144736","0","2","11"
"No Chumps","Rick Dauven","2024","B","INFERRED_ADP_CARD","17","17","1","KC","0","0","0.7267835465601661","0.04275197332706859","0","-0.7267835465601661","-0.8742979349698063","0","0.5967835465601661","0","0","17","30"
"No Chumps","Rick Dauven","2024","B","INFERRED_ADP_CARD","17","17","1","LV","0","0","0.6045375572553533","0.035561032779726665","0","-0.6045375572553533","-0.7971046221052052","0","0.6045375572553533","0","0","17","27"
"No Chumps","Rick Dauven","2024","B","INFERRED_ADP_CARD","17","17","1","LAC","0","0","0.36294365847604865","0.02134962696917933","0","-0.36294365847604865","-0.6126643586634649","0","0.31294365847604866","0","0","17","18"
"No Chumps","Rick Dauven","2024","B","INFERRED_ADP_CARD","17","17","1","LAR","1","0.058823529411764705","0.3827500620501365","0.022514709532360972","2.6126710330069387","0.6172499379498635","1.0117976214111133","1","0.3827500620501365","2.6126710330069387","0","2","5"
"No Chumps","Rick Dauven","2024","B","INFERRED_ADP_CARD","17","17","1","MIA","0","0","0.6707917597418714","0.03945833880834538","0","-0.6707917597418714","-0.8379323014406364","0","0.5407917597418714","0","0","17","28"
"No Chumps","Rick Dauven","2024","B","INFERRED_ADP_CARD","17","17","1","MIN","0","0","0.5742345269523229","0.03377850158543076","0","-0.5742345269523229","-0.7759586868959474","0","0.5742345269523229","0","0","17","23"
"No Chumps","Rick Dauven","2024","B","INFERRED_ADP_CARD","17","17","1","NE","0","0","0.11853832442067735","0.006972842612981021","0","-0.11853832442067735","-0.34951261964335345","0","0.11853832442067735","0","0","17","17"
"No Chumps","Rick Dauven","2024","B","INFERRED_ADP_CARD","17","17","1","NO","1","0.058823529411764705","0.37668945598953046","0.022158203293501794","2.654706639911348","0.6233105440104696","1.0322018617517672","0","0.37668945598953046","0","1","2","4"
"No Chumps","Rick Dauven","2024","B","INFERRED_ADP_CARD","17","17","1","NYG","1","0.058823529411764705","0.20215934475055844","0.011891726161797555","4.946593001841621","0.7978406552494416","1.7924608868529062","1","0.20215934475055844","4.946593001841621","0","2","3"
"No Chumps","Rick Dauven","2024","B","INFERRED_ADP_CARD","17","17","1","NYJ","1","0.058823529411764705","0.6459051422640402","0.03799442013317883","1.548214953816251","0.35409485773595983","0.4531766403767966","1","0.46590514226404023","2.1463596541144736","0","2","13"
"No Chumps","Rick Dauven","2024","B","INFERRED_ADP_CARD","17","17","1","PHI","1","0.058823529411764705","0.7336438096527448","0.04315551821486734","1.36305927596299","0.2663561903472552","0.3191181337488053","1","0.5936438096527448","1.6845117960296014","0","2","14"
"No Chumps","Rick Dauven","2024","B","INFERRED_ADP_CARD","17","17","1","PIT","1","0.058823529411764705","0.4566894559895305","0.026864085646442968","2.189671749336216","0.5433105440104695","0.8207024586752049","1","0.37668945598953046","2.654706639911348","0","2","6"
"No Chumps","Rick Dauven","2024","B","INFERRED_ADP_CARD","17","17","1","SEA","0","0","0.5880491437081161","0.03459112610047742","0","-0.5880491437081161","-0.7864200485873634","0","0.5880491437081161","0","0","17","24"
"No Chumps","Rick Dauven","2024","B","INFERRED_ADP_CARD","17","17","1","SF","0","0","0.6000227893228638","0.03529545819546258","0","-0.6000227893228638","-0.791288449428823","0","0.5100227893228637","0","0","17","26"
"No Chumps","Rick Dauven","2024","B","INFERRED_ADP_CARD","17","17","1","TB","0","0","0.416192829260588","0.024481931132975764","0","-0.416192829260588","-0.6567079710799928","0","0.416192829260588","0","0","17","20"
"No Chumps","Rick Dauven","2024","B","INFERRED_ADP_CARD","17","17","1","TEN","1","0.058823529411764705","0.4741250930752048","0.027889711357364986","2.1091480172752255","0.5258749069247952","0.7793456932655226","1","0.4741250930752048","2.1091480172752255","0","2","9"
"No Chumps","Rick Dauven","2024","B","INFERRED_ADP_CARD","17","17","1","WAS","1","0.058823529411764705","0.47098535616778353","0.02770502095104609","2.1232082630691402","0.5290146438322165","0.7863277532098225","1","0.47098535616778353","2.1232082630691402","0","2","8"
"No Chumps","Rick Dauven","2025","A","EXACT_2025","17","17","1","ARI","0","0","0.6515527900775802","0.038326634710445895","0","-0.6515527900775802","-0.8269397382807111","0","0.6060982446230347","0","0","15","24"
"No Chumps","Rick Dauven","2025","A","EXACT_2025","17","17","1","ATL","1","0.058823529411764705","0.3871853630146952","0.022775609589099716","2.5827422612616844","0.6128146369853048","1.003253676826","1","0.3871853630146952","2.5827422612616844","0","4","7"
"No Chumps","Rick Dauven","2025","A","EXACT_2025","17","17","1","BAL","0","0","0.47441798333555085","0.027906940196208874","0","-0.47441798333555085","-0.7023927622860457","0","0.3835088924264599","0","0","15","20"
"No Chumps","Rick Dauven","2025","A","EXACT_2025","17","17","1","BUF","0","0","0.7248123939733692","0.042636023174904066","0","-0.7248123939733692","-0.8761075307381622","0","0.5227921919531671","0","0","15","29"
"No Chumps","Rick Dauven","2025","A","EXACT_2025","17","17","1","CAR","1","0.058823529411764705","0.1310926815073476","0.007711334206314565","7.62819089900111","0.8689073184926523","2.414312111097519","1","0.1310926815073476","7.62819089900111","0","4","3"
"No Chumps","Rick Dauven","2025","A","EXACT_2025","17","17","1","CHI","0","0","0.4676451331296377","0.027508537242919864","0","-0.4676451331296377","-0.6979424270551445","0","0.4676451331296377","0","0","15","19"
"No Chumps","Rick Dauven","2025","A","EXACT_2025","17","17","1","CIN","0","0","0.5783477475087226","0.03402045573580721","0","-0.5783477475087226","-0.7759732576138948","0","0.5227921919531671","0","0","15","23"
"No Chumps","Rick Dauven","2025","A","EXACT_2025","17","17","1","CLE","0","0","0.3716418038188649","0.02186128257758029","0","-0.3716418038188649","-0.6190213135218708","0","0.3716418038188649","0","0","15","16"
"No Chumps","Rick Dauven","2025","A","EXACT_2025","17","17","1","DAL","0","0","0.718039543767456","0.04223762022161506","0","-0.718039543767456","-0.871526357714655","0","0.6069284326563449","0","0","15","28"
"No Chumps","Rick Dauven","2025","A","EXACT_2025","17","17","1","DEN","0","0","0.8081184466432368","0.04753637921430805","0","-0.8081184466432368","-0.9276950885009687","0","0.6060982446230347","0","0","15","30"
"No Chumps","Rick Dauven","2025","A","EXACT_2025","17","17","1","DET","0","0","0.9690379868731219","0.05700223452194835","0","-0.9690379868731219","-1.0165861018984057","0","0.7670177848529198","0","0","15","32"
"No Chumps","Rick Dauven","2025","A","EXACT_2025","17","17","1","GB","0","0","0.5094232079959479","0.02996607105858517","0","-0.5094232079959479","-0.7256867884690335","0","0.4639686625414024","0","0","15","22"
"No Chumps","Rick Dauven","2025","A","EXACT_2025","17","17","1","HOU","1","0.058823529411764705","0.6067568384178136","0.035691578730459625","1.64810668241929","0.3932431615821864","0.5174259183274187","1","0.4602921919531671","2.1725330507056397","0","4","12"
"No Chumps","Rick Dauven","2025","A","EXACT_2025","17","17","1","IND","1","0.058823529411764705","0.188414315569488","0.011083195033499294","5.307452339688041","0.811585684430512","1.8947484114395963","1","0.14295977011494254","6.9949748743718585","0","4","5"
"No Chumps","Rick Dauven","2025","A","EXACT_2025","17","17","1","JAX","0","0","0.4896973593744205","0.028805727022024736","0","-0.4896973593744205","-0.7116821401976579","0","0.4341418038188649","0","0","15","21"
"No Chumps","Rick Dauven","2025","A","EXACT_2025","17","17","1","KC","1","0.058823529411764705","0.6964033030642782","0.04096490018025166","1.4359495361378258","0.3035966969357218","0.37414481672606203","1","0.5852921919531671","1.708548334914429","0","4","13"
"No Chumps","Rick Dauven","2025","A","EXACT_2025","17","17","1","LV","1","0.058823529411764705","0.3953759810340548","0.023257410649062046","2.529238112504025","0.6046240189659452","0.9789083229615441","1","0.3953759810340548","2.529238112504025","0","4","8"
"No Chumps","Rick Dauven","2025","A","EXACT_2025","17","17","1","LAC","2","0.11764705882352941","0.3716418038188649","0.02186128257758029","5.381525919443614","1.628358196181135","2.7122579298841085","1","0.3716418038188649","2.690762959721807","1","1","1"
"No Chumps","Rick Dauven","2025","A","EXACT_2025","17","17","1","LAR","0","0","0.4014686625414024","0.023615803678906023","0","-0.4014686625414024","-0.6438130773749193","0","0.4014686625414024","0","0","15","17"
"No Chumps","Rick Dauven","2025","A","EXACT_2025","17","17","1","MIA","0","0","0.6518630731792208","0.03834488665760122","0","-0.6518630731792208","-0.8310659303410514","0","0.5407519620681096","0","0","15","25"
"No Chumps","Rick Dauven","2025","A","EXACT_2025","17","17","1","MIN","2","0.11764705882352941","0.6978375235654358","0.04104926609208446","2.865996643146205","1.3021624764345643","1.5996194038977274","2","0.6069284326563449","3.2952814407566904","0","1","6"
"No Chumps","Rick Dauven","2025","A","EXACT_2025","17","17","1","NE","2","0.11764705882352941","0.3716418038188649","0.02186128257758029","5.381525919443614","1.628358196181135","2.7122579298841085","2","0.3716418038188649","5.381525919443614","0","1","2"
"No Chumps","Rick Dauven","2025","A","EXACT_2025","17","17","1","NO","1","0.058823529411764705","0.1310926815073476","0.007711334206314565","7.62819089900111","0.8689073184926523","2.414312111097519","1","0.1310926815073476","7.62819089900111","0","4","4"
"No Chumps","Rick Dauven","2025","A","EXACT_2025","17","17","1","NYG","0","0","0.4089057312540508","0.02405327830906181","0","-0.4089057312540508","-0.6523642753149766","0","0.3634511857995053","0","0","15","18"
"No Chumps","Rick Dauven","2025","A","EXACT_2025","17","17","1","NYJ","1","0.058823529411764705","0.4170963492734104","0.02453507936902414","2.3975275778414713","0.5829036507265897","0.9172677591035497","1","0.3716418038188649","2.690762959721807","0","4","9"
"No Chumps","Rick Dauven","2025","A","EXACT_2025","17","17","1","PHI","0","0","0.7128611778295963","0.04193301046056449","0","-0.7128611778295963","-0.8686528911001645","0","0.5562955212639399","0","0","15","27"
"No Chumps","Rick Dauven","2025","A","EXACT_2025","17","17","1","PIT","1","0.058823529411764705","0.4832728198616457","0.028427812933037984","2.0692245847517063","0.5167271801383543","0.7586416289938563","0","0.43781827440710025","0","1","4","10"
"No Chumps","Rick Dauven","2025","A","EXACT_2025","17","17","1","SEA","0","0","0.6957395870534239","0.04092585806196611","0","-0.6957395870534239","-0.8602500942977023","0","0.6048304961443329","0","0","15","26"
"No Chumps","Rick Dauven","2025","A","EXACT_2025","17","17","1","SF","0","0","0.8304321004224078","0.048848947083671046","0","-0.8304321004224078","-0.9366137292138544","0","0.7849775549678624","0","0","15","31"
"No Chumps","Rick Dauven","2025","A","EXACT_2025","17","17","1","TB","1","0.058823529411764705","0.5999839882119005","0.035293175777170616","1.6667111450427958","0.40001601178809953","0.5271344375158289","1","0.5444284326563449","1.836788712743851","0","4","11"
"No Chumps","Rick Dauven","2025","A","EXACT_2025","17","17","1","TEN","0","0","0.35000556311568715","0.02058856253621689","0","-0.35000556311568715","-0.603465028171935","0","0.35000556311568715","0","0","15","15"
"No Chumps","Rick Dauven","2025","A","EXACT_2025","17","17","1","WAS","1","0.058823529411764705","0.7081942554411551","0.04165848561418559","1.4120419536262272","0.2918057445588449","0.35554362772817083","1","0.7081942554411551","1.4120419536262272","0","4","14"
"Kickers Are People Too","Lane Ewton","2025","A","EXACT_2025","17","17","1","ARI","0","0","0.7066549610336789","0.04156793888433405","0","-0.7066549610336789","-0.8622151027081754","0","0.6114168657955836","0","0","14","27"
"Kickers Are People Too","Lane Ewton","2025","A","EXACT_2025","17","17","1","ATL","0","0","0.4217444540478248","0.02480849729693087","0","-0.4217444540478248","-0.6627373044232895","0","0.4217444540478248","0","0","14","18"
"Kickers Are People Too","Lane Ewton","2025","A","EXACT_2025","17","17","1","BAL","1","0.058823529411764705","0.4571263034167859","0.02688978255392858","2.187579215034248","0.5428736965832142","0.8155489642169151","0","0.36188820817869066","0","1","4","8"
"Kickers Are People Too","Lane Ewton","2025","A","EXACT_2025","17","17","1","BUF","0","0","0.7784788144586559","0.04579287143874446","0","-0.7784788144586559","-0.9110465687574564","0","0.47689151287135423","0","0","14","29"
"Kickers Are People Too","Lane Ewton","2025","A","EXACT_2025","17","17","1","CAR","1","0.058823529411764705","0.11235955056179775","0.006609385327164574","8.9","0.8876404494382022","2.6783508393022006","1","0.11235955056179775","8.9","0","4","4"
"Kickers Are People Too","Lane Ewton","2025","A","EXACT_2025","17","17","1","CHI","2","0.11764705882352941","0.30306467876692594","0.017827334045113292","6.599251381379598","1.696935321233074","3.1227274009588553","2","0.30306467876692594","6.599251381379598","0","2","2"
"Kickers Are People Too","Lane Ewton","2025","A","EXACT_2025","17","17","1","CIN","1","0.058823529411764705","0.4762672931460109","0.028015723126235934","2.0996612918650004","0.5237327068539891","0.7734680028983228","1","0.4207117375904553","2.3769244132034575","0","4","9"
"Kickers Are People Too","Lane Ewton","2025","A","EXACT_2025","17","17","1","CLE","0","0","0.36349077228125476","0.021381810134191458","0","-0.36349077228125476","-0.6128034835222912","0","0.36349077228125476","0","0","14","16"
"Kickers Are People Too","Lane Ewton","2025","A","EXACT_2025","17","17","1","DAL","0","0","0.6478588698515995","0.0381093452853882","0","-0.6478588698515995","-0.8277472509002716","0","0.5367477587404884","0","0","14","25"
"Kickers Are People Too","Lane Ewton","2025","A","EXACT_2025","17","17","1","DEN","3","0.17647058823529413","0.7275780738685563","0.04279871022756214","4.123268839107399","2.2724219261314436","2.7486774554003737","3","0.42599077228125476","7.042406068879092","0","1","3"
"Kickers Are People Too","Lane Ewton","2025","A","EXACT_2025","17","17","1","DET","0","0","1.0253637179446828","0.06031551282027546","0","-1.0253637179446828","-1.0482036734947087","0","0.7237764163573813","0","0","14","32"
"Kickers Are People Too","Lane Ewton","2025","A","EXACT_2025","17","17","1","GB","1","0.058823529411764705","0.4180679834595895","0.024592234321152324","2.391955470315655","0.5819320165404105","0.9139482927195552","0","0.4180679834595895","0","1","4","6"
"Kickers Are People Too","Lane Ewton","2025","A","EXACT_2025","17","17","1","HOU","1","0.058823529411764705","0.6577795047722345","0.038692912045425555","1.520266278813695","0.34222049522776554","0.43411824616143807","1","0.4117477587404884","2.4286713862364175","0","4","12"
"Kickers Are People Too","Lane Ewton","2025","A","EXACT_2025","17","17","1","IND","0","0","0.27641787051899414","0.01625987473641142","0","-0.27641787051899414","-0.538550075151047","0","0.18117977528089887","0","0","14","15"
"Kickers Are People Too","Lane Ewton","2025","A","EXACT_2025","17","17","1","JAX","0","0","0.4815463278368103","0.028326254578635898","0","-0.4815463278368103","-0.7062837006326509","0","0.42599077228125476","0","0","14","20"
"Kickers Are People Too","Lane Ewton","2025","A","EXACT_2025","17","17","1","KC","1","0.058823529411764705","0.6511268437078087","0.03830157904163581","1.5357990684358072","0.3488731562921913","0.44309777402549166","0","0.5955712881522531","0","1","4","11"
"Kickers Are People Too","Lane Ewton","2025","A","EXACT_2025","17","17","1","LV","0","0","0.42438820817869066","0.02496401224580533","0","-0.42438820817869066","-0.6635657222871612","0","0.42438820817869066","0","0","14","19"
"Kickers Are People Too","Lane Ewton","2025","A","EXACT_2025","17","17","1","LAC","0","0","0.522831431621914","0.030754790095406707","0","-0.522831431621914","-0.738736639927922","0","0.42759333638381886","0","0","14","22"
"Kickers Are People Too","Lane Ewton","2025","A","EXACT_2025","17","17","1","LAR","2","0.11764705882352941","0.23528564407612657","0.013840332004478033","8.500306118774084","1.7647143559238734","3.6780148482494237","2","0.23528564407612657","8.500306118774084","0","2","1"
"Kickers Are People Too","Lane Ewton","2025","A","EXACT_2025","17","17","1","MIA","1","0.058823529411764705","0.5255026239824654","0.030911919057792083","1.9029400698736898","0.4744973760175346","0.6728813748619629","1","0.41439151287135423","2.4131768362506136","0","4","10"
"Kickers Are People Too","Lane Ewton","2025","A","EXACT_2025","17","17","1","MIN","0","0","0.8475062886001419","0.049853311094125996","0","-0.8475062886001419","-0.9495334997007093","0","0.6570300981239514","0","0","14","31"
"Kickers Are People Too","Lane Ewton","2025","A","EXACT_2025","17","17","1","NE","0","0","0.49009333638381886","0.02882901978728346","0","-0.49009333638381886","-0.7143155815309286","0","0.49009333638381886","0","0","14","21"
"Kickers Are People Too","Lane Ewton","2025","A","EXACT_2025","17","17","1","NO","0","0","0.17646211466436185","0.010380124392021284","0","-0.17646211466436185","-0.4241150522769022","0","0.17646211466436185","0","0","14","14"
"Kickers Are People Too","Lane Ewton","2025","A","EXACT_2025","17","17","1","NYG","1","0.058823529411764705","0.39990533810758533","0.023523843418093254","2.500591776874389","0.6000946618924147","0.9665768969770925","1","0.3046672428694901","3.282269503546099","0","4","5"
"Kickers Are People Too","Lane Ewton","2025","A","EXACT_2025","17","17","1","NYJ","1","0.058823529411764705","0.45344983282855056","0.026673519578150034","2.2053156217131082","0.5465501671714494","0.8275536319151025","1","0.3582117375904553","2.791644982731703","0","4","7"
"Kickers Are People Too","Lane Ewton","2025","A","EXACT_2025","17","17","1","PHI","0","0","0.6789944009871306","0.039940847116890034","0","-0.6789944009871306","-0.8476514203677479","0","0.4726451946379243","0","0","14","26"
"Kickers Are People Too","Lane Ewton","2025","A","EXACT_2025","17","17","1","PIT","0","0","0.5804608936631409","0.03414475845077299","0","-0.5804608936631409","-0.7790856824167072","0","0.4296672428694901","0","0","14","23"
"Kickers Are People Too","Lane Ewton","2025","A","EXACT_2025","17","17","1","SEA","1","0.058823529411764705","0.6716055480100424","0.03950620870647308","1.4889692364260327","0.32839445198995765","0.4136672183318872","1","0.4811293575338519","2.078443113772455","0","4","13"
"Kickers Are People Too","Lane Ewton","2025","A","EXACT_2025","17","17","1","SF","0","0","0.8126942868763755","0.047805546286845614","0","-0.8126942868763755","-0.9259373598416145","0","0.7174561916382802","0","0","14","30"
"Kickers Are People Too","Lane Ewton","2025","A","EXACT_2025","17","17","1","TB","0","0","0.5859830895769429","0.03446959350452605","0","-0.5859830895769429","-0.7829512779355419","0","0.5304275340213873","0","0","14","24"
"Kickers Are People Too","Lane Ewton","2025","A","EXACT_2025","17","17","1","TEN","0","0","0.36613452641212063","0.021537325083065918","0","-0.36613452641212063","-0.6178340263454523","0","0.36613452641212063","0","0","14","17"
"Kickers Are People Too","Lane Ewton","2025","A","EXACT_2025","17","17","1","WAS","0","0","0.7237764163573813","0.04257508331514008","0","-0.7237764163573813","-0.873991928626899","0","0.7237764163573813","0","0","14","28"
"Jerry-Rigged","Andrew Morales","2023","B","INFERRED_ADP_CARD","17","17","1","ARI","0","0","0.6061502830674215","0.03565589900396597","0","-0.6061502830674215","-0.7969471342230046","0","0.6061502830674215","0","0","15","26"
"Jerry-Rigged","Andrew Morales","2023","B","INFERRED_ADP_CARD","17","17","1","ATL","1","0.058823529411764705","0.518918375378973","0.030524610316410176","1.927085351852662","0.481081624621027","0.6846806600951513","1","0.4600948459672083","2.1734649035196356","0","4","8"
"Jerry-Rigged","Andrew Morales","2023","B","INFERRED_ADP_CARD","17","17","1","BAL","1","0.058823529411764705","0.5088946026171662","0.02993497662453919","1.965043438969788","0.49110539738283376","0.7101368638369144","1","0.3667377398720682","2.726744186046512","0","4","6"
"Jerry-Rigged","Andrew Morales","2023","B","INFERRED_ADP_CARD","17","17","1","BUF","1","0.058823529411764705","0.612839165516953","0.036049362677467826","1.6317494968789439","0.38716083448304695","0.5077557149935786","1","0.47068230277185497","2.124575311438279","0","4","11"
"Jerry-Rigged","Andrew Morales","2023","B","INFERRED_ADP_CARD","17","17","1","CAR","0","0","0.16391257995735606","0.009641916468079768","0","-0.16391257995735606","-0.4082478407231709","0","0.16391257995735606","0","0","15","15"
"Jerry-Rigged","Andrew Morales","2023","B","INFERRED_ADP_CARD","17","17","1","CHI","1","0.058823529411764705","0.5136662745386368","0.030215663208155105","1.946789286289385","0.4863337254613632","0.6972677064686235","1","0.5136662745386368","1.946789286289385","0","4","7"
"Jerry-Rigged","Andrew Morales","2023","B","INFERRED_ADP_CARD","17","17","1","CIN","0","0","0.6887833362887099","0.04051666684051235","0","-0.6887833362887099","-0.8523237659385139","0","0.5882931402102786","0","0","15","29"
"Jerry-Rigged","Andrew Morales","2023","B","INFERRED_ADP_CARD","17","17","1","CLE","0","0","0.5828370462956155","0.034284532135036204","0","-0.5828370462956155","-0.7826101720260047","0","0.49950371296228213","0","0","15","24"
"Jerry-Rigged","Andrew Morales","2023","B","INFERRED_ADP_CARD","17","17","1","DAL","1","0.058823529411764705","0.6904241109722323","0.04061318299836661","1.448385107223201","0.30957588902776767","0.38149108899179285","1","0.6487574443055657","1.5414081314633803","0","4","14"
"Jerry-Rigged","Andrew Morales","2023","B","INFERRED_ADP_CARD","17","17","1","DEN","0","0","0.7082812538293752","0.04166360316643384","0","-0.7082812538293752","-0.8614208762318921","0","0.6666145871627086","0","0","15","31"
"Jerry-Rigged","Andrew Morales","2023","B","INFERRED_ADP_CARD","17","17","1","DET","2","0.11764705882352941","0.47068230277185497","0.027687194280697353","4.249150622876558","1.529317697228145","2.2806711468012715","2","0.47068230277185497","4.249150622876558","0","1","1"
"Jerry-Rigged","Andrew Morales","2023","B","INFERRED_ADP_CARD","17","17","1","GB","0","0","0.42581734186211795","0.02504807893306576","0","-0.42581734186211795","-0.670425067166182","0","0.34248400852878463","0","0","15","21"
"Jerry-Rigged","Andrew Morales","2023","B","INFERRED_ADP_CARD","17","17","1","HOU","1","0.058823529411764705","0.20689655172413793","0.012170385395537525","4.833333333333333","0.7931034482758621","1.8070506630322882","1","0.20689655172413793","4.833333333333333","0","4","3"
"Jerry-Rigged","Andrew Morales","2023","B","INFERRED_ADP_CARD","17","17","1","IND","0","0","0.39925373134328357","0.023485513608428446","0","-0.39925373134328357","-0.6427300049395541","0","0.39925373134328357","0","0","15","20"
"Jerry-Rigged","Andrew Morales","2023","B","INFERRED_ADP_CARD","17","17","1","JAX","1","0.058823529411764705","0.6491704762193091","0.03818649860113583","1.5404274171922911","0.3508295237806909","0.4488166393738329","1","0.5315234173957797","1.8813846526264828","0","4","12"
"Jerry-Rigged","Andrew Morales","2023","B","INFERRED_ADP_CARD","17","17","1","KC","1","0.058823529411764705","0.6915374229980207","0.04067867194106004","1.4460533396221742","0.3084625770019793","0.38218916041501433","1","0.5493805602529226","1.8202318617528481","0","4","13"
"Jerry-Rigged","Andrew Morales","2023","B","INFERRED_ADP_CARD","17","17","1","LV","0","0","0.6798728755526915","0.039992522091334796","0","-0.6798728755526915","-0.8485665982723786","0","0.5205591500624954","0","0","15","28"
"Jerry-Rigged","Andrew Morales","2023","B","INFERRED_ADP_CARD","17","17","1","LAC","0","0","0.38139658848614066","0.022435093440361216","0","-0.38139658848614066","-0.6311686841259754","0","0.38139658848614066","0","0","15","17"
"Jerry-Rigged","Andrew Morales","2023","B","INFERRED_ADP_CARD","17","17","1","LAR","0","0","0.6061502830674215","0.03565589900396597","0","-0.6061502830674215","-0.7969471342230046","0","0.6061502830674215","0","0","15","27"
"Jerry-Rigged","Andrew Morales","2023","B","INFERRED_ADP_CARD","17","17","1","MIA","2","0.11764705882352941","0.577569087336427","0.03397465219626041","3.462789203666339","1.422430912663573","1.9211975066457783","1","0.4770788912579957","2.0960893854748606","1","1","2"
"Jerry-Rigged","Andrew Morales","2023","B","INFERRED_ADP_CARD","17","17","1","MIN","1","0.058823529411764705","0.5615255366171172","0.033030913918653954","1.78086290789988","0.43847446338288276","0.5960735124044372","0","0.5027020072053525","0","1","4","9"
"Jerry-Rigged","Andrew Morales","2023","B","INFERRED_ADP_CARD","17","17","1","NE","0","0","0.3795155993431855","0.022324447020187384","0","-0.3795155993431855","-0.6354380002115503","0","0.2961822660098522","0","0","15","18"
"Jerry-Rigged","Andrew Morales","2023","B","INFERRED_ADP_CARD","17","17","1","NO","0","0","0.765547263681592","0.04503219198127012","0","-0.765547263681592","-0.9034162595319923","0","0.7238805970149254","0","0","15","32"
"Jerry-Rigged","Andrew Morales","2023","B","INFERRED_ADP_CARD","17","17","1","NYG","0","0","0.5777419047907377","0.03398481792886693","0","-0.5777419047907377","-0.7846532139932966","0","0.4600948459672083","0","0","15","25"
"Jerry-Rigged","Andrew Morales","2023","B","INFERRED_ADP_CARD","17","17","1","NYJ","0","0","0.6906643254316652","0.04062731326068619","0","-0.6906643254316652","-0.8543601530215742","0","0.5485074626865671","0","0","15","30"
"Jerry-Rigged","Andrew Morales","2023","B","INFERRED_ADP_CARD","17","17","1","PHI","1","0.058823529411764705","0.35368849032150174","0.020805205313029512","2.827346739756793","0.6463115096784983","1.1067873825612313","1","0.25319829424307033","3.9494736842105267","0","4","5"
"Jerry-Rigged","Andrew Morales","2023","B","INFERRED_ADP_CARD","17","17","1","PIT","1","0.058823529411764705","0.5860353405386859","0.03447266709051094","1.7063817330210773","0.4139646594613141","0.5521296835764352","1","0.5027020072053525","1.9892500639877144","0","4","10"
"Jerry-Rigged","Andrew Morales","2023","B","INFERRED_ADP_CARD","17","17","1","SEA","2","0.11764705882352941","0.737583092938668","0.043387240761098116","2.711558899800196","1.262416907061332","1.520499516469053","2","0.6199360341151385","3.2261392949269134","0","1","4"
"Jerry-Rigged","Andrew Morales","2023","B","INFERRED_ADP_CARD","17","17","1","SF","0","0","0.4436224052153028","0.026095435600900163","0","-0.4436224052153028","-0.6841189540709446","0","0.4019557385486361","0","0","15","22"
"Jerry-Rigged","Andrew Morales","2023","B","INFERRED_ADP_CARD","17","17","1","TB","0","0","0.38779317697228144","0.022811363351310673","0","-0.38779317697228144","-0.6389305381734098","0","0.38779317697228144","0","0","15","19"
"Jerry-Rigged","Andrew Morales","2023","B","INFERRED_ADP_CARD","17","17","1","TEN","0","0","0.5347217116388501","0.031454218331697065","0","-0.5347217116388501","-0.7490391973881352","0","0.5347217116388501","0","0","15","23"
"Jerry-Rigged","Andrew Morales","2023","B","INFERRED_ADP_CARD","17","17","1","WAS","0","0","0.29850746268656714","0.017559262510974536","0","-0.29850746268656714","-0.563436169819011","0","0.29850746268656714","0","0","15","16"
"Jerry-Rigged","Andrew Morales","2024","B","INFERRED_ADP_CARD","17","17","1","ARI","1","0.058823529411764705","0.5329246763820552","0.031348510375415015","1.8764377862718769","0.4670753236179448","0.6559112430799682","1","0.5329246763820552","1.8764377862718769","0","4","7"
"Jerry-Rigged","Andrew Morales","2024","B","INFERRED_ADP_CARD","17","17","1","ATL","0","0","0.5523560404116319","0.032491531788919524","0","-0.5523560404116319","-0.756640135319728","0","0.5023560404116318","0","0","15","27"
"Jerry-Rigged","Andrew Morales","2024","B","INFERRED_ADP_CARD","17","17","1","BAL","0","0","0.6629246763820552","0.038995569198944424","0","-0.6629246763820552","-0.8364100082145572","0","0.5329246763820552","0","0","15","29"
"Jerry-Rigged","Andrew Morales","2024","B","INFERRED_ADP_CARD","17","17","1","BUF","0","0","0.4360145769969977","0.02564791629394104","0","-0.4360145769969977","-0.6729341120428273","0","0.3560145769969977","0","0","15","21"
"Jerry-Rigged","Andrew Morales","2024","B","INFERRED_ADP_CARD","17","17","1","CAR","0","0","0.26574444848926104","0.015632026381721238","0","-0.26574444848926104","-0.522565588720624","0","0.26574444848926104","0","0","15","16"
"Jerry-Rigged","Andrew Morales","2024","B","INFERRED_ADP_CARD","17","17","1","CHI","0","0","0.9254716973746531","0.05443951161027371","0","-0.9254716973746531","-0.99307194874083","0","0.7454716973746531","0","0","15","32"
"Jerry-Rigged","Andrew Morales","2024","B","INFERRED_ADP_CARD","17","17","1","CIN","1","0.058823529411764705","0.5055818468632447","0.029740108639014395","1.9779191167646708","0.4944181531367553","0.7123231282141099","1","0.4055818468632447","2.4655935854475826","0","4","6"
"Jerry-Rigged","Andrew Morales","2024","B","INFERRED_ADP_CARD","17","17","1","CLE","0","0","0.7650372840752964","0.045002193180899784","0","-0.7650372840752964","-0.9000961874674911","0","0.7250372840752963","0","0","15","31"
"Jerry-Rigged","Andrew Morales","2024","B","INFERRED_ADP_CARD","17","17","1","DAL","2","0.11764705882352941","0.5923560404116319","0.034844472965390116","3.3763477766010244","1.407643959588368","1.862319959051742","2","0.5023560404116318","3.9812400749898313","0","1","2"
"Jerry-Rigged","Andrew Morales","2024","B","INFERRED_ADP_CARD","17","17","1","DEN","0","0","0.5992928355860353","0.035252519740355016","0","-0.5992928355860353","-0.7951284455892643","0","0.45929283558603523","0","0","15","28"
"Jerry-Rigged","Andrew Morales","2024","B","INFERRED_ADP_CARD","17","17","1","DET","2","0.11764705882352941","0.8388317264973323","0.04934304273513719","2.3842684257441","1.1611682735026676","1.3050361012162772","2","0.6588317264973323","3.0356765158122636","0","1","4"
"Jerry-Rigged","Andrew Morales","2024","B","INFERRED_ADP_CARD","17","17","1","GB","0","0","0.4722485135299114","0.027779324325288905","0","-0.4722485135299114","-0.7026104203666219","0","0.4722485135299114","0","0","15","22"
"Jerry-Rigged","Andrew Morales","2024","B","INFERRED_ADP_CARD","17","17","1","HOU","1","0.058823529411764705","0.6854192452372285","0.04031877913160168","1.4589610766675989","0.3145807547627715","0.3910661126784826","1","0.5454192452372285","1.8334519889650263","0","4","12"
"Jerry-Rigged","Andrew Morales","2024","B","INFERRED_ADP_CARD","17","17","1","IND","0","0","0.37937628928528094","0.022316252310898878","0","-0.37937628928528094","-0.628441554048801","0","0.33937628928528096","0","0","15","19"
"Jerry-Rigged","Andrew Morales","2024","B","INFERRED_ADP_CARD","17","17","1","JAX","0","0","0.6860954080893721","0.04035855341702189","0","-0.6860954080893721","-0.851391280360953","0","0.6060954080893721","0","0","15","30"
"Jerry-Rigged","Andrew Morales","2024","B","INFERRED_ADP_CARD","17","17","1","KC","1","0.058823529411764705","0.5726545478743184","0.03368556163966579","1.7462534851281266","0.42734545212568165","0.576500585136145","1","0.44265454787431835","2.259097991429486","0","4","11"
"Jerry-Rigged","Andrew Morales","2024","B","INFERRED_ADP_CARD","17","17","1","LV","1","0.058823529411764705","0.5324635672933522","0.031321386311373656","1.8780627660278326","0.4675364327066478","0.6557233429050753","1","0.5324635672933522","1.8780627660278326","0","4","8"
"Jerry-Rigged","Andrew Morales","2024","B","INFERRED_ADP_CARD","17","17","1","LAC","0","0","0.36894187598592404","0.021702463293289648","0","-0.36894187598592404","-0.6189500854146415","0","0.31894187598592405","0","0","15","18"
"Jerry-Rigged","Andrew Morales","2024","B","INFERRED_ADP_CARD","17","17","1","LAR","0","0","0.4055818468632447","0.023857755697837924","0","-0.4055818468632447","-0.647986580152008","0","0.4055818468632447","0","0","15","20"
"Jerry-Rigged","Andrew Morales","2024","B","INFERRED_ADP_CARD","17","17","1","MIA","1","0.058823529411764705","0.5552833394005582","0.03266372584709166","1.8008824127147849","0.4447166605994418","0.6091948577470762","0","0.46528333940055816","0","1","4","10"
"Jerry-Rigged","Andrew Morales","2024","B","INFERRED_ADP_CARD","17","17","1","MIN","0","0","0.5088601054522823","0.02993294737954602","0","-0.5088601054522823","-0.7285081022160049","0","0.5088601054522823","0","0","15","25"
"Jerry-Rigged","Andrew Morales","2024","B","INFERRED_ADP_CARD","17","17","1","NE","0","0","0.21617717862301394","0.012716304624883172","0","-0.21617717862301394","-0.47230983750885097","0","0.21617717862301394","0","0","15","15"
"Jerry-Rigged","Andrew Morales","2024","B","INFERRED_ADP_CARD","17","17","1","NO","0","0","0.4992928355860352","0.029370166799178542","0","-0.4992928355860352","-0.7221186427333405","0","0.45929283558603523","0","0","15","24"
"Jerry-Rigged","Andrew Morales","2024","B","INFERRED_ADP_CARD","17","17","1","NYG","0","0","0.26574444848926104","0.015632026381721238","0","-0.26574444848926104","-0.522565588720624","0","0.26574444848926104","0","0","15","17"
"Jerry-Rigged","Andrew Morales","2024","B","INFERRED_ADP_CARD","17","17","1","NYJ","1","0.058823529411764705","0.6994554372120514","0.041144437483061846","1.429683646446276","0.3005445627879486","0.3707255442952867","1","0.5194554372120515","1.9250929499690292","0","4","13"
"Jerry-Rigged","Andrew Morales","2024","B","INFERRED_ADP_CARD","17","17","1","PHI","1","0.058823529411764705","0.7090227070782985","0.04170721806342932","1.4103920650450599","0.2909772929217015","0.35447708025173186","1","0.5690227070782985","1.7573991117763923","0","4","14"
"Jerry-Rigged","Andrew Morales","2024","B","INFERRED_ADP_CARD","17","17","1","PIT","1","0.058823529411764705","0.5392928355860352","0.03172310797564913","1.8542801498805865","0.46070716441396475","0.6430593612897809","1","0.45929283558603523","2.177260175905093","0","4","9"
"Jerry-Rigged","Andrew Morales","2024","B","INFERRED_ADP_CARD","17","17","1","SEA","1","0.058823529411764705","0.39861667273389145","0.02344803957258185","2.5086757990867583","0.6013833272661085","0.9722951551601138","1","0.39861667273389145","2.5086757990867583","0","4","5"
"Jerry-Rigged","Andrew Morales","2024","B","INFERRED_ADP_CARD","17","17","1","SF","2","0.11764705882352941","0.5594554372120515","0.03290914336541479","3.5749049289191843","1.4405445627879485","1.9749745767252576","1","0.5194554372120515","1.9250929499690292","1","1","1"
"Jerry-Rigged","Andrew Morales","2024","B","INFERRED_ADP_CARD","17","17","1","TB","1","0.058823529411764705","0.27921368765926463","0.016424334568192037","3.5814863102998697","0.7207863123407354","1.3864052257499342","1","0.27921368765926463","3.5814863102998697","0","4","3"
"Jerry-Rigged","Andrew Morales","2024","B","INFERRED_ADP_CARD","17","17","1","TEN","0","0","0.4717874044412086","0.027752200261247563","0","-0.4717874044412086","-0.703697555486422","0","0.4717874044412086","0","0","15","23"
"Jerry-Rigged","Andrew Morales","2024","B","INFERRED_ADP_CARD","17","17","1","WAS","0","0","0.5184807668972212","0.030498868641013012","0","-0.5184807668972212","-0.7393560340754218","0","0.5184807668972212","0","0","15","26"
"Jerry-Rigged","Andrew Morales","2025","A","EXACT_2025","17","17","1","ARI","0","0","0.6241481159059818","0.03671459505329305","0","-0.6241481159059818","-0.8087952742367064","0","0.5786935704514364","0","0","17","26"
"Jerry-Rigged","Andrew Morales","2025","A","EXACT_2025","17","17","1","ATL","1","0.058823529411764705","0.386046511627907","0.02270861833105335","2.5903614457831323","0.613953488372093","1.0065726350319213","1","0.386046511627907","2.5903614457831323","0","2","8"
"Jerry-Rigged","Andrew Morales","2025","A","EXACT_2025","17","17","1","BAL","1","0.058823529411764705","0.38025587613480916","0.022367992713812304","2.62980814435982","0.6197441238651908","1.0253141693544028","1","0.2893467852257182","3.456060516517936","0","2","6"
"Jerry-Rigged","Andrew Morales","2025","A","EXACT_2025","17","17","1","BUF","1","0.058823529411764705","0.6432137724716384","0.03783610426303755","1.5546930784105586","0.35678622752836164","0.4577462335816273","1","0.44119357045143637","2.266578814774621","0","2","11"
"Jerry-Rigged","Andrew Morales","2025","A","EXACT_2025","17","17","1","CAR","0","0","0.22354651162790698","0.013149794801641588","0","-0.22354651162790698","-0.4779613464187932","0","0.22354651162790698","0","0","17","17"
"Jerry-Rigged","Andrew Morales","2025","A","EXACT_2025","17","17","1","CHI","1","0.058823529411764705","0.4415697674418605","0.02597469220246238","2.2646477946017116","0.5584302325581395","0.8580542994368302","1","0.4415697674418605","2.2646477946017116","0","2","9"
"Jerry-Rigged","Andrew Morales","2025","A","EXACT_2025","17","17","1","CIN","0","0","0.5897723818209455","0.03469249304829091","0","-0.5897723818209455","-0.7837879221145923","0","0.5342168262653899","0","0","17","25"
"Jerry-Rigged","Andrew Morales","2025","A","EXACT_2025","17","17","1","CLE","0","0","0.3573700410396717","0.02102176711998069","0","-0.3573700410396717","-0.6065886235117744","0","0.3573700410396717","0","0","17","20"
"Jerry-Rigged","Andrew Morales","2025","A","EXACT_2025","17","17","1","DAL","1","0.058823529411764705","0.6832041343669251","0.04018847849217206","1.4636913767019668","0.31679586563307494","0.39480471558386226","1","0.5720930232558139","1.7479674796747968","0","2","13"
"Jerry-Rigged","Andrew Morales","2025","A","EXACT_2025","17","17","1","DEN","0","0","0.7807137724716385","0.045924339557155205","0","-0.7807137724716385","-0.9115463170063144","0","0.5786935704514364","0","0","17","30"
"Jerry-Rigged","Andrew Morales","2025","A","EXACT_2025","17","17","1","DET","2","0.11764705882352941","0.8454367546877807","0.04973157380516357","2.3656411776639623","1.1545632453122194","1.2938065745662346","2","0.6434165526675787","3.1084061976772","0","1","3"
"Jerry-Rigged","Andrew Morales","2025","A","EXACT_2025","17","17","1","GB","1","0.058823529411764705","0.45834784230817066","0.02696163778283357","2.181749116487929","0.5416521576918294","0.8138553586018711","1","0.4128932968536252","2.421933239459952","0","2","10"
"Jerry-Rigged","Andrew Morales","2025","A","EXACT_2025","17","17","1","HOU","1","0.058823529411764705","0.6556491729884343","0.03856759841108437","1.5252059198702599","0.3443508270115657","0.43687432299163875","0","0.5647400820793433","0","1","2","12"
"Jerry-Rigged","Andrew Morales","2025","A","EXACT_2025","17","17","1","IND","0","0","0.26347780126849896","0.015498694192264644","0","-0.26347780126849896","-0.5243222322886866","0","0.2180232558139535","0","0","17","19"
"Jerry-Rigged","Andrew Morales","2025","A","EXACT_2025","17","17","1","JAX","1","0.058823529411764705","0.3824023407812738","0.022494255340074928","2.615046754046883","0.6175976592187262","1.0148687010244917","1","0.3268467852257182","3.0595375117714765","0","2","7"
"Jerry-Rigged","Andrew Morales","2025","A","EXACT_2025","17","17","1","KC","0","0","0.8008511931904545","0.047108893717085557","0","-0.8008511931904545","-0.921925933606189","0","0.6897400820793433","0","0","17","31"
"Jerry-Rigged","Andrew Morales","2025","A","EXACT_2025","17","17","1","LV","0","0","0.4448700410396717","0.0261688259435101","0","-0.4448700410396717","-0.6791111484370351","0","0.4448700410396717","0","0","17","22"
"Jerry-Rigged","Andrew Morales","2025","A","EXACT_2025","17","17","1","LAC","1","0.058823529411764705","0.3473013306802637","0.020429490040015513","2.8793439922654107","0.6526986693197363","1.1278204164750847","1","0.30184678522571823","3.3129390437344206","0","2","4"
"Jerry-Rigged","Andrew Morales","2025","A","EXACT_2025","17","17","1","LAR","0","0","0.4128932968536252","0.02428784099138972","0","-0.4128932968536252","-0.6532065411741655","0","0.4128932968536252","0","0","17","21"
"Jerry-Rigged","Andrew Morales","2025","A","EXACT_2025","17","17","1","MIA","0","0","0.6758511931904545","0.039755952540614974","0","-0.6758511931904545","-0.8465329774069027","0","0.5647400820793433","0","0","17","27"
"Jerry-Rigged","Andrew Morales","2025","A","EXACT_2025","17","17","1","MIN","0","0","0.8523488993906231","0.050138170552389595","0","-0.8523488993906231","-0.9510066170927114","0","0.7614398084815321","0","0","17","32"
"Jerry-Rigged","Andrew Morales","2025","A","EXACT_2025","17","17","1","NE","1","0.058823529411764705","0.36434678522571823","0.021432163836806954","2.7446379124231473","0.6356532147742817","1.0712686701217322","1","0.36434678522571823","2.7446379124231473","0","2","5"
"Jerry-Rigged","Andrew Morales","2025","A","EXACT_2025","17","17","1","NO","0","0","0.22354651162790698","0.013149794801641588","0","-0.22354651162790698","-0.4779613464187932","0","0.22354651162790698","0","0","17","18"
"Jerry-Rigged","Andrew Morales","2025","A","EXACT_2025","17","17","1","NYG","1","0.058823529411764705","0.288477801268499","0.016969282427558765","3.4664712348845725","0.711522198731501","1.3498915203104462","1","0.2430232558139535","4.114832535885167","0","2","2"
"Jerry-Rigged","Andrew Morales","2025","A","EXACT_2025","17","17","1","NYJ","0","0","0.4616481159059818","0.027155771523881284","0","-0.4616481159059818","-0.6927280501520684","0","0.41619357045143635","0","0","17","23"
"Jerry-Rigged","Andrew Morales","2025","A","EXACT_2025","17","17","1","PHI","1","0.058823529411764705","0.7045276637786897","0.04144280375168763","1.4193906803269627","0.2954723362213103","0.36236848804932914","0","0.5934165526675786","0","1","2","14"
"Jerry-Rigged","Andrew Morales","2025","A","EXACT_2025","17","17","1","PIT","0","0","0.5245566126380079","0.030856271331647523","0","-0.5245566126380079","-0.7395855976503446","0","0.42354651162790696","0","0","17","24"
"Jerry-Rigged","Andrew Morales","2025","A","EXACT_2025","17","17","1","SEA","0","0","0.7060253699788585","0.041530904116403436","0","-0.7060253699788585","-0.8669453892828828","0","0.6151162790697675","0","0","17","28"
"Jerry-Rigged","Andrew Morales","2025","A","EXACT_2025","17","17","1","SF","1","0.058823529411764705","0.7476946275338888","0.04398203691375817","1.3374444100237641","0.2523053724661112","0.2990213953142003","1","0.7022400820793434","1.4240144154674068","0","2","16"
"Jerry-Rigged","Andrew Morales","2025","A","EXACT_2025","17","17","1","TB","0","0","0.7169953640370877","0.042176197884534576","0","-0.7169953640370877","-0.8686488757299621","0","0.6614398084815322","0","0","17","29"
"Jerry-Rigged","Andrew Morales","2025","A","EXACT_2025","17","17","1","TEN","1","0.058823529411764705","0.28567031463748294","0.016804136155146056","3.5005387286005023","0.7143296853625171","1.360212917837832","1","0.28567031463748294","3.5005387286005023","0","2","1"
"Jerry-Rigged","Andrew Morales","2025","A","EXACT_2025","17","17","1","WAS","1","0.058823529411764705","0.7272400820793433","0.042778828357608434","1.375061722589292","0.2727599179206567","0.3281309968981567","1","0.7272400820793433","1.375061722589292","0","2","15"
"Cam + Guy","Guy/Cam","2021","B","INFERRED_ADP_CARD","17","17","1","ARI","0","0","0.30552518711630644","0.017972069830370967","0","-0.30552518711630644","-0.5666003223606523","0","0.21461609620721553","0","0","14","16"
"Cam + Guy","Guy/Cam","2021","B","INFERRED_ADP_CARD","17","17","1","ATL","2","0.11764705882352941","0.3177257525083612","0.01868975014755066","6.294736842105263","1.6822742474916388","3.0457731080753425","2","0.3177257525083612","6.294736842105263","0","2","1"
"Cam + Guy","Guy/Cam","2021","B","INFERRED_ADP_CARD","17","17","1","BAL","3","0.17647058823529413","0.8499359567352167","0.0499962327491304","3.5296777083342055","2.1500640432647833","2.4241785611584663","1","0.8499359567352167","1.1765592361114017","2","1","2"
"Cam + Guy","Guy/Cam","2021","B","INFERRED_ADP_CARD","17","17","1","BUF","1","0.058823529411764705","0.7019974706144919","0.041293968859676","1.4245065571598887","0.2980025293855081","0.36727022205388515","1","0.486088379705401","2.057239057239057","0","4","11"
"Cam + Guy","Guy/Cam","2021","B","INFERRED_ADP_CARD","17","17","1","CAR","0","0","0.34615384615384615","0.020361990950226245","0","-0.34615384615384615","-0.6060915267313265","0","0.34615384615384615","0","0","14","18"
"Cam + Guy","Guy/Cam","2021","B","INFERRED_ADP_CARD","17","17","1","CHI","1","0.058823529411764705","0.4453853269764463","0.02619913688096743","2.245246844543857","0.5546146730235537","0.845766949787436","1","0.4453853269764463","2.245246844543857","0","4","5"
"Cam + Guy","Guy/Cam","2021","B","INFERRED_ADP_CARD","17","17","1","CIN","0","0","0.8038141322137622","0.047283184247868364","0","-0.8038141322137622","-0.9259045755687492","0","0.8038141322137622","0","0","14","31"
"Cam + Guy","Guy/Cam","2021","B","INFERRED_ADP_CARD","17","17","1","CLE","1","0.058823529411764705","0.9543386077382378","0.05613756516107281","1.0478461123667404","0.045661392261762246","0.04831059333800363","1","0.7384295168291468","1.3542253894373695","0","4","13"
"Cam + Guy","Guy/Cam","2021","B","INFERRED_ADP_CARD","17","17","1","DAL","1","0.058823529411764705","0.5241128552298765","0.030830167954698617","1.9079860187008748","0.4758871447701235","0.6737755661649543","1","0.37070376432078556","2.6975717439293603","0","4","7"
"Cam + Guy","Guy/Cam","2021","B","INFERRED_ADP_CARD","17","17","1","DEN","0","0","0.6118378961464068","0.0359904644792004","0","-0.6118378961464068","-0.80471884693378","0","0.4584288052373159","0","0","14","28"
"Cam + Guy","Guy/Cam","2021","B","INFERRED_ADP_CARD","17","17","1","DET","0","0","0.6106382978723404","0.03591989987484355","0","-0.6106382978723404","-0.818062318463684","0","0.6106382978723404","0","0","14","30"
"Cam + Guy","Guy/Cam","2021","B","INFERRED_ADP_CARD","17","17","1","GB","0","0","0.9570171849427169","0.056295128526042175","0","-0.9570171849427169","-1.0140588190340252","0","0.8945171849427169","0","0","14","32"
"Cam + Guy","Guy/Cam","2021","B","INFERRED_ADP_CARD","17","17","1","HOU","0","0","0.37070376432078556","0.02180610378357562","0","-0.37070376432078556","-0.6198919327389567","0","0.37070376432078556","0","0","14","19"
"Cam + Guy","Guy/Cam","2021","B","INFERRED_ADP_CARD","17","17","1","IND","0","0","0.1901595744680851","0.011185857321652065","0","-0.1901595744680851","-0.44387040485336393","0","0.1276595744680851","0","0","14","14"
"Cam + Guy","Guy/Cam","2021","B","INFERRED_ADP_CARD","17","17","1","JAX","0","0","0.613747954173486","0.03610282083373447","0","-0.613747954173486","-0.8055942216909241","0","0.613747954173486","0","0","14","29"
"Cam + Guy","Guy/Cam","2021","B","INFERRED_ADP_CARD","17","17","1","KC","0","0","0.5578853269764463","0.03281678393979096","0","-0.5578853269764463","-0.7619376248505006","0","0.49538532697644627","0","0","14","25"
"Cam + Guy","Guy/Cam","2021","B","INFERRED_ADP_CARD","17","17","1","LV","1","0.058823529411764705","0.5209098025009219","0.030641753088289522","1.9197181454427137","0.4790901974990781","0.6816866536312399","1","0.43000071159183095","2.325577546832594","0","4","6"
"Cam + Guy","Guy/Cam","2021","B","INFERRED_ADP_CARD","17","17","1","LAC","1","0.058823529411764705","0.21461609620721553","0.012624476247483266","4.6594827586206895","0.7853839037927844","1.7215748317502173","1","0.21461609620721553","4.6594827586206895","0","4","4"
"Cam + Guy","Guy/Cam","2021","B","INFERRED_ADP_CARD","17","17","1","LAR","1","0.058823529411764705","0.8482509396246676","0.049897114095568684","1.1788964247330844","0.15174906037533242","0.17098589304075973","1","0.6323418487155766","1.5814230894748098","0","4","12"
"Cam + Guy","Guy/Cam","2021","B","INFERRED_ADP_CARD","17","17","1","MIA","1","0.058823529411764705","0.6769974706144919","0.03982338062438188","1.477110393178172","0.3230025293855081","0.4040712962804995","1","0.586088379705401","1.7062273108070372","0","4","9"
"Cam + Guy","Guy/Cam","2021","B","INFERRED_ADP_CARD","17","17","1","MIN","0","0","0.3802257525083612","0.022366220735785952","0","-0.3802257525083612","-0.6305099477451728","0","0.3177257525083612","0","0","14","20"
"Cam + Guy","Guy/Cam","2021","B","INFERRED_ADP_CARD","17","17","1","NE","0","0","0.5832037643207856","0.034306103783575626","0","-0.5832037643207856","-0.7909246057251688","0","0.5207037643207856","0","0","14","27"
"Cam + Guy","Guy/Cam","2021","B","INFERRED_ADP_CARD","17","17","1","NO","0","0","0.3178191489361702","0.018695244055068835","0","-0.3178191489361702","-0.577330055259601","0","0.2553191489361702","0","0","14","17"
"Cam + Guy","Guy/Cam","2021","B","INFERRED_ADP_CARD","17","17","1","NYG","0","0","0.38395328076179136","0.022585487103634786","0","-0.38395328076179136","-0.6327101629671438","0","0.2930441898527005","0","0","14","21"
"Cam + Guy","Guy/Cam","2021","B","INFERRED_ADP_CARD","17","17","1","NYJ","0","0","0.2430441898527005","0.014296717050158851","0","-0.2430441898527005","-0.4980778771416795","0","0.2430441898527005","0","0","14","15"
"Cam + Guy","Guy/Cam","2021","B","INFERRED_ADP_CARD","17","17","1","PHI","0","0","0.3922756706753006","0.023075039451488272","0","-0.3922756706753006","-0.6404722194883877","0","0.3922756706753006","0","0","14","22"
"Cam + Guy","Guy/Cam","2021","B","INFERRED_ADP_CARD","17","17","1","PIT","0","0","0.4956103678929766","0.029153551052528034","0","-0.4956103678929766","-0.7245014714848937","0","0.4331103678929766","0","0","14","24"
"Cam + Guy","Guy/Cam","2021","B","INFERRED_ADP_CARD","17","17","1","SEA","1","0.058823529411764705","0.7018850714502889","0.04128735714413464","1.4247346761966644","0.2981149285497111","0.3744813930817986","1","0.520066889632107","1.9228295819935692","0","4","10"
"Cam + Guy","Guy/Cam","2021","B","INFERRED_ADP_CARD","17","17","1","SF","1","0.058823529411764705","0.5948418487155767","0.03499069698326922","1.681119111170925","0.40515815128442334","0.5393864411501189","1","0.5323418487155767","1.8784921801898145","0","4","8"
"Cam + Guy","Guy/Cam","2021","B","INFERRED_ADP_CARD","17","17","1","TB","2","0.11764705882352941","0.5323418487155767","0.03131422639503392","3.756984360379629","1.4676581512844233","2.064000273655805","2","0.5323418487155767","3.756984360379629","0","2","3"
"Cam + Guy","Guy/Cam","2021","B","INFERRED_ADP_CARD","17","17","1","TEN","0","0","0.5607699423610617","0.032986467197709514","0","-0.5607699423610617","-0.7671690320696968","0","0.5607699423610617","0","0","14","26"
"Cam + Guy","Guy/Cam","2021","B","INFERRED_ADP_CARD","17","17","1","WAS","0","0","0.3922756706753006","0.023075039451488272","0","-0.3922756706753006","-0.6404722194883877","0","0.3922756706753006","0","0","14","23"
"Cam + Guy","Guy/Cam","2022","B","INFERRED_ADP_CARD","17","17","1","ARI","0","0","1.1085806339254616","0.06521062552502715","0","-1.1085806339254616","-1.1077392123033125","0","0.9835806339254616","0","0","14","32"
"Cam + Guy","Guy/Cam","2022","B","INFERRED_ADP_CARD","17","17","1","ATL","0","0","0.4163836642284918","0.024493156719323048","0","-0.4163836642284918","-0.6568265928820155","0","0.3538836642284918","0","0","14","21"
"Cam + Guy","Guy/Cam","2022","B","INFERRED_ADP_CARD","17","17","1","BAL","0","0","0.4260249042145594","0.025060288483209375","0","-0.4260249042145594","-0.6643597627763479","0","0.3635249042145594","0","0","14","22"
"Cam + Guy","Guy/Cam","2022","B","INFERRED_ADP_CARD","17","17","1","BUF","3","0.17647058823529413","0.7212018552127445","0.04242363854192615","4.159723076578945","2.2787981447872556","2.7803111911415486","2","0.6159386973180077","3.2470763871609853","1","1","1"
"Cam + Guy","Guy/Cam","2022","B","INFERRED_ADP_CARD","17","17","1","CAR","0","0","0.19731800766283525","0.011606941627225602","0","-0.19731800766283525","-0.4479089511247971","0","0.19731800766283525","0","0","14","14"
"Cam + Guy","Guy/Cam","2022","B","INFERRED_ADP_CARD","17","17","1","CHI","0","0","0.19731800766283525","0.011606941627225602","0","-0.19731800766283525","-0.4479089511247971","0","0.19731800766283525","0","0","14","15"
"Cam + Guy","Guy/Cam","2022","B","INFERRED_ADP_CARD","17","17","1","CIN","1","0.058823529411764705","0.8156513409961685","0.04797949064683344","1.2260140451417432","0.18434865900383146","0.21180809419484162","1","0.6906513409961685","1.4479085765006103","0","4","12"
"Cam + Guy","Guy/Cam","2022","B","INFERRED_ADP_CARD","17","17","1","CLE","1","0.058823529411764705","0.2835249042145594","0.016677935542032906","3.5270270270270268","0.7164750957854407","1.3642420270796152","1","0.2835249042145594","3.5270270270270268","0","4","4"
"Cam + Guy","Guy/Cam","2022","B","INFERRED_ADP_CARD","17","17","1","DAL","0","0","0.927575940897175","0.054563290641010294","0","-0.927575940897175","-0.9959175169732436","0","0.8223127830024382","0","0","14","31"
"Cam + Guy","Guy/Cam","2022","B","INFERRED_ADP_CARD","17","17","1","DEN","1","0.058823529411764705","0.45443399512365035","0.026731411477861785","2.20053959591624","0.5455660048763497","0.8269374153127517","0","0.45443399512365035","0","1","4","8"
"Cam + Guy","Guy/Cam","2022","B","INFERRED_ADP_CARD","17","17","1","DET","1","0.058823529411764705","0.2882270985719262","0.016954535210113305","3.4694864048338365","0.7117729014280738","1.3530908257798309","1","0.2882270985719262","3.4694864048338365","0","4","5"
"Cam + Guy","Guy/Cam","2022","B","INFERRED_ADP_CARD","17","17","1","GB","0","0","0.3504999175053622","0.020617642206197776","0","-0.3504999175053622","-0.6042038696554092","0","0.2978683385579938","0","0","14","20"
"Cam + Guy","Guy/Cam","2022","B","INFERRED_ADP_CARD","17","17","1","HOU","0","0","0.19731800766283525","0.011606941627225602","0","-0.19731800766283525","-0.4479089511247971","0","0.19731800766283525","0","0","14","16"
"Cam + Guy","Guy/Cam","2022","B","INFERRED_ADP_CARD","17","17","1","IND","0","0","0.6584744908247631","0.038733793577927236","0","-0.6584744908247631","-0.8365010654501049","0","0.48084291187739464","0","0","14","26"
"Cam + Guy","Guy/Cam","2022","B","INFERRED_ADP_CARD","17","17","1","JAX","1","0.058823529411764705","0.5857471264367816","0.034455713319810684","1.707221350078493","0.4142528735632184","0.5532088198059477","1","0.5857471264367816","1.707221350078493","0","4","11"
"Cam + Guy","Guy/Cam","2022","B","INFERRED_ADP_CARD","17","17","1","KC","0","0","0.7989648297860639","0.04699793116388611","0","-0.7989648297860639","-0.9183541326944022","0","0.631201671891327","0","0","14","28"
"Cam + Guy","Guy/Cam","2022","B","INFERRED_ADP_CARD","17","17","1","LV","1","0.058823529411764705","0.8231766851821298","0.04842215795188999","1.214806028888862","0.17682331481787017","0.20141509375073482","1","0.6455451062347615","1.5490784305261793","0","4","13"
"Cam + Guy","Guy/Cam","2022","B","INFERRED_ADP_CARD","17","17","1","LAC","1","0.058823529411764705","0.5736922766686832","0.03374660450992254","1.7430947577101803","0.42630772333131683","0.5794498346691145","1","0.46842911877394633","2.1347946998200555","0","4","10"
"Cam + Guy","Guy/Cam","2022","B","INFERRED_ADP_CARD","17","17","1","LAR","1","0.058823529411764705","0.30842911877394635","0.018142889339643902","3.2422360248447206","0.6915708812260537","1.2628654117123481","1","0.30842911877394635","3.2422360248447206","0","4","6"
"Cam + Guy","Guy/Cam","2022","B","INFERRED_ADP_CARD","17","17","1","MIA","0","0","0.871787796293241","0.051281635076073","0","-0.871787796293241","-0.9614229265116974","0","0.7566562173458725","0","0","14","29"
"Cam + Guy","Guy/Cam","2022","B","INFERRED_ADP_CARD","17","17","1","MIN","0","0","0.5885702762653762","0.034621780956786835","0","-0.5885702762653762","-0.7885861873396051","0","0.5359386973180077","0","0","14","25"
"Cam + Guy","Guy/Cam","2022","B","INFERRED_ADP_CARD","17","17","1","NE","1","0.058823529411764705","0.40112068965517245","0.02359533468559838","2.4930152589727057","0.5988793103448276","0.970696624171089","1","0.33862068965517245","2.95315682281059","0","4","7"
"Cam + Guy","Guy/Cam","2022","B","INFERRED_ADP_CARD","17","17","1","NO","0","0","0.6661060697721315","0.03918270998659597","0","-0.6661060697721315","-0.8382877515761158","0","0.5608429118773947","0","0","14","27"
"Cam + Guy","Guy/Cam","2022","B","INFERRED_ADP_CARD","17","17","1","NYG","0","0","0.3333333333333333","0.0196078431372549","0","-0.3333333333333333","-0.5916079783099616","0","0.3333333333333333","0","0","14","19"
"Cam + Guy","Guy/Cam","2022","B","INFERRED_ADP_CARD","17","17","1","NYJ","2","0.11764705882352941","0.36973180076628354","0.021748929456840208","5.409326424870466","1.6302681992337165","2.737758149009661","2","0.36973180076628354","5.409326424870466","0","2","2"
"Cam + Guy","Guy/Cam","2022","B","INFERRED_ADP_CARD","17","17","1","PHI","0","0","0.5449947753396029","0.03205851619644723","0","-0.5449947753396029","-0.7540558417029536","0","0.5449947753396029","0","0","14","24"
"Cam + Guy","Guy/Cam","2022","B","INFERRED_ADP_CARD","17","17","1","PIT","0","0","0.4678179251681974","0.027518701480482202","0","-0.4678179251681974","-0.69906067512514","0","0.415186346220829","0","0","14","23"
"Cam + Guy","Guy/Cam","2022","B","INFERRED_ADP_CARD","17","17","1","SEA","1","0.058823529411764705","0.46499477533960293","0.027352633843506054","2.150561797752809","0.5350052246603971","0.8014942009040097","1","0.46499477533960293","2.150561797752809","0","4","9"
"Cam + Guy","Guy/Cam","2022","B","INFERRED_ADP_CARD","17","17","1","SF","0","0","0.9100759408971749","0.053533878876304404","0","-0.9100759408971749","-0.9838461940044052","0","0.7423127830024381","0","0","14","30"
"Cam + Guy","Guy/Cam","2022","B","INFERRED_ADP_CARD","17","17","1","TB","2","0.11764705882352941","0.6880808997415169","0.04047534704361864","2.906634962184412","1.3119191002584831","1.6347193854211253","2","0.5104493207941484","3.9181166837256907","0","2","3"
"Cam + Guy","Guy/Cam","2022","B","INFERRED_ADP_CARD","17","17","1","TEN","0","0","0.27731800766283526","0.01631282398016678","0","-0.27731800766283526","-0.532842932940676","0","0.27731800766283526","0","0","14","17"
"Cam + Guy","Guy/Cam","2022","B","INFERRED_ADP_CARD","17","17","1","WAS","0","0","0.2835249042145594","0.016677935542032906","0","-0.2835249042145594","-0.5398604813042327","0","0.2835249042145594","0","0","14","18"
"Cam + Guy","Guy/Cam","2023","B","INFERRED_ADP_CARD","17","17","1","ARI","1","0.058823529411764705","0.39258440218192536","0.023093200128348552","2.547222952420294","0.6074155978180746","0.9899892519294622","1","0.39258440218192536","2.547222952420294","0","5","6"
"Cam + Guy","Guy/Cam","2023","B","INFERRED_ADP_CARD","17","17","1","ATL","1","0.058823529411764705","0.46101651186790504","0.027118618345170886","2.169119704516201","0.538983488132095","0.8134393804483395","1","0.33601651186790504","2.9760442260442264","0","5","8"
"Cam + Guy","Guy/Cam","2023","B","INFERRED_ADP_CARD","17","17","1","BAL","2","0.11764705882352941","0.579449961802903","0.034085291870758996","3.4515491100856956","1.420550038197097","1.9362372788451994","1","0.3067226890756303","3.2602739726027394","1","1","4"
"Cam + Guy","Guy/Cam","2023","B","INFERRED_ADP_CARD","17","17","1","BUF","2","0.11764705882352941","0.6587099433074665","0.03874764372396861","3.036237755813652","1.3412900566925336","1.6931196908123722","1","0.3973463069438301","2.516696349065005","1","1","5"
"Cam + Guy","Guy/Cam","2023","B","INFERRED_ADP_CARD","17","17","1","CAR","0","0","0.12899896800825594","0.007588174588720938","0","-0.12899896800825594","-0.3621184796699348","0","0.12899896800825594","0","0","14","14"
"Cam + Guy","Guy/Cam","2023","B","INFERRED_ADP_CARD","17","17","1","CHI","0","0","0.4753648827952234","0.027962640164424905","0","-0.4753648827952234","-0.7082527099362474","0","0.4753648827952234","0","0","14","20"
"Cam + Guy","Guy/Cam","2023","B","INFERRED_ADP_CARD","17","17","1","CIN","0","0","0.7253766099741331","0.04266921235141959","0","-0.7253766099741331","-0.8747852988981081","0","0.46401297361049676","0","0","14","28"
"Cam + Guy","Guy/Cam","2023","B","INFERRED_ADP_CARD","17","17","1","CLE","1","0.058823529411764705","0.6112500502593381","0.035955885309372826","1.6359916855233387","0.3887499497406619","0.5140404893955973","1","0.33852277753206544","2.9540109746537757","0","5","9"
"Cam + Guy","Guy/Cam","2023","B","INFERRED_ADP_CARD","17","17","1","DAL","0","0","0.7215324407274871","0.04244308474867571","0","-0.7215324407274871","-0.8723336370810238","0","0.5851688043638508","0","0","14","27"
"Cam + Guy","Guy/Cam","2023","B","INFERRED_ADP_CARD","17","17","1","DEN","2","0.11764705882352941","0.46626861270824116","0.02742756545342595","4.289373004078794","1.5337313872917588","2.294127167375902","1","0.46626861270824116","2.144686502039397","1","1","2"
"Cam + Guy","Guy/Cam","2023","B","INFERRED_ADP_CARD","17","17","1","DET","0","0","0.5376971841368126","0.03162924612569486","0","-0.5376971841368126","-0.7523881260731902","0","0.5376971841368126","0","0","14","23"
"Cam + Guy","Guy/Cam","2023","B","INFERRED_ADP_CARD","17","17","1","GB","0","0","0.5420771179285111","0.031886889289912415","0","-0.5420771179285111","-0.7625528496613424","0","0.2693498452012384","0","0","14","24"
"Cam + Guy","Guy/Cam","2023","B","INFERRED_ADP_CARD","17","17","1","HOU","0","0","0.20350877192982456","0.01197110423116615","0","-0.20350877192982456","-0.4627725041842686","0","0.20350877192982456","0","0","14","15"
"Cam + Guy","Guy/Cam","2023","B","INFERRED_ADP_CARD","17","17","1","IND","0","0","0.3294265074450833","0.019378029849710782","0","-0.3294265074450833","-0.5837275256718081","0","0.3294265074450833","0","0","14","16"
"Cam + Guy","Guy/Cam","2023","B","INFERRED_ADP_CARD","17","17","1","JAX","1","0.058823529411764705","0.6539363113666519","0.03846684184509717","1.529200906293328","0.34606368863334813","0.44474847438985043","1","0.40393631136665187","2.475637796999891","0","5","10"
"Cam + Guy","Guy/Cam","2023","B","INFERRED_ADP_CARD","17","17","1","KC","1","0.058823529411764705","0.7354753863267794","0.04326325801922232","1.3596648080833116","0.26452461367322055","0.31660205221541254","0","0.4741117499631431","0","1","5","12"
"Cam + Guy","Guy/Cam","2023","B","INFERRED_ADP_CARD","17","17","1","LV","0","0","0.7812036776433061","0.04595315750842977","0","-0.7812036776433061","-0.9162189996108914","0","0.39484004127966976","0","0","14","31"
"Cam + Guy","Guy/Cam","2023","B","INFERRED_ADP_CARD","17","17","1","LAC","0","0","0.33067964027716346","0.019451743545715498","0","-0.33067964027716346","-0.5884536434246426","0","0.33067964027716346","0","0","14","17"
"Cam + Guy","Guy/Cam","2023","B","INFERRED_ADP_CARD","17","17","1","LAR","1","0.058823529411764705","0.39609317411174993","0.02329959847716176","2.5246585029962407","0.6039068258882501","0.9759045268871299","1","0.39609317411174993","2.5246585029962407","0","5","7"
"Cam + Guy","Guy/Cam","2023","B","INFERRED_ADP_CARD","17","17","1","MIA","1","0.058823529411764705","0.7198008389958854","0.04234122582328738","1.3892731792241162","0.28019916100411457","0.34137872760566595","0","0.4470735662686127","0","1","5","11"
"Cam + Guy","Guy/Cam","2023","B","INFERRED_ADP_CARD","17","17","1","MIN","0","0","0.6460931741117499","0.03800548083010294","0","-0.6460931741117499","-0.8329338519069927","0","0.39609317411174993","0","0","14","26"
"Cam + Guy","Guy/Cam","2023","B","INFERRED_ADP_CARD","17","17","1","NE","0","0","0.47623604465709723","0.02801388497982925","0","-0.47623604465709723","-0.716876211202903","0","0.20350877192982456","0","0","14","21"
"Cam + Guy","Guy/Cam","2023","B","INFERRED_ADP_CARD","17","17","1","NO","0","0","0.7363931218420382","0.04331724246129637","0","-0.7363931218420382","-0.8849071094923663","0","0.6000294854784018","0","0","14","29"
"Cam + Guy","Guy/Cam","2023","B","INFERRED_ADP_CARD","17","17","1","NYG","0","0","0.5825077399380805","0.03426516117282826","0","-0.5825077399380805","-0.7952153977084443","0","0.33250773993808047","0","0","14","25"
"Cam + Guy","Guy/Cam","2023","B","INFERRED_ADP_CARD","17","17","1","NYJ","0","0","0.8448008389958854","0.04969416699975797","0","-0.8448008389958854","-0.9499471622337857","0","0.4470735662686127","0","0","14","32"
"Cam + Guy","Guy/Cam","2023","B","INFERRED_ADP_CARD","17","17","1","PHI","0","0","0.5272047096350502","0.031012041743238246","0","-0.5272047096350502","-0.7417462321527704","0","0.2658410732714138","0","0","14","22"
"Cam + Guy","Guy/Cam","2023","B","INFERRED_ADP_CARD","17","17","1","PIT","0","0","0.7389958854355139","0.043470346202089054","0","-0.7389958854355139","-0.8865115355747297","0","0.46626861270824116","0","0","14","30"
"Cam + Guy","Guy/Cam","2023","B","INFERRED_ADP_CARD","17","17","1","SEA","1","0.058823529411764705","0.8147206250921422","0.04792474265247895","1.2274146120787153","0.18527937490785784","0.21468008037572023","1","0.5647206250921422","1.7707871035112908","0","5","13"
"Cam + Guy","Guy/Cam","2023","B","INFERRED_ADP_CARD","17","17","1","SF","0","0","0.4383244206773618","0.02578378945160952","0","-0.4383244206773618","-0.6795416939832138","0","0.30196078431372547","0","0","14","19"
"Cam + Guy","Guy/Cam","2023","B","INFERRED_ADP_CARD","17","17","1","TB","2","0.11764705882352941","0.17647058823529413","0.010380622837370243","11.333333333333332","1.8235294117647058","4.4399122190444835","2","0.17647058823529413","11.333333333333332","0","1","1"
"Cam + Guy","Guy/Cam","2023","B","INFERRED_ADP_CARD","17","17","1","TEN","0","0","0.3913312693498452","0.023019486432343833","0","-0.3913312693498452","-0.6398457967094479","0","0.3913312693498452","0","0","14","18"
"Cam + Guy","Guy/Cam","2023","B","INFERRED_ADP_CARD","17","17","1","WAS","1","0.058823529411764705","0.17647058823529413","0.010380622837370243","5.666666666666666","0.8235294117647058","2.005121647310412","1","0.17647058823529413","5.666666666666666","0","5","3"
"Cam + Guy","Guy/Cam","2024","B","INFERRED_ADP_CARD","17","17","1","ARI","1","0.058823529411764705","0.45090705011527726","0.026523944124428073","2.217751972927333","0.5490929498847228","0.8376033320619222","1","0.45090705011527726","2.217751972927333","0","3","8"
"Cam + Guy","Guy/Cam","2024","B","INFERRED_ADP_CARD","17","17","1","ATL","0","0","0.5180818468632448","0.030475402756661458","0","-0.5180818468632448","-0.7328166716689292","0","0.4680818468632447","0","0","16","24"
"Cam + Guy","Guy/Cam","2024","B","INFERRED_ADP_CARD","17","17","1","BAL","2","0.11764705882352941","0.5546747967479675","0.03262792922046868","3.605716379626237","1.4453252032520325","1.9953429099864168","2","0.3380081300813008","5.917017438364401","0","1","1"
"Cam + Guy","Guy/Cam","2024","B","INFERRED_ADP_CARD","17","17","1","BUF","0","0","0.4884070501152773","0.028729826477369252","0","-0.4884070501152773","-0.7155533048460958","0","0.3217403834486106","0","0","16","23"
"Cam + Guy","Guy/Cam","2024","B","INFERRED_ADP_CARD","17","17","1","CAR","0","0","0.26574444848926104","0.015632026381721238","0","-0.26574444848926104","-0.522565588720624","0","0.26574444848926104","0","0","16","17"
"Cam + Guy","Guy/Cam","2024","B","INFERRED_ADP_CARD","17","17","1","CHI","1","0.058823529411764705","0.8838884844072321","0.05199344025924895","1.1313644397920135","0.11611151559276789","0.1276979954629239","1","0.6172218177405655","1.620163077936312","0","3","15"
"Cam + Guy","Guy/Cam","2024","B","INFERRED_ADP_CARD","17","17","1","CIN","0","0","0.5722485135299114","0.03366167726646537","0","-0.5722485135299114","-0.7774624676014038","0","0.4722485135299114","0","0","16","28"
"Cam + Guy","Guy/Cam","2024","B","INFERRED_ADP_CARD","17","17","1","CLE","1","0.058823529411764705","0.6773222303118555","0.0398424841359915","1.4764021543181536","0.32267776968814454","0.40229176538890804","1","0.5939888969785221","1.6835331520281915","0","3","11"
"Cam + Guy","Guy/Cam","2024","B","INFERRED_ADP_CARD","17","17","1","DAL","1","0.058823529411764705","0.6504459410265745","0.038261525942739676","1.5374067803724587","0.3495540589734255","0.4429172389955755","1","0.5171126076932411","1.9338147728806003","0","3","10"
"Cam + Guy","Guy/Cam","2024","B","INFERRED_ADP_CARD","17","17","1","DEN","0","0","0.5740777818225944","0.03376928128368202","0","-0.5740777818225944","-0.7771590050662388","0","0.39074444848926104","0","0","16","27"
"Cam + Guy","Guy/Cam","2024","B","INFERRED_ADP_CARD","17","17","1","DET","2","0.11764705882352941","0.833318165271205","0.04901871560418852","2.4000436848140665","1.166681834728795","1.3146821116827547","1","0.6499848319378716","1.5384974400380844","1","1","4"
"Cam + Guy","Guy/Cam","2024","B","INFERRED_ADP_CARD","17","17","1","GB","0","0","0.4722485135299114","0.027779324325288905","0","-0.4722485135299114","-0.7026104203666219","0","0.4722485135299114","0","0","16","21"
"Cam + Guy","Guy/Cam","2024","B","INFERRED_ADP_CARD","17","17","1","HOU","1","0.058823529411764705","0.7180818468632447","0.042240108639014395","1.3925989138539596","0.2819181531367553","0.34133118364748827","1","0.5347485135299114","1.8700379238063363","0","3","12"
"Cam + Guy","Guy/Cam","2024","B","INFERRED_ADP_CARD","17","17","1","IND","0","0","0.4227096226186143","0.024865271918742018","0","-0.4227096226186143","-0.6634969843382892","0","0.33937628928528096","0","0","16","20"
"Cam + Guy","Guy/Cam","2024","B","INFERRED_ADP_CARD","17","17","1","JAX","0","0","0.7042136876592646","0.041424334568192035","0","-0.7042136876592646","-0.8637561696350138","0","0.537547020992598","0","0","16","32"
"Cam + Guy","Guy/Cam","2024","B","INFERRED_ADP_CARD","17","17","1","KC","1","0.058823529411764705","0.6148844193665818","0.036169671727445986","1.6263219045786554","0.3851155806334182","0.5015611954110616","0","0.4815510860332484","0","1","3","9"
"Cam + Guy","Guy/Cam","2024","B","INFERRED_ADP_CARD","17","17","1","LV","0","0","0.5370859119038952","0.031593288935523246","0","-0.5370859119038952","-0.7510171289165384","0","0.5370859119038952","0","0","16","26"
"Cam + Guy","Guy/Cam","2024","B","INFERRED_ADP_CARD","17","17","1","LAC","0","0","0.36894187598592404","0.021702463293289648","0","-0.36894187598592404","-0.6189500854146415","0","0.31894187598592405","0","0","16","18"
"Cam + Guy","Guy/Cam","2024","B","INFERRED_ADP_CARD","17","17","1","LAR","0","0","0.4055818468632447","0.023857755697837924","0","-0.4055818468632447","-0.647986580152008","0","0.4055818468632447","0","0","16","19"
"Cam + Guy","Guy/Cam","2024","B","INFERRED_ADP_CARD","17","17","1","MIA","0","0","0.6819500060672248","0.04011470623924852","0","-0.6819500060672248","-0.8476247704438187","0","0.46528333940055816","0","0","16","31"
"Cam + Guy","Guy/Cam","2024","B","INFERRED_ADP_CARD","17","17","1","MIN","0","0","0.4745859119038952","0.027916818347287955","0","-0.4745859119038952","-0.7037343770819698","0","0.4745859119038952","0","0","16","22"
"Cam + Guy","Guy/Cam","2024","B","INFERRED_ADP_CARD","17","17","1","NE","0","0","0.18190298507462688","0.01070017559262511","0","-0.18190298507462688","-0.43312003413468503","0","0.18190298507462688","0","0","16","16"
"Cam + Guy","Guy/Cam","2024","B","INFERRED_ADP_CARD","17","17","1","NO","1","0.058823529411764705","0.41157778182259436","0.024210457754270255","2.4296743997493966","0.5884222181774057","0.9315203561141783","1","0.32824444848926104","3.04651001594233","0","3","7"
"Cam + Guy","Guy/Cam","2024","B","INFERRED_ADP_CARD","17","17","1","NYG","1","0.058823529411764705","0.2060429559519476","0.01212017387952633","4.853356890459364","0.7939570440480523","1.768359261084297","1","0.2060429559519476","4.853356890459364","0","3","2"
"Cam + Guy","Guy/Cam","2024","B","INFERRED_ADP_CARD","17","17","1","NYJ","1","0.058823529411764705","0.740744448489261","0.04357320285230947","1.3499932426621455","0.259255551510739","0.30975448961155455","0","0.5240777818225943","0","1","3","14"
"Cam + Guy","Guy/Cam","2024","B","INFERRED_ADP_CARD","17","17","1","PHI","1","0.058823529411764705","0.7180818468632447","0.042240108639014395","1.3925989138539596","0.2819181531367553","0.34133118364748827","1","0.5347485135299114","1.8700379238063363","0","3","13"
"Cam + Guy","Guy/Cam","2024","B","INFERRED_ADP_CARD","17","17","1","PIT","0","0","0.617112607693241","0.03630074162901418","0","-0.617112607693241","-0.807651632451608","0","0.4504459410265744","0","0","16","29"
"Cam + Guy","Guy/Cam","2024","B","INFERRED_ADP_CARD","17","17","1","SEA","1","0.058823529411764705","0.4120859119038952","0.02424034775905266","2.426678445229682","0.5879140880961048","0.9363346288696783","1","0.4120859119038952","2.426678445229682","0","3","6"
"Cam + Guy","Guy/Cam","2024","B","INFERRED_ADP_CARD","17","17","1","SF","0","0","0.6574111151559278","0.03867124206799575","0","-0.6574111151559278","-0.8298397131570122","0","0.5240777818225943","0","0","16","30"
"Cam + Guy","Guy/Cam","2024","B","INFERRED_ADP_CARD","17","17","1","TB","1","0.058823529411764705","0.2685429559519476","0.015796644467761623","3.7237990341438616","0.7314570440480523","1.4286666609386305","1","0.2685429559519476","3.7237990341438616","0","3","3"
"Cam + Guy","Guy/Cam","2024","B","INFERRED_ADP_CARD","17","17","1","TEN","1","0.058823529411764705","0.39861667273389145","0.02344803957258185","2.5086757990867583","0.6013833272661085","0.9722951551601138","1","0.39861667273389145","2.5086757990867583","0","3","5"
"Cam + Guy","Guy/Cam","2024","B","INFERRED_ADP_CARD","17","17","1","WAS","0","0","0.5184807668972212","0.030498868641013012","0","-0.5184807668972212","-0.7393560340754218","0","0.5184807668972212","0","0","16","25"
"Cam + Guy","Guy/Cam","2025","E","","0","0","","ARI","0","","0","","","0","","0","0","","0","1","1"
"Cam + Guy","Guy/Cam","2025","E","","0","0","","ATL","0","","0","","","0","","0","0","","0","1","2"
"Cam + Guy","Guy/Cam","2025","E","","0","0","","BAL","0","","0","","","0","","0","0","","0","1","3"
"Cam + Guy","Guy/Cam","2025","E","","0","0","","BUF","0","","0","","","0","","0","0","","0","1","4"
"Cam + Guy","Guy/Cam","2025","E","","0","0","","CAR","0","","0","","","0","","0","0","","0","1","5"
"Cam + Guy","Guy/Cam","2025","E","","0","0","","CHI","0","","0","","","0","","0","0","","0","1","6"
"Cam + Guy","Guy/Cam","2025","E","","0","0","","CIN","0","","0","","","0","","0","0","","0","1","7"
"Cam + Guy","Guy/Cam","2025","E","","0","0","","CLE","0","","0","","","0","","0","0","","0","1","8"
"Cam + Guy","Guy/Cam","2025","E","","0","0","","DAL","0","","0","","","0","","0","0","","0","1","9"
"Cam + Guy","Guy/Cam","2025","E","","0","0","","DEN","0","","0","","","0","","0","0","","0","1","10"
"Cam + Guy","Guy/Cam","2025","E","","0","0","","DET","0","","0","","","0","","0","0","","0","1","11"
"Cam + Guy","Guy/Cam","2025","E","","0","0","","GB","0","","0","","","0","","0","0","","0","1","12"
"Cam + Guy","Guy/Cam","2025","E","","0","0","","HOU","0","","0","","","0","","0","0","","0","1","13"
"Cam + Guy","Guy/Cam","2025","E","","0","0","","IND","0","","0","","","0","","0","0","","0","1","14"
"Cam + Guy","Guy/Cam","2025","E","","0","0","","JAX","0","","0","","","0","","0","0","","0","1","15"
"Cam + Guy","Guy/Cam","2025","E","","0","0","","KC","0","","0","","","0","","0","0","","0","1","16"
"Cam + Guy","Guy/Cam","2025","E","","0","0","","LV","0","","0","","","0","","0","0","","0","1","17"
"Cam + Guy","Guy/Cam","2025","E","","0","0","","LAC","0","","0","","","0","","0","0","","0","1","18"
"Cam + Guy","Guy/Cam","2025","E","","0","0","","LAR","0","","0","","","0","","0","0","","0","1","19"
"Cam + Guy","Guy/Cam","2025","E","","0","0","","MIA","0","","0","","","0","","0","0","","0","1","20"
"Cam + Guy","Guy/Cam","2025","E","","0","0","","MIN","0","","0","","","0","","0","0","","0","1","21"
"Cam + Guy","Guy/Cam","2025","E","","0","0","","NE","0","","0","","","0","","0","0","","0","1","22"
"Cam + Guy","Guy/Cam","2025","E","","0","0","","NO","0","","0","","","0","","0","0","","0","1","23"
"Cam + Guy","Guy/Cam","2025","E","","0","0","","NYG","0","","0","","","0","","0","0","","0","1","24"
"Cam + Guy","Guy/Cam","2025","E","","0","0","","NYJ","0","","0","","","0","","0","0","","0","1","25"
"Cam + Guy","Guy/Cam","2025","E","","0","0","","PHI","0","","0","","","0","","0","0","","0","1","26"
"Cam + Guy","Guy/Cam","2025","E","","0","0","","PIT","0","","0","","","0","","0","0","","0","1","27"
"Cam + Guy","Guy/Cam","2025","E","","0","0","","SEA","0","","0","","","0","","0","0","","0","1","28"
"Cam + Guy","Guy/Cam","2025","E","","0","0","","SF","0","","0","","","0","","0","0","","0","1","29"
"Cam + Guy","Guy/Cam","2025","E","","0","0","","TB","0","","0","","","0","","0","0","","0","1","30"
"Cam + Guy","Guy/Cam","2025","E","","0","0","","TEN","0","","0","","","0","","0","0","","0","1","31"
"Cam + Guy","Guy/Cam","2025","E","","0","0","","WAS","0","","0","","","0","","0","0","","0","1","32"
"DA BRONCOS","Al McGirl","2021","B","INFERRED_ADP_CARD","17","17","1","ARI","0","0","0.41799628942486083","0.024588017024991814","0","-0.41799628942486083","-0.6692165246849736","0","0.21799628942486082","0","0","11","19"
"DA BRONCOS","Al McGirl","2021","B","INFERRED_ADP_CARD","17","17","1","ATL","0","0","0.5025080739366453","0.029559298466861488","0","-0.5025080739366453","-0.7325457203039674","0","0.5025080739366453","0","0","11","22"
"DA BRONCOS","Al McGirl","2021","B","INFERRED_ADP_CARD","17","17","1","BAL","0","0","1.1935611033355393","0.07020947666679643","0","-1.1935611033355393","-1.1425338521258834","0","0.8602277700022061","0","0","11","32"
"DA BRONCOS","Al McGirl","2021","B","INFERRED_ADP_CARD","17","17","1","BUF","2","0.11764705882352941","0.640369683226826","0.03766880489569564","3.1231959481935343","1.359630316773174","1.7692182782217085","1","0.37370301656015936","2.6759216695780093","1","3","5"
"DA BRONCOS","Al McGirl","2021","B","INFERRED_ADP_CARD","17","17","1","CAR","0","0","0.2222222222222222","0.0130718954248366","0","-0.2222222222222222","-0.48507125007266594","0","0.2222222222222222","0","0","11","13"
"DA BRONCOS","Al McGirl","2021","B","INFERRED_ADP_CARD","17","17","1","CHI","2","0.11764705882352941","0.23733938019652304","0.013961140011560179","8.42675159235669","1.7626606198034769","3.6809771808214276","2","0.23733938019652304","8.42675159235669","0","3","2"
"DA BRONCOS","Al McGirl","2021","B","INFERRED_ADP_CARD","17","17","1","CIN","0","0","0.5959252387823816","0.035054425810728325","0","-0.5959252387823816","-0.7955469047932182","0","0.5959252387823816","0","0","11","23"
"DA BRONCOS","Al McGirl","2021","B","INFERRED_ADP_CARD","17","17","1","CLE","0","0","1.1754136423309356","0.06914197896064327","0","-1.1754136423309356","-1.1306340196437665","0","0.7087469756642689","0","0","11","31"
"DA BRONCOS","Al McGirl","2021","B","INFERRED_ADP_CARD","17","17","1","DAL","0","0","0.6447467876039303","0.037926281623760605","0","-0.6447467876039303","-0.8298050370603819","0","0.3114134542705971","0","0","11","25"
"DA BRONCOS","Al McGirl","2021","B","INFERRED_ADP_CARD","17","17","1","DEN","2","0.11764705882352941","0.5662330429247722","0.03330782605439836","3.532114603678672","1.4337669570752278","1.986301903430031","1","0.3662330429247722","2.7305018466217685","1","3","4"
"DA BRONCOS","Al McGirl","2021","B","INFERRED_ADP_CARD","17","17","1","DET","1","0.058823529411764705","0.43179377013963477","0.025399633537625574","2.3159203980099505","0.5682062298603652","0.8988646773869442","1","0.43179377013963477","2.3159203980099505","0","6","8"
"DA BRONCOS","Al McGirl","2021","B","INFERRED_ADP_CARD","17","17","1","GB","3","0.17647058823529413","0.490750686239408","0.028867687425847527","6.113083657587549","2.5092493137605922","3.674999095330073","2","0.490750686239408","4.075389105058366","1","1","3"
"DA BRONCOS","Al McGirl","2021","B","INFERRED_ADP_CARD","17","17","1","HOU","0","0","0.23733938019652304","0.013961140011560179","0","-0.23733938019652304","-0.4956375792358183","0","0.23733938019652304","0","0","11","14"
"DA BRONCOS","Al McGirl","2021","B","INFERRED_ADP_CARD","17","17","1","IND","0","0","0.21496598639455783","0.012645058023209284","0","-0.21496598639455783","-0.4754638291851487","0","0.08163265306122448","0","0","11","12"
"DA BRONCOS","Al McGirl","2021","B","INFERRED_ADP_CARD","17","17","1","JAX","1","0.058823529411764705","0.3114134542705971","0.01831843848650571","3.21116504854369","0.6885865457294029","1.2587292185077288","1","0.3114134542705971","3.21116504854369","0","6","6"
"DA BRONCOS","Al McGirl","2021","B","INFERRED_ADP_CARD","17","17","1","KC","0","0","0.6047409288010791","0.035572995811828184","0","-0.6047409288010791","-0.7961525485779426","0","0.4714075954677458","0","0","11","24"
"DA BRONCOS","Al McGirl","2021","B","INFERRED_ADP_CARD","17","17","1","LV","0","0","0.784229332349633","0.046131137197037236","0","-0.784229332349633","-0.9192353286228767","0","0.584229332349633","0","0","11","28"
"DA BRONCOS","Al McGirl","2021","B","INFERRED_ADP_CARD","17","17","1","LAC","0","0","0.2920703634989349","0.017180609617584407","0","-0.2920703634989349","-0.5491885216754807","0","0.2920703634989349","0","0","11","15"
"DA BRONCOS","Al McGirl","2021","B","INFERRED_ADP_CARD","17","17","1","LAR","1","0.058823529411764705","1.06133370945401","0.062431394673765295","0.9422107213709792","-0.061333709454010066","-0.062382012715717604","0","0.7946670427873435","0","1","6","10"
"DA BRONCOS","Al McGirl","2021","B","INFERRED_ADP_CARD","17","17","1","MIA","0","0","0.7960138441341449","0.046824343772596755","0","-0.7960138441341449","-0.9285881985172244","0","0.5960138441341448","0","0","11","29"
"DA BRONCOS","Al McGirl","2021","B","INFERRED_ADP_CARD","17","17","1","MIN","0","0","0.4178451178451178","0.024579124579124575","0","-0.4178451178451178","-0.6629365254047435","0","0.2845117845117845","0","0","11","18"
"DA BRONCOS","Al McGirl","2021","B","INFERRED_ADP_CARD","17","17","1","NE","0","0","0.6864621872140668","0.04038012865965099","0","-0.6864621872140668","-0.8720356140018761","0","0.5531288538807335","0","0","11","26"
"DA BRONCOS","Al McGirl","2021","B","INFERRED_ADP_CARD","17","17","1","NO","0","0","0.2965986394557823","0.017446978791516604","0","-0.2965986394557823","-0.5594748364592774","0","0.16326530612244897","0","0","11","16"
"DA BRONCOS","Al McGirl","2021","B","INFERRED_ADP_CARD","17","17","1","NYG","1","0.058823529411764705","0.3793372319688109","0.02231395482169476","2.63617677286742","0.6206627680311891","1.0454954336821616","1","0.1793372319688109","5.576086956521739","0","6","7"
"DA BRONCOS","Al McGirl","2021","B","INFERRED_ADP_CARD","17","17","1","NYJ","0","0","0.15570672713529854","0.009159219243252855","0","-0.15570672713529854","-0.39850330531460376","0","0.15570672713529854","0","0","11","11"
"DA BRONCOS","Al McGirl","2021","B","INFERRED_ADP_CARD","17","17","1","PHI","0","0","0.40489210038082213","0.02381718237534248","0","-0.40489210038082213","-0.6512839010147039","0","0.40489210038082213","0","0","11","17"
"DA BRONCOS","Al McGirl","2021","B","INFERRED_ADP_CARD","17","17","1","PIT","0","0","0.49191919191919187","0.02893642305407011","0","-0.49191919191919187","-0.7217841199999099","0","0.35858585858585856","0","0","11","21"
"DA BRONCOS","Al McGirl","2021","B","INFERRED_ADP_CARD","17","17","1","SEA","0","0","0.969023569023569","0.05700138641315112","0","-0.969023569023569","-1.0558579672243311","0","0.569023569023569","0","0","11","30"
"DA BRONCOS","Al McGirl","2021","B","INFERRED_ADP_CARD","17","17","1","SF","0","0","0.7099154813440527","0.04175973419670898","0","-0.7099154813440527","-0.8723785759099315","0","0.5765821480107194","0","0","11","27"
"DA BRONCOS","Al McGirl","2021","B","INFERRED_ADP_CARD","17","17","1","TB","1","0.058823529411764705","0.5454816695418199","0.03208715703187176","1.8332421707955011","0.45451833045818013","0.6304663053221474","1","0.5454816695418199","1.8332421707955011","0","6","9"
"DA BRONCOS","Al McGirl","2021","B","INFERRED_ADP_CARD","17","17","1","TEN","0","0","0.44021851164708303","0.025895206567475473","0","-0.44021851164708303","-0.6792650266191949","0","0.44021851164708303","0","0","11","20"
"DA BRONCOS","Al McGirl","2021","B","INFERRED_ADP_CARD","17","17","1","WAS","3","0.17647058823529413","0.08163265306122448","0.004801920768307323","36.75","2.9183673469387754","10.320136061764561","3","0.08163265306122448","36.75","0","1","1"
"DA BRONCOS","Al McGirl","2022","B","INFERRED_ADP_CARD","17","17","1","ARI","1","0.058823529411764705","1.2006493506493505","0.07062643239113826","0.8328826392644674","-0.20064935064935052","-0.1959311920916084","1","0.9339826839826839","1.070683661645423","0","5","12"
"DA BRONCOS","Al McGirl","2022","B","INFERRED_ADP_CARD","17","17","1","ATL","0","0","0.4175801599530413","0.024563538820767138","0","-0.4175801599530413","-0.6608026074827259","0","0.28424682661970796","0","0","13","23"
"DA BRONCOS","Al McGirl","2022","B","INFERRED_ADP_CARD","17","17","1","BAL","0","0","0.454532614278377","0.02673721260461041","0","-0.454532614278377","-0.6892233662771882","0","0.32119928094504363","0","0","13","24"
"DA BRONCOS","Al McGirl","2022","B","INFERRED_ADP_CARD","17","17","1","BUF","1","0.058823529411764705","0.9681922126837381","0.05695248309904342","1.0328527609492888","0.03180778731626188","0.0334761349433025","1","0.6126366571281826","1.6322888752488882","0","5","11"
"DA BRONCOS","Al McGirl","2022","B","INFERRED_ADP_CARD","17","17","1","CAR","0","0","0.12840267077555212","0.007553098280914831","0","-0.12840267077555212","-0.3612531940658453","0","0.12840267077555212","0","0","13","13"
"DA BRONCOS","Al McGirl","2022","B","INFERRED_ADP_CARD","17","17","1","CHI","0","0","0.12840267077555212","0.007553098280914831","0","-0.12840267077555212","-0.3612531940658453","0","0.12840267077555212","0","0","13","14"
"DA BRONCOS","Al McGirl","2022","B","INFERRED_ADP_CARD","17","17","1","CIN","0","0","0.8874935798664612","0.05220550469802713","0","-0.8874935798664612","-0.987935946586825","0","0.6208269131997946","0","0","13","29"
"DA BRONCOS","Al McGirl","2022","B","INFERRED_ADP_CARD","17","17","1","CLE","0","0","0.2639958911145352","0.015529170065560894","0","-0.2639958911145352","-0.5251263588750941","0","0.2639958911145352","0","0","13","19"
"DA BRONCOS","Al McGirl","2022","B","INFERRED_ADP_CARD","17","17","1","DAL","0","0","0.9454777802235429","0.05561634001314958","0","-0.9454777802235429","-1.0101067044782437","0","0.7232555580013207","0","0","13","30"
"DA BRONCOS","Al McGirl","2022","B","INFERRED_ADP_CARD","17","17","1","DEN","1","0.058823529411764705","0.52754848729425","0.031032263958485292","1.8955603590655952","0.47245151270575003","0.6640970654863607","1","0.41643737618313886","2.4013214403700034","0","5","9"
"DA BRONCOS","Al McGirl","2022","B","INFERRED_ADP_CARD","17","17","1","DET","0","0","0.3794849218578032","0.022322642462223718","0","-0.3794849218578032","-0.6355522648929804","0","0.3794849218578032","0","0","13","20"
"DA BRONCOS","Al McGirl","2022","B","INFERRED_ADP_CARD","17","17","1","GB","1","0.058823529411764705","0.39914581651869785","0.02347916567757046","2.505350071615132","0.6008541834813022","0.9720569478113258","1","0.28803470540758674","3.4718038528896673","0","5","6"
"DA BRONCOS","Al McGirl","2022","B","INFERRED_ADP_CARD","17","17","1","HOU","0","0","0.12840267077555212","0.007553098280914831","0","-0.12840267077555212","-0.3612531940658453","0","0.12840267077555212","0","0","13","15"
"DA BRONCOS","Al McGirl","2022","B","INFERRED_ADP_CARD","17","17","1","IND","0","0","0.7023797294983736","0.04131645467637492","0","-0.7023797294983736","-0.8734577464574489","0","0.3246019517205958","0","0","13","28"
"DA BRONCOS","Al McGirl","2022","B","INFERRED_ADP_CARD","17","17","1","JAX","2","0.11764705882352941","0.3246019517205958","0.019094232454152694","6.161392405063291","1.6753980482794042","3.0062588160608503","2","0.3246019517205958","6.161392405063291","0","2","2"
"DA BRONCOS","Al McGirl","2022","B","INFERRED_ADP_CARD","17","17","1","KC","2","0.11764705882352941","0.7214878812336438","0.04244046360197905","2.772049333081352","1.2785121187663562","1.5409205793283016","1","0.47704343678919947","2.0962451694768616","1","2","4"
"DA BRONCOS","Al McGirl","2022","B","INFERRED_ADP_CARD","17","17","1","LV","0","0","1.142855919974564","0.06722681882203319","0","-1.142855919974564","-1.1163030568776793","0","0.7650781421967863","0","0","13","32"
"DA BRONCOS","Al McGirl","2022","B","INFERRED_ADP_CARD","17","17","1","LAC","1","0.058823529411764705","0.661230953603835","0.03889593844728441","1.512330895203573","0.338769046396165","0.4334353421337984","1","0.4390087313816127","2.2778590231061715","0","5","10"
"DA BRONCOS","Al McGirl","2022","B","INFERRED_ADP_CARD","17","17","1","LAR","0","0","0.24961479198767333","0.014683223058098431","0","-0.24961479198767333","-0.5093105830656128","0","0.24961479198767333","0","0","13","18"
"DA BRONCOS","Al McGirl","2022","B","INFERRED_ADP_CARD","17","17","1","MIA","0","0","1.0023320370777997","0.05896070806339998","0","-1.0023320370777997","-1.0363457676215413","0","0.7578875926333553","0","0","13","31"
"DA BRONCOS","Al McGirl","2022","B","INFERRED_ADP_CARD","17","17","1","MIN","0","0","0.5679036123951378","0.03340609484677281","0","-0.5679036123951378","-0.7748169143431228","0","0.4567925012840267","0","0","13","26"
"DA BRONCOS","Al McGirl","2022","B","INFERRED_ADP_CARD","17","17","1","NE","1","0.058823529411764705","0.5189265536723163","0.030525091392489195","1.9270549809471966","0.4810734463276837","0.6910605766414126","1","0.385593220338983","2.5934065934065935","0","5","8"
"DA BRONCOS","Al McGirl","2022","B","INFERRED_ADP_CARD","17","17","1","NO","0","0","0.671824173942818","0.039519069055459884","0","-0.671824173942818","-0.8478266988195583","0","0.4496019517205958","0","0","13","27"
"DA BRONCOS","Al McGirl","2022","B","INFERRED_ADP_CARD","17","17","1","NYG","0","0","0.18181818181818182","0.010695187165775402","0","-0.18181818181818182","-0.4364357804719848","0","0.18181818181818182","0","0","13","16"
"DA BRONCOS","Al McGirl","2022","B","INFERRED_ADP_CARD","17","17","1","NYJ","0","0","0.3923985618900873","0.023082268346475726","0","-0.3923985618900873","-0.6448031161990069","0","0.3923985618900873","0","0","13","21"
"DA BRONCOS","Al McGirl","2022","B","INFERRED_ADP_CARD","17","17","1","PHI","0","0","0.46985288722576857","0.027638405130927562","0","-0.46985288722576857","-0.6998744207133454","0","0.46985288722576857","0","0","13","25"
"DA BRONCOS","Al McGirl","2022","B","INFERRED_ADP_CARD","17","17","1","PIT","1","0.058823529411764705","0.4097390368576809","0.024102296285745936","2.4405778069599475","0.590260963142319","0.9467663821867329","1","0.2986279257465698","3.3486486486486484","0","5","7"
"DA BRONCOS","Al McGirl","2022","B","INFERRED_ADP_CARD","17","17","1","SEA","0","0","0.41264949739526013","0.024273499846780008","0","-0.41264949739526013","-0.6563620375878743","0","0.41264949739526013","0","0","13","22"
"DA BRONCOS","Al McGirl","2022","B","INFERRED_ADP_CARD","17","17","1","SF","3","0.17647058823529413","0.6415700589429403","0.03773941523193766","4.676028686473994","2.35842994105706","3.020124887249099","1","0.5304589478318291","1.8851600186731678","2","1","1"
"DA BRONCOS","Al McGirl","2022","B","INFERRED_ADP_CARD","17","17","1","TB","2","0.11764705882352941","0.7749033922762736","0.04558255248683962","2.580966892047037","1.2250966077237264","1.4297048004314838","1","0.5304589478318291","1.8851600186731678","1","2","5"
"DA BRONCOS","Al McGirl","2022","B","INFERRED_ADP_CARD","17","17","1","TEN","1","0.058823529411764705","0.12840267077555212","0.007553098280914831","7.788000000000001","0.8715973292244479","2.452186681318958","1","0.12840267077555212","7.788000000000001","0","5","3"
"DA BRONCOS","Al McGirl","2022","B","INFERRED_ADP_CARD","17","17","1","WAS","0","0","0.19619928094504366","0.011541134173237863","0","-0.19619928094504366","-0.4493032609643878","0","0.19619928094504366","0","0","13","17"
"DA BRONCOS","Al McGirl","2023","B","INFERRED_ADP_CARD","17","17","1","ARI","2","0.11764705882352941","0.35627127520293267","0.02095713383546663","5.61369983830663","1.6437287247970673","2.7998125347130873","2","0.35627127520293267","5.61369983830663","0","2","3"
"DA BRONCOS","Al McGirl","2023","B","INFERRED_ADP_CARD","17","17","1","ATL","0","0","0.4773100442062135","0.02807706142389491","0","-0.4773100442062135","-0.709354446542292","0","0.41848651479444876","0","0","13","22"
"DA BRONCOS","Al McGirl","2023","B","INFERRED_ADP_CARD","17","17","1","BAL","1","0.058823529411764705","0.6788393921271731","0.03993172894865724","1.4731024916902007","0.32116060787282685","0.40341879102371453","1","0.44610281923714756","2.2416356877323422","0","5","10"
"DA BRONCOS","Al McGirl","2023","B","INFERRED_ADP_CARD","17","17","1","BUF","2","0.11764705882352941","0.6299435206075781","0.037055501212210476","3.174887802752551","1.370056479392422","1.7697140729417042","2","0.39720694771755255","5.035158653423574","0","2","4"
"DA BRONCOS","Al McGirl","2023","B","INFERRED_ADP_CARD","17","17","1","CAR","0","0","0.144802304268133","0.008517782604007824","0","-0.144802304268133","-0.383648128813888","0","0.144802304268133","0","0","13","13"
"DA BRONCOS","Al McGirl","2023","B","INFERRED_ADP_CARD","17","17","1","CHI","0","0","0.5705332984201797","0.03356078226001057","0","-0.5705332984201797","-0.7770128016336865","0","0.5705332984201797","0","0","13","23"
"DA BRONCOS","Al McGirl","2023","B","INFERRED_ADP_CARD","17","17","1","CIN","0","0","0.7207647766462255","0.04239792803801327","0","-0.7207647766462255","-0.8724613176626286","0","0.5749847254953303","0","0","13","28"
"DA BRONCOS","Al McGirl","2023","B","INFERRED_ADP_CARD","17","17","1","CLE","1","0.058823529411764705","0.5908231534926436","0.034754303146626093","1.6925538447308854","0.4091768465073564","0.5456560129623171","0","0.5038666317535131","0","1","5","9"
"DA BRONCOS","Al McGirl","2023","B","INFERRED_ADP_CARD","17","17","1","DAL","0","0","0.8147037505075689","0.04792375002985699","0","-0.8147037505075689","-0.9287463174482246","0","0.7277472287684384","0","0","13","32"
"DA BRONCOS","Al McGirl","2023","B","INFERRED_ADP_CARD","17","17","1","DEN","0","0","0.6991412123213072","0.041125953665959246","0","-0.6991412123213072","-0.855467001017454","0","0.6121846905821768","0","0","13","27"
"DA BRONCOS","Al McGirl","2023","B","INFERRED_ADP_CARD","17","17","1","DET","0","0","0.6486689360216461","0.03815699623656742","0","-0.6486689360216461","-0.8275224345604615","0","0.6486689360216461","0","0","13","25"
"DA BRONCOS","Al McGirl","2023","B","INFERRED_ADP_CARD","17","17","1","GB","0","0","0.4590662249393763","0.027003895584669195","0","-0.4590662249393763","-0.698649862663945","0","0.28515318146111546","0","0","13","21"
"DA BRONCOS","Al McGirl","2023","B","INFERRED_ADP_CARD","17","17","1","HOU","0","0","0.20350877192982456","0.01197110423116615","0","-0.20350877192982456","-0.4627725041842686","0","0.20350877192982456","0","0","13","14"
"DA BRONCOS","Al McGirl","2023","B","INFERRED_ADP_CARD","17","17","1","IND","0","0","0.4007157196473771","0.023571512920433947","0","-0.4007157196473771","-0.6439574501166362","0","0.4007157196473771","0","0","13","17"
"DA BRONCOS","Al McGirl","2023","B","INFERRED_ADP_CARD","17","17","1","JAX","0","0","0.6516961118042399","0.038335065400249405","0","-0.6516961118042399","-0.8306943343585456","0","0.5340490529807105","0","0","13","26"
"DA BRONCOS","Al McGirl","2023","B","INFERRED_ADP_CARD","17","17","1","KC","0","0","0.7623341987955855","0.044843188164446206","0","-0.7623341987955855","-0.8993237213850089","0","0.5295976259055599","0","0","13","29"
"DA BRONCOS","Al McGirl","2023","B","INFERRED_ADP_CARD","17","17","1","LV","1","0.058823529411764705","0.5564234286904419","0.03273078992296717","1.797192476875979","0.4435765713095581","0.6125524285498374","1","0.3518198481277821","2.842363798749628","0","5","8"
"DA BRONCOS","Al McGirl","2023","B","INFERRED_ADP_CARD","17","17","1","LAC","0","0","0.441651392161997","0.025979493656588058","0","-0.441651392161997","-0.6818856465981771","0","0.441651392161997","0","0","13","19"
"DA BRONCOS","Al McGirl","2023","B","INFERRED_ADP_CARD","17","17","1","LAR","2","0.11764705882352941","0.34831107619795754","0.020488886835173973","5.741993685160127","1.6516889238020425","2.860592761645752","2","0.34831107619795754","5.741993685160127","0","2","2"
"DA BRONCOS","Al McGirl","2023","B","INFERRED_ADP_CARD","17","17","1","MIA","0","0","0.7827060238806863","0.04604153081651096","0","-0.7827060238806863","-0.9115653634873505","0","0.5499694509906607","0","0","13","30"
"DA BRONCOS","Al McGirl","2023","B","INFERRED_ADP_CARD","17","17","1","MIN","0","0","0.5850294451375732","0.034413496772798424","0","-0.5850294451375732","-0.7849589339151866","0","0.4673823863140438","0","0","13","24"
"DA BRONCOS","Al McGirl","2023","B","INFERRED_ADP_CARD","17","17","1","NE","1","0.058823529411764705","0.30724637681159417","0.018073316283034952","3.2547169811320757","0.6927536231884058","1.3016842253390184","1","0.13333333333333333","7.5","0","5","5"
"DA BRONCOS","Al McGirl","2023","B","INFERRED_ADP_CARD","17","17","1","NO","1","0.058823529411764705","0.7435856567657517","0.04374033275092657","1.3448349775189723","0.2564143432342483","0.3059847496840401","1","0.6566291350266212","1.5229296823075902","0","5","11"
"DA BRONCOS","Al McGirl","2023","B","INFERRED_ADP_CARD","17","17","1","NYG","1","0.058823529411764705","0.40713460560972226","0.02394909444763072","2.4561901302946385","0.5928653943902777","0.9508730301589102","0","0.34831107619795754","0","1","5","7"
"DA BRONCOS","Al McGirl","2023","B","INFERRED_ADP_CARD","17","17","1","NYJ","0","0","0.7827060238806863","0.04604153081651096","0","-0.7827060238806863","-0.9115653634873505","0","0.5499694509906607","0","0","13","31"
"DA BRONCOS","Al McGirl","2023","B","INFERRED_ADP_CARD","17","17","1","PHI","0","0","0.42742446068218604","0.02514261533424624","0","-0.42742446068218604","-0.665965009258578","0","0.2816444095312909","0","0","13","18"
"DA BRONCOS","Al McGirl","2023","B","INFERRED_ADP_CARD","17","17","1","PIT","3","0.17647058823529413","0.48767224138650755","0.028686602434500445","6.1516726715276215","2.5123277586134924","3.663062395578257","2","0.4007157196473771","4.991069483772599","1","1","1"
"DA BRONCOS","Al McGirl","2023","B","INFERRED_ADP_CARD","17","17","1","SEA","1","0.058823529411764705","0.853354486596943","0.05019732274099665","1.1718459511332255","0.14664551340305698","0.1649596206263477","1","0.7357074277734136","1.3592359710523194","0","5","12"
"DA BRONCOS","Al McGirl","2023","B","INFERRED_ADP_CARD","17","17","1","SF","0","0","0.4521306510923642","0.026595920652492014","0","-0.4521306510923642","-0.69085464744693","0","0.3651741293532338","0","0","13","20"
"DA BRONCOS","Al McGirl","2023","B","INFERRED_ADP_CARD","17","17","1","TB","0","0","0.36868290128305836","0.021687229487238727","0","-0.36868290128305836","-0.6235171384820516","0","0.36868290128305836","0","0","13","16"
"DA BRONCOS","Al McGirl","2023","B","INFERRED_ADP_CARD","17","17","1","TEN","1","0.058823529411764705","0.34831107619795754","0.020488886835173973","2.8709968425800634","0.6516889238020425","1.1286729549421268","1","0.34831107619795754","2.8709968425800634","0","5","6"
"DA BRONCOS","Al McGirl","2023","B","INFERRED_ADP_CARD","17","17","1","WAS","0","0","0.29850746268656714","0.017559262510974536","0","-0.29850746268656714","-0.563436169819011","0","0.29850746268656714","0","0","13","15"
"DA BRONCOS","Al McGirl","2024","B","INFERRED_ADP_CARD","17","17","1","ARI","1","0.058823529411764705","0.43841991341991343","0.025789406671759614","2.280918291779807","0.5615800865800866","0.8649666986542549","1","0.43841991341991343","2.280918291779807","0","3","8"
"DA BRONCOS","Al McGirl","2024","B","INFERRED_ADP_CARD","17","17","1","ATL","0","0","0.5288021189336979","0.031106006996099875","0","-0.5288021189336979","-0.7409119792805948","0","0.42353896103896105","0","0","16","24"
"DA BRONCOS","Al McGirl","2024","B","INFERRED_ADP_CARD","17","17","1","BAL","1","0.058823529411764705","0.6387588288904078","0.03757404875825928","1.5655360908859868","0.3612411711095922","0.46440147445457786","1","0.36682900432900434","2.726065791414663","0","3","12"
"DA BRONCOS","Al McGirl","2024","B","INFERRED_ADP_CARD","17","17","1","BUF","2","0.11764705882352941","0.3449675324675325","0.020292207792207792","5.79764705882353","1.6550324675324675","2.8620935388419215","1","0.26163419913419916","3.822130299896587","1","1","1"
"DA BRONCOS","Al McGirl","2024","B","INFERRED_ADP_CARD","17","17","1","CAR","0","0","0.24675324675324675","0.014514896867838044","0","-0.24675324675324675","-0.5037939025304468","0","0.24675324675324675","0","0","16","17"
"DA BRONCOS","Al McGirl","2024","B","INFERRED_ADP_CARD","17","17","1","CHI","1","0.058823529411764705","0.8532068808384597","0.050188640049321165","1.1720486818124163","0.14679311916154025","0.1636113075856871","0","0.5812770562770563","0","1","3","15"
"DA BRONCOS","Al McGirl","2024","B","INFERRED_ADP_CARD","17","17","1","CIN","0","0","0.6382319434951014","0.03754305549971185","0","-0.6382319434951014","-0.8256834634269515","0","0.4277056277056277","0","0","16","26"
"DA BRONCOS","Al McGirl","2024","B","INFERRED_ADP_CARD","17","17","1","CLE","1","0.058823529411764705","0.6185064935064934","0.03638273491214667","1.6167979002624673","0.38149350649350655","0.4995244081102252","0","0.6185064935064934","0","1","3","11"
"DA BRONCOS","Al McGirl","2024","B","INFERRED_ADP_CARD","17","17","1","DAL","0","0","0.750393028024607","0.04414076635438864","0","-0.750393028024607","-0.8868671640118648","0","0.5617965367965367","0","0","16","31"
"DA BRONCOS","Al McGirl","2024","B","INFERRED_ADP_CARD","17","17","1","DEN","1","0.058823529411764705","0.5898553201184781","0.03469737177167518","1.6953309835353192","0.4101446798815219","0.551539561884195","1","0.295995670995671","3.3784277879341866","0","3","10"
"DA BRONCOS","Al McGirl","2024","B","INFERRED_ADP_CARD","17","17","1","DET","0","0","1.0814137616769197","0.0636125742162894","0","-1.0814137616769197","-1.078615522895489","0","0.7042207792207793","0","0","16","32"
"DA BRONCOS","Al McGirl","2024","B","INFERRED_ADP_CARD","17","17","1","GB","0","0","0.4277056277056277","0.025159154570919277","0","-0.4277056277056277","-0.6686792428427928","0","0.4277056277056277","0","0","16","21"
"DA BRONCOS","Al McGirl","2024","B","INFERRED_ADP_CARD","17","17","1","HOU","1","0.058823529411764705","0.7559267486899066","0.04446627933470039","1.3228795008684315","0.2440732513100934","0.28981809762842825","1","0.46206709956709957","2.164187844009837","0","3","14"
"DA BRONCOS","Al McGirl","2024","B","INFERRED_ADP_CARD","17","17","1","IND","1","0.058823529411764705","0.34004329004329004","0.020002546473134708","2.94080203691916","0.65995670995671","1.155921484049088","1","0.2567099567099567","3.895446880269814","0","3","5"
"DA BRONCOS","Al McGirl","2024","B","INFERRED_ADP_CARD","17","17","1","JAX","0","0","0.6436147186147186","0.037859689330277564","0","-0.6436147186147186","-0.8262515477199337","0","0.47694805194805195","0","0","16","27"
"DA BRONCOS","Al McGirl","2024","B","INFERRED_ADP_CARD","17","17","1","KC","0","0","0.6673302574618364","0.039254721027166845","0","-0.6673302574618364","-0.8384262392152839","0","0.3954004329004329","0","0","16","28"
"DA BRONCOS","Al McGirl","2024","B","INFERRED_ADP_CARD","17","17","1","LV","0","0","0.46699134199134196","0.027470078940667175","0","-0.46699134199134196","-0.6996431740446512","0","0.46699134199134196","0","0","16","23"
"DA BRONCOS","Al McGirl","2024","B","INFERRED_ADP_CARD","17","17","1","LAC","0","0","0.4468215994531784","0.02628362349724579","0","-0.4468215994531784","-0.6828577314859566","0","0.34155844155844156","0","0","16","22"
"DA BRONCOS","Al McGirl","2024","B","INFERRED_ADP_CARD","17","17","1","LAR","0","0","0.36103896103896105","0.021237585943468296","0","-0.36103896103896105","-0.6110329570292008","0","0.36103896103896105","0","0","16","18"
"DA BRONCOS","Al McGirl","2024","B","INFERRED_ADP_CARD","17","17","1","MIA","0","0","0.7087263613579403","0.04168978596223178","0","-0.7087263613579403","-0.864787718959736","0","0.4367965367965368","0","0","16","30"
"DA BRONCOS","Al McGirl","2024","B","INFERRED_ADP_CARD","17","17","1","MIN","0","0","0.40449134199134196","0.02379360835243188","0","-0.40449134199134196","-0.6486394373851363","0","0.40449134199134196","0","0","16","19"
"DA BRONCOS","Al McGirl","2024","B","INFERRED_ADP_CARD","17","17","1","NE","0","0","0.21401515151515152","0.012589126559714794","0","-0.21401515151515152","-0.46985751612656806","0","0.21401515151515152","0","0","16","16"
"DA BRONCOS","Al McGirl","2024","B","INFERRED_ADP_CARD","17","17","1","NO","1","0.058823529411764705","0.4074675324675325","0.023968678380443087","2.454183266932271","0.5925324675324675","0.9475674648707314","1","0.32413419913419916","3.085141903171953","0","3","7"
"DA BRONCOS","Al McGirl","2024","B","INFERRED_ADP_CARD","17","17","1","NYG","1","0.058823529411764705","0.19913419913419914","0.011713776419658773","5.021739130434782","0.8008658008658008","1.8183849102593221","1","0.19913419913419914","5.021739130434782","0","3","2"
"DA BRONCOS","Al McGirl","2024","B","INFERRED_ADP_CARD","17","17","1","NYJ","2","0.11764705882352941","0.7440219867851446","0.04376599922265557","2.6880926041471285","1.2559780132148552","1.507965803851464","2","0.36682900432900434","5.452131582829326","0","1","4"
"DA BRONCOS","Al McGirl","2024","B","INFERRED_ADP_CARD","17","17","1","PHI","1","0.058823529411764705","0.7264211665527456","0.04273065685604386","1.3766118693175358","0.2735788334472544","0.3286590639746698","0","0.5378246753246754","0","1","3","13"
"DA BRONCOS","Al McGirl","2024","B","INFERRED_ADP_CARD","17","17","1","PIT","1","0.058823529411764705","0.5384199134199134","0.03167175961293608","1.8572864321608042","0.46158008658008665","0.6464303988141893","1","0.3717532467532467","2.6899563318777293","0","3","9"
"DA BRONCOS","Al McGirl","2024","B","INFERRED_ADP_CARD","17","17","1","SEA","0","0","0.41774891774891776","0.024573465749936338","0","-0.41774891774891776","-0.6618872094517856","0","0.41774891774891776","0","0","16","20"
"DA BRONCOS","Al McGirl","2024","B","INFERRED_ADP_CARD","17","17","1","SF","0","0","0.6936830713146502","0.0408048865479206","0","-0.6936830713146502","-0.853147489698231","0","0.50508658008658","0","0","16","29"
"DA BRONCOS","Al McGirl","2024","B","INFERRED_ADP_CARD","17","17","1","TB","1","0.058823529411764705","0.23349567099567098","0.013735039470333587","4.282734646581692","0.766504329004329","1.6048193173555043","1","0.23349567099567098","4.282734646581692","0","3","3"
"DA BRONCOS","Al McGirl","2024","B","INFERRED_ADP_CARD","17","17","1","TEN","1","0.058823529411764705","0.34199134199134196","0.020117137764196585","2.924050632911393","0.658008658008658","1.1483559819094489","1","0.34199134199134196","2.924050632911393","0","3","6"
"DA BRONCOS","Al McGirl","2024","B","INFERRED_ADP_CARD","17","17","1","WAS","0","0","0.5316017316017316","0.03127069009421951","0","-0.5316017316017316","-0.7502396523391865","0","0.5316017316017316","0","0","16","25"
"DA BRONCOS","Al McGirl","2025","A","EXACT_2025","17","17","1","ARI","2","0.11764705882352941","0.5837288675193499","0.034336992207020585","3.4262482314765808","1.41627113248065","1.893028770496769","2","0.48849077228125476","4.094243153580954","0","1","2"
"DA BRONCOS","Al McGirl","2025","A","EXACT_2025","17","17","1","ATL","0","0","0.4217444540478248","0.02480849729693087","0","-0.4217444540478248","-0.6627373044232895","0","0.4217444540478248","0","0","17","21"
"DA BRONCOS","Al McGirl","2025","A","EXACT_2025","17","17","1","BAL","1","0.058823529411764705","0.48986439865488113","0.02881555286205183","2.0413812531506688","0.5101356013451188","0.7487584520306922","1","0.29938820817869066","3.340144911128722","0","2","7"
"DA BRONCOS","Al McGirl","2025","A","EXACT_2025","17","17","1","BUF","1","0.058823529411764705","0.7222990391777568","0.042488178775162165","1.3844681299013901","0.27770096082224316","0.33747555581952865","1","0.4207117375904553","2.3769244132034575","0","2","14"
"DA BRONCOS","Al McGirl","2025","A","EXACT_2025","17","17","1","CAR","0","0","0.17646211466436185","0.010380124392021284","0","-0.17646211466436185","-0.4241150522769022","0","0.17646211466436185","0","0","17","17"
"DA BRONCOS","Al McGirl","2025","A","EXACT_2025","17","17","1","CHI","0","0","0.4217444540478248","0.02480849729693087","0","-0.4217444540478248","-0.6627373044232895","0","0.4217444540478248","0","0","17","22"
"DA BRONCOS","Al McGirl","2025","A","EXACT_2025","17","17","1","CIN","1","0.058823529411764705","0.4683445043243457","0.027549676724961513","2.135180387015844","0.5316554956756543","0.792649489742891","1","0.41278894876879013","2.4225454750730657","0","2","6"
"DA BRONCOS","Al McGirl","2025","A","EXACT_2025","17","17","1","CLE","1","0.058823529411764705","0.3046672428694901","0.017921602521734713","3.282269503546099","0.6953327571305099","1.2807631778015343","1","0.3046672428694901","3.282269503546099","0","2","3"
"DA BRONCOS","Al McGirl","2025","A","EXACT_2025","17","17","1","DAL","0","0","0.6478588698515995","0.0381093452853882","0","-0.6478588698515995","-0.8277472509002716","0","0.5367477587404884","0","0","17","30"
"DA BRONCOS","Al McGirl","2025","A","EXACT_2025","17","17","1","DEN","0","0","0.9130041673828853","0.0537061274931109","0","-0.9130041673828853","-0.9890647487862189","0","0.6114168657955836","0","0","17","32"
"DA BRONCOS","Al McGirl","2025","A","EXACT_2025","17","17","1","DET","1","0.058823529411764705","0.9698081623891274","0.057047538964066315","1.0311317627359362","0.03019183761087263","0.031639229640453924","0","0.7237764163573813","0","1","2","16"
"DA BRONCOS","Al McGirl","2025","A","EXACT_2025","17","17","1","GB","0","0","0.5133060786976847","0.03019447521751087","0","-0.5133060786976847","-0.728758025138643","0","0.4180679834595895","0","0","17","25"
"DA BRONCOS","Al McGirl","2025","A","EXACT_2025","17","17","1","HOU","1","0.058823529411764705","0.6604232589031003","0.038848426994300016","1.5141804691447485","0.3395767410968997","0.4301171770779138","1","0.41439151287135423","2.4131768362506136","0","2","11"
"DA BRONCOS","Al McGirl","2025","A","EXACT_2025","17","17","1","IND","1","0.058823529411764705","0.18117977528089887","0.010657633840052874","5.51937984496124","0.8188202247191011","1.9701399573982634","0","0.18117977528089887","0","1","2","1"
"DA BRONCOS","Al McGirl","2025","A","EXACT_2025","17","17","1","JAX","1","0.058823529411764705","0.4190463278368103","0.024649783990400603","2.3863709894850365","0.5809536721631897","0.9136610431556987","1","0.36349077228125476","2.7511014756276664","0","2","5"
"DA BRONCOS","Al McGirl","2025","A","EXACT_2025","17","17","1","KC","1","0.058823529411764705","0.6505026239824654","0.03826486023426267","1.5372728151008281","0.3494973760175346","0.4458601520804158","1","0.5393915128713542","1.8539409244255234","0","2","10"
"DA BRONCOS","Al McGirl","2025","A","EXACT_2025","17","17","1","LV","0","0","0.42438820817869066","0.02496401224580533","0","-0.42438820817869066","-0.6635657222871612","0","0.42438820817869066","0","0","17","23"
"DA BRONCOS","Al McGirl","2025","A","EXACT_2025","17","17","1","LAC","0","0","0.522831431621914","0.030754790095406707","0","-0.522831431621914","-0.738736639927922","0","0.42759333638381886","0","0","17","27"
"DA BRONCOS","Al McGirl","2025","A","EXACT_2025","17","17","1","LAR","0","0","0.3555679834595895","0.02091576373291703","0","-0.3555679834595895","-0.6054736886888901","0","0.3555679834595895","0","0","17","19"
"DA BRONCOS","Al McGirl","2025","A","EXACT_2025","17","17","1","MIA","0","0","0.5816823992633642","0.034216611721374364","0","-0.5816823992633642","-0.7850334786245488","0","0.47057128815225313","0","0","17","29"
"DA BRONCOS","Al McGirl","2025","A","EXACT_2025","17","17","1","MIN","0","0","0.8475062886001419","0.049853311094125996","0","-0.8475062886001419","-0.9495334997007093","0","0.6570300981239514","0","0","17","31"
"DA BRONCOS","Al McGirl","2025","A","EXACT_2025","17","17","1","NE","0","0","0.49009333638381886","0.02882901978728346","0","-0.49009333638381886","-0.7143155815309286","0","0.49009333638381886","0","0","17","24"
"DA BRONCOS","Al McGirl","2025","A","EXACT_2025","17","17","1","NO","0","0","0.17646211466436185","0.010380124392021284","0","-0.17646211466436185","-0.4241150522769022","0","0.17646211466436185","0","0","17","18"
"DA BRONCOS","Al McGirl","2025","A","EXACT_2025","17","17","1","NYG","1","0.058823529411764705","0.36876980697205414","0.021692341586591418","2.71171875","0.6312301930279458","1.0622863303957517","0","0.36876980697205414","0","1","2","4"
"DA BRONCOS","Al McGirl","2025","A","EXACT_2025","17","17","1","NYJ","0","0","0.5175523969311147","0.030444258643006743","0","-0.5175523969311147","-0.7347450819015208","0","0.4223143016930195","0","0","17","26"
"DA BRONCOS","Al McGirl","2025","A","EXACT_2025","17","17","1","PHI","1","0.058823529411764705","0.6228146257062318","0.03663615445330776","1.6056141887581143","0.3771853742937682","0.4911000351869333","1","0.4164654193570254","2.4011597446527126","0","2","9"
"DA BRONCOS","Al McGirl","2025","A","EXACT_2025","17","17","1","PIT","1","0.058823529411764705","0.5163583295605767","0.030374019385916277","1.9366396216577053","0.4836416704394233","0.6873405696729757","1","0.36556467876692594","2.7354940399960594","0","2","8"
"DA BRONCOS","Al McGirl","2025","A","EXACT_2025","17","17","1","SEA","1","0.058823529411764705","0.6636827591883772","0.039040162305198654","1.5067439769309479","0.33631724081162284","0.42631105141906656","1","0.4732065687121867","2.11324200913242","0","2","12"
"DA BRONCOS","Al McGirl","2025","A","EXACT_2025","17","17","1","SF","1","0.058823529411764705","0.7485917227738114","0.0440348072219889","1.3358416471593184","0.25140827722618864","0.29794618001936296","1","0.6533536275357161","1.530564701648242","0","2","15"
"DA BRONCOS","Al McGirl","2025","A","EXACT_2025","17","17","1","TB","0","0","0.5859830895769429","0.03446959350452605","0","-0.5859830895769429","-0.7829512779355419","0","0.5304275340213873","0","0","17","28"
"DA BRONCOS","Al McGirl","2025","A","EXACT_2025","17","17","1","TEN","0","0","0.36613452641212063","0.021537325083065918","0","-0.36613452641212063","-0.6178340263454523","0","0.36613452641212063","0","0","17","20"
"DA BRONCOS","Al McGirl","2025","A","EXACT_2025","17","17","1","WAS","1","0.058823529411764705","0.6675966410764824","0.03927039065155779","1.497910472388725","0.3324033589235176","0.41745468738942704","1","0.6675966410764824","1.497910472388725","0","2","13"
"El Pacifesta","Jesse Herrera","2024","B","INFERRED_ADP_CARD","17","17","1","ARI","0","0","0.5834733893557422","0.034321964079749544","0","-0.5834733893557422","-0.7853686262318027","0","0.5834733893557422","0","0","12","25"
"El Pacifesta","Jesse Herrera","2024","B","INFERRED_ADP_CARD","17","17","1","ATL","1","0.058823529411764705","0.43109243697478994","0.02535837864557588","2.319688109161793","0.5689075630252101","0.8812823401054136","0","0.43109243697478994","0","1","5","7"
"El Pacifesta","Jesse Herrera","2024","B","INFERRED_ADP_CARD","17","17","1","BAL","1","0.058823529411764705","0.6779522335249889","0.03987954314852876","1.4750301725543922","0.3220477664750111","0.40184659770791675","1","0.40602240896358543","2.462918247671611","0","5","9"
"El Pacifesta","Jesse Herrera","2024","B","INFERRED_ADP_CARD","17","17","1","BUF","0","0","0.5025210084033613","0.029560059317844785","0","-0.5025210084033613","-0.7262323791380841","0","0.3358543417366947","0","0","12","22"
"El Pacifesta","Jesse Herrera","2024","B","INFERRED_ADP_CARD","17","17","1","CAR","0","0","0.18347338935574228","0.010792552315043663","0","-0.18347338935574228","-0.4341295982130087","0","0.18347338935574228","0","0","12","12"
"El Pacifesta","Jesse Herrera","2024","B","INFERRED_ADP_CARD","17","17","1","CHI","3","0.17647058823529413","0.7149270234409554","0.04205453079064443","4.196232484765999","2.2850729765590447","2.766017720496013","1","0.5263305322128852","1.8999467802022352","2","1","2"
"El Pacifesta","Jesse Herrera","2024","B","INFERRED_ADP_CARD","17","17","1","CIN","0","0","0.574952086097597","0.033820710946917465","0","-0.574952086097597","-0.7851743223260614","0","0.36442577030812323","0","0","12","24"
"El Pacifesta","Jesse Herrera","2024","B","INFERRED_ADP_CARD","17","17","1","CLE","3","0.17647058823529413","0.488375350140056","0.028727961772944472","6.142816174361916","2.511624649859944","3.672144479931565","3","0.4050420168067227","7.406639004149378","0","1","1"
"El Pacifesta","Jesse Herrera","2024","B","INFERRED_ADP_CARD","17","17","1","DAL","2","0.11764705882352941","0.6828541943093027","0.04016789378290016","2.928882939677879","1.3171458056906973","1.6362913765021136","2","0.4942577030812325","4.046472088410314","0","3","4"
"El Pacifesta","Jesse Herrera","2024","B","INFERRED_ADP_CARD","17","17","1","DEN","0","0","0.743999705145216","0.04376468853795388","0","-0.743999705145216","-0.8919767812327568","0","0.4501400560224089","0","0","12","28"
"El Pacifesta","Jesse Herrera","2024","B","INFERRED_ADP_CARD","17","17","1","DET","0","0","1.0965207135485773","0.06450121844403396","0","-1.0965207135485773","-1.0866115403783767","0","0.719327731092437","0","0","12","32"
"El Pacifesta","Jesse Herrera","2024","B","INFERRED_ADP_CARD","17","17","1","GB","1","0.058823529411764705","0.3203081232492997","0.018841654308782336","3.121993878443376","0.6796918767507003","1.2293818706651667","1","0.3203081232492997","3.121993878443376","0","5","6"
"El Pacifesta","Jesse Herrera","2024","B","INFERRED_ADP_CARD","17","17","1","HOU","0","0","0.8392378003833112","0.04936692943431242","0","-0.8392378003833112","-0.945050383438555","0","0.5453781512605042","0","0","12","31"
"El Pacifesta","Jesse Herrera","2024","B","INFERRED_ADP_CARD","17","17","1","IND","0","0","0.3560224089635854","0.02094249464491679","0","-0.3560224089635854","-0.609905612418607","0","0.2726890756302521","0","0","12","19"
"El Pacifesta","Jesse Herrera","2024","B","INFERRED_ADP_CARD","17","17","1","JAX","0","0","0.7536414565826329","0.044331850387213705","0","-0.7536414565826329","-0.8960911420636868","0","0.5869747899159663","0","0","12","29"
"El Pacifesta","Jesse Herrera","2024","B","INFERRED_ADP_CARD","17","17","1","KC","2","0.11764705882352941","0.5790726817042606","0.03406309892378004","3.4537978792469164","1.4209273182957394","1.9084917397212782","1","0.3904761904761904","2.560975609756098","1","3","3"
"El Pacifesta","Jesse Herrera","2024","B","INFERRED_ADP_CARD","17","17","1","LV","1","0.058823529411764705","0.5012605042016807","0.02948591201186357","1.9949706621961443","0.49873949579831933","0.7245909362706059","1","0.5012605042016807","1.9949706621961443","0","5","8"
"El Pacifesta","Jesse Herrera","2024","B","INFERRED_ADP_CARD","17","17","1","LAC","0","0","0.3519018133569217","0.02070010666805422","0","-0.3519018133569217","-0.6055283467226691","0","0.24663865546218489","0","0","12","18"
"El Pacifesta","Jesse Herrera","2024","B","INFERRED_ADP_CARD","17","17","1","LAR","0","0","0.2977591036414566","0.017515241390673918","0","-0.2977591036414566","-0.5549958211754754","0","0.2977591036414566","0","0","12","15"
"El Pacifesta","Jesse Herrera","2024","B","INFERRED_ADP_CARD","17","17","1","MIA","0","0","0.6138065752616836","0.036106269133040214","0","-0.6138065752616836","-0.8051252451698216","0","0.3418767507002801","0","0","12","26"
"El Pacifesta","Jesse Herrera","2024","B","INFERRED_ADP_CARD","17","17","1","MIN","0","0","0.41204481792717085","0.024237930466304167","0","-0.41204481792717085","-0.6548360070488657","0","0.41204481792717085","0","0","12","21"
"El Pacifesta","Jesse Herrera","2024","B","INFERRED_ADP_CARD","17","17","1","NE","0","0","0.22156862745098038","0.013033448673587082","0","-0.22156862745098038","-0.4783714315356172","0","0.22156862745098038","0","0","12","14"
"El Pacifesta","Jesse Herrera","2024","B","INFERRED_ADP_CARD","17","17","1","NO","0","0","0.5334733893557423","0.03138078760916131","0","-0.5334733893557423","-0.7489526574531807","0","0.4501400560224089","0","0","12","23"
"El Pacifesta","Jesse Herrera","2024","B","INFERRED_ADP_CARD","17","17","1","NYG","0","0","0.18347338935574228","0.010792552315043663","0","-0.18347338935574228","-0.4341295982130087","0","0.18347338935574228","0","0","12","13"
"El Pacifesta","Jesse Herrera","2024","B","INFERRED_ADP_CARD","17","17","1","NYJ","1","0.058823529411764705","0.8273330384785492","0.0486666493222676","1.2087030899176736","0.17266696152145078","0.19637895421213347","1","0.4501400560224089","2.2215308027380214","0","5","11"
"El Pacifesta","Jesse Herrera","2024","B","INFERRED_ADP_CARD","17","17","1","PHI","1","0.058823529411764705","0.7725711337166445","0.04544536080686144","1.2943791922295267","0.22742886628335546","0.26643984736524917","1","0.4787114845938375","2.0889409011117612","0","5","10"
"El Pacifesta","Jesse Herrera","2024","B","INFERRED_ADP_CARD","17","17","1","PIT","0","0","0.6609243697478991","0.0388779041028176","0","-0.6609243697478991","-0.838596723148687","0","0.4942577030812325","0","0","12","27"
"El Pacifesta","Jesse Herrera","2024","B","INFERRED_ADP_CARD","17","17","1","SEA","1","0.058823529411764705","0.27521008403361347","0.0161888284725655","3.633587786259542","0.7247899159663865","1.4099024935557551","1","0.27521008403361347","3.633587786259542","0","5","5"
"El Pacifesta","Jesse Herrera","2024","B","INFERRED_ADP_CARD","17","17","1","SF","0","0","0.7720698805838124","0.04541587532845955","0","-0.7720698805838124","-0.9026951414221592","0","0.5834733893557422","0","0","12","30"
"El Pacifesta","Jesse Herrera","2024","B","INFERRED_ADP_CARD","17","17","1","TB","0","0","0.3203081232492997","0.018841654308782336","0","-0.3203081232492997","-0.5751856895024916","0","0.3203081232492997","0","0","12","16"
"El Pacifesta","Jesse Herrera","2024","B","INFERRED_ADP_CARD","17","17","1","TEN","0","0","0.322829131652661","0.018989948920744765","0","-0.322829131652661","-0.5817735262917735","0","0.322829131652661","0","0","12","17"
"El Pacifesta","Jesse Herrera","2024","B","INFERRED_ADP_CARD","17","17","1","WAS","0","0","0.4050420168067227","0.023826000988630747","0","-0.4050420168067227","-0.6540554976251225","0","0.4050420168067227","0","0","12","20"
"El Pacifesta","Jesse Herrera","2025","A","EXACT_2025","17","17","1","ARI","0","0","0.7122416488280106","0.04189656757811827","0","-0.7122416488280106","-0.8672732864026105","0","0.6667871033734651","0","0","15","29"
"El Pacifesta","Jesse Herrera","2025","A","EXACT_2025","17","17","1","ATL","1","0.058823529411764705","0.33137334966653054","0.01949254998038415","3.017744187956954","0.6686266503334695","1.1796862889424762","1","0.33137334966653054","3.017744187956954","0","4","6"
"El Pacifesta","Jesse Herrera","2025","A","EXACT_2025","17","17","1","BAL","1","0.058823529411764705","0.4243026425958235","0.024958978976224913","2.3568083240824085","0.5756973574041765","0.9022803559365341","1","0.33339355168673257","2.999458132710475","0","4","7"
"El Pacifesta","Jesse Herrera","2025","A","EXACT_2025","17","17","1","BUF","1","0.058823529411764705","0.7484856491317712","0.04402856759598654","1.3360309595247157","0.2515143508682288","0.30069129451278337","1","0.4222824405756215","2.3680833108686223","0","4","14"
"El Pacifesta","Jesse Herrera","2025","A","EXACT_2025","17","17","1","CAR","0","0","0.13952180028129396","0.008207164722429057","0","-0.13952180028129396","-0.37707827753770146","0","0.13952180028129396","0","0","15","15"
"El Pacifesta","Jesse Herrera","2025","A","EXACT_2025","17","17","1","CHI","0","0","0.42814754321491766","0.025185149600877508","0","-0.42814754321491766","-0.6697557052004437","0","0.42814754321491766","0","0","15","21"
"El Pacifesta","Jesse Herrera","2025","A","EXACT_2025","17","17","1","CIN","0","0","0.6308385903082419","0.03710815237107305","0","-0.6308385903082419","-0.8125363440158959","0","0.5131915314847124","0","0","15","27"
"El Pacifesta","Jesse Herrera","2025","A","EXACT_2025","17","17","1","CLE","0","0","0.331696713975195","0.01951157141030559","0","-0.331696713975195","-0.5852677110424669","0","0.331696713975195","0","0","15","18"
"El Pacifesta","Jesse Herrera","2025","A","EXACT_2025","17","17","1","DAL","2","0.11764705882352941","0.5843739438435954","0.03437493787315267","3.422466078561657","1.4156260561564045","1.8898344281950956","1","0.466726885020066","2.1425806656863298","1","1","2"
"El Pacifesta","Jesse Herrera","2025","A","EXACT_2025","17","17","1","DEN","0","0","0.992990311929615","0.05841119481938911","0","-0.992990311929615","-1.0345289033778302","0","0.6667871033734651","0","0","15","31"
"El Pacifesta","Jesse Herrera","2025","A","EXACT_2025","17","17","1","DET","0","0","1.0818792008185039","0.06363995298932376","0","-1.0818792008185039","-1.0795763301023007","0","0.7556759922623542","0","0","15","32"
"El Pacifesta","Jesse Herrera","2025","A","EXACT_2025","17","17","1","GB","2","0.11764705882352941","0.32619498372867095","0.019187940219333587","6.1313021345037","1.673805016271329","2.9779342187676807","2","0.2807404382741255","7.12401822941918","0","1","1"
"El Pacifesta","Jesse Herrera","2025","A","EXACT_2025","17","17","1","HOU","0","0","0.6694179321133901","0.03937752541843471","0","-0.6694179321133901","-0.8415533665420222","0","0.4608617823807697","0","0","15","28"
"El Pacifesta","Jesse Herrera","2025","A","EXACT_2025","17","17","1","IND","1","0.058823529411764705","0.23900293255131966","0.014058996032430568","4.184049079754601","0.7609970674486803","1.6062877542443412","1","0.1935483870967742","5.166666666666667","0","4","3"
"El Pacifesta","Jesse Herrera","2025","A","EXACT_2025","17","17","1","JAX","0","0","0.5461179663471115","0.03212458625571244","0","-0.5461179663471115","-0.7533002939039948","0","0.4284709075235821","0","0","15","25"
"El Pacifesta","Jesse Herrera","2025","A","EXACT_2025","17","17","1","KC","2","0.11764705882352941","0.7884384643397926","0.04637873319645839","2.5366596005367668","1.2115615356602074","1.4186579431310122","2","0.5531443466927337","3.6156927426955705","0","1","4"
"El Pacifesta","Jesse Herrera","2025","A","EXACT_2025","17","17","1","LV","0","0","0.47461218967956414","0.02791836409879789","0","-0.47461218967956414","-0.7037423391271148","0","0.47461218967956414","0","0","15","23"
"El Pacifesta","Jesse Herrera","2025","A","EXACT_2025","17","17","1","LAC","0","0","0.42778417082214554","0.025163774754243855","0","-0.42778417082214554","-0.6674900987048653","0","0.38232962536760007","0","0","15","20"
"El Pacifesta","Jesse Herrera","2025","A","EXACT_2025","17","17","1","LAR","0","0","0.32550824702723435","0.01914754394277849","0","-0.32550824702723435","-0.5792866977961454","0","0.32550824702723435","0","0","15","17"
"El Pacifesta","Jesse Herrera","2025","A","EXACT_2025","17","17","1","MIA","1","0.058823529411764705","0.6517114555833841","0.03833596797549318","1.534421393751385","0.34828854441661594","0.44740623002528784","1","0.4164173379363253","2.4014369933677226","0","4","10"
"El Pacifesta","Jesse Herrera","2025","A","EXACT_2025","17","17","1","MIN","1","0.058823529411764705","0.6527133317660063","0.038394901868588606","1.5320661480812128","0.3472866682339937","0.4408915825654382","1","0.5618042408569154","1.7799794435063505","0","4","11"
"El Pacifesta","Jesse Herrera","2025","A","EXACT_2025","17","17","1","NE","0","0","0.4791038189159872","0.028182577583293365","0","-0.4791038189159872","-0.7056356287210841","0","0.4791038189159872","0","0","15","24"
"El Pacifesta","Jesse Herrera","2025","A","EXACT_2025","17","17","1","NO","0","0","0.13952180028129396","0.008207164722429057","0","-0.13952180028129396","-0.37707827753770146","0","0.13952180028129396","0","0","15","16"
"El Pacifesta","Jesse Herrera","2025","A","EXACT_2025","17","17","1","NYG","0","0","0.3368750799130546","0.019816181171356154","0","-0.3368750799130546","-0.5931313985359499","0","0.29142053445850913","0","0","15","19"
"El Pacifesta","Jesse Herrera","2025","A","EXACT_2025","17","17","1","NYJ","0","0","0.46806035033883137","0.027532961784637138","0","-0.46806035033883137","-0.6998995924976205","0","0.4226058048842859","0","0","15","22"
"El Pacifesta","Jesse Herrera","2025","A","EXACT_2025","17","17","1","PHI","1","0.058823529411764705","0.7429839188852472","0.04370493640501454","1.3459241506873698","0.2570160811147528","0.3093901312286009","1","0.4622352557836429","2.1634005357394614","0","4","13"
"El Pacifesta","Jesse Herrera","2025","A","EXACT_2025","17","17","1","PIT","0","0","0.5974376144409531","0.035143389084761945","0","-0.5974376144409531","-0.7925635995741909","0","0.43433601016287826","0","0","15","26"
"El Pacifesta","Jesse Herrera","2025","A","EXACT_2025","17","17","1","SEA","1","0.058823529411764705","0.4702084132463879","0.02765931842625811","2.1267165193745754","0.529791586753612","0.7937080856586575","0","0.42475386779184243","0","1","4","8"
"El Pacifesta","Jesse Herrera","2025","A","EXACT_2025","17","17","1","SF","0","0","0.7488007886129568","0.044047105212526874","0","-0.7488007886129568","-0.8886673002283696","0","0.7033462431584114","0","0","15","30"
"El Pacifesta","Jesse Herrera","2025","A","EXACT_2025","17","17","1","TB","1","0.058823529411764705","0.5111713294645104","0.030068901733206494","1.9562912517953104","0.4888286705354896","0.6980522138247315","0","0.5111713294645104","0","1","4","9"
"El Pacifesta","Jesse Herrera","2025","A","EXACT_2025","17","17","1","TEN","1","0.058823529411764705","0.28725226953075056","0.01689719232533827","3.481260571530312","0.7127477304692494","1.3512313633706918","1","0.28725226953075056","3.481260571530312","0","4","5"
"El Pacifesta","Jesse Herrera","2025","A","EXACT_2025","17","17","1","WAS","1","0.058823529411764705","0.7112315478179096","0.04183714987164174","1.4060118720380794","0.28876845218209035","0.3519928199054531","1","0.7112315478179096","1.4060118720380794","0","4","12"
"Pimpin since '99","Dylan Walker","2022","B","INFERRED_ADP_CARD","17","16","0.9411764705882353","ARI","2","0.125","0.9790365668813945","0.06118978543008716","2.042824617236478","1.0209634331186055","1.0819505254919153","1","0.9165365668813945","1.0910639423832242","1","1","6"
"Pimpin since '99","Dylan Walker","2022","B","INFERRED_ADP_CARD","17","16","0.9411764705882353","ATL","1","0.0625","0.3208680687128963","0.02005425429455602","3.1165457005781767","0.6791319312871037","1.2202354738690673","1","0.2583680687128963","3.8704473233928134","0","5","5"
"Pimpin since '99","Dylan Walker","2022","B","INFERRED_ADP_CARD","17","16","0.9411764705882353","BAL","0","0","0.39183687002652523","0.024489804376657827","0","-0.39183687002652523","-0.6376586008899952","0","0.32933687002652523","0","0","13","21"
"Pimpin since '99","Dylan Walker","2022","B","INFERRED_ADP_CARD","17","16","0.9411764705882353","BUF","1","0.0625","0.8354680966341583","0.052216756039634896","1.1969337955915846","0.16453190336584167","0.18569722611027273","1","0.6677049387394215","1.4976675204588534","0","5","11"
"Pimpin since '99","Dylan Walker","2022","B","INFERRED_ADP_CARD","17","16","0.9411764705882353","CAR","0","0","0.16312997347480107","0.010195623342175067","0","-0.16312997347480107","-0.4072396726791125","0","0.16312997347480107","0","0","13","13"
"Pimpin since '99","Dylan Walker","2022","B","INFERRED_ADP_CARD","17","16","0.9411764705882353","CHI","0","0","0.16312997347480107","0.010195623342175067","0","-0.16312997347480107","-0.4072396726791125","0","0.16312997347480107","0","0","13","14"
"Pimpin since '99","Dylan Walker","2022","B","INFERRED_ADP_CARD","17","16","0.9411764705882353","CIN","0","0","0.7558222811671088","0.0472388925729443","0","-0.7558222811671088","-0.9057610641161001","0","0.6308222811671088","0","0","13","31"
"Pimpin since '99","Dylan Walker","2022","B","INFERRED_ADP_CARD","17","16","0.9411764705882353","CLE","0","0","0.33554376657824936","0.020971485411140585","0","-0.33554376657824936","-0.5922538426569613","0","0.33554376657824936","0","0","13","20"
"Pimpin since '99","Dylan Walker","2022","B","INFERRED_ADP_CARD","17","16","0.9411764705882353","DAL","2","0.125","0.677477380453787","0.04234233627836169","2.95212808235806","1.322522619546213","1.657139492387868","2","0.5722142225590502","3.4951944938656396","0","1","2"
"Pimpin since '99","Dylan Walker","2022","B","INFERRED_ADP_CARD","17","16","0.9411764705882353","DEN","0","0","0.5724446394500842","0.03577778996563026","0","-0.5724446394500842","-0.7781306098873095","0","0.5198130605027157","0","0","13","29"
"Pimpin since '99","Dylan Walker","2022","B","INFERRED_ADP_CARD","17","16","0.9411764705882353","DET","0","0","0.43052924087406846","0.02690807755462928","0","-0.43052924087406846","-0.6755375300511585","0","0.43052924087406846","0","0","13","22"
"Pimpin since '99","Dylan Walker","2022","B","INFERRED_ADP_CARD","17","16","0.9411764705882353","GB","1","0.0625","0.3140765707371878","0.019629785671074238","3.1839369541409615","0.6859234292628122","1.2479898308926511","1","0.2614449917898194","3.8248963698027882","0","5","4"
"Pimpin since '99","Dylan Walker","2022","B","INFERRED_ADP_CARD","17","16","0.9411764705882353","HOU","0","0","0.16312997347480107","0.010195623342175067","0","-0.16312997347480107","-0.4072396726791125","0","0.16312997347480107","0","0","13","15"
"Pimpin since '99","Dylan Walker","2022","B","INFERRED_ADP_CARD","17","16","0.9411764705882353","IND","0","0","0.5900984224486947","0.03688115140304342","0","-0.5900984224486947","-0.7931024371078302","0","0.4124668435013263","0","0","13","30"
"Pimpin since '99","Dylan Walker","2022","B","INFERRED_ADP_CARD","17","16","0.9411764705882353","JAX","0","0","0.5693899204244033","0.035586870026525205","0","-0.5693899204244033","-0.773294991180146","0","0.5693899204244033","0","0","13","28"
"Pimpin since '99","Dylan Walker","2022","B","INFERRED_ADP_CARD","17","16","0.9411764705882353","KC","1","0.0625","0.6692612000824342","0.041828825005152136","1.494184930901161","0.33073879991756583","0.41476704578409845","1","0.5014980421876973","1.994025730664222","0","5","9"
"Pimpin since '99","Dylan Walker","2022","B","INFERRED_ADP_CARD","17","16","0.9411764705882353","LV","1","0.0625","0.8636515360018082","0.053978221000113014","1.1578743953023043","0.13634846399819178","0.1524655175617892","1","0.6860199570544399","1.4576835407146091","0","5","12"
"Pimpin since '99","Dylan Walker","2022","B","INFERRED_ADP_CARD","17","16","0.9411764705882353","LAC","2","0.125","0.44960770626832336","0.02810048164177021","4.448322331037652","1.5503922937316768","2.3602118950038133","1","0.39697612732095494","2.519043164506214","1","1","1"
"Pimpin since '99","Dylan Walker","2022","B","INFERRED_ADP_CARD","17","16","0.9411764705882353","LAR","0","0","0.3169761273209549","0.019811007957559683","0","-0.3169761273209549","-0.5741050303901063","0","0.3169761273209549","0","0","13","19"
"Pimpin since '99","Dylan Walker","2022","B","INFERRED_ADP_CARD","17","16","0.9411764705882353","MIA","2","0.125","0.6935526980581428","0.043347043628633924","2.883703005697677","1.3064473019418572","1.6050338538719933","2","0.5784211191107743","3.4576884106075956","0","1","3"
"Pimpin since '99","Dylan Walker","2022","B","INFERRED_ADP_CARD","17","16","0.9411764705882353","MIN","0","0","0.5543822420773419","0.03464889012983387","0","-0.5543822420773419","-0.7662539736286942","0","0.5017506631299735","0","0","13","27"
"Pimpin since '99","Dylan Walker","2022","B","INFERRED_ADP_CARD","17","16","0.9411764705882353","NE","0","0","0.4811206896551724","0.030070043103448275","0","-0.4811206896551724","-0.7163870128172365","0","0.4186206896551724","0","0","13","24"
"Pimpin since '99","Dylan Walker","2022","B","INFERRED_ADP_CARD","17","16","0.9411764705882353","NO","1","0.0625","0.5115231048443389","0.031970194052771184","1.9549459067040753","0.48847689515566106","0.7002839219631155","1","0.40625994694960216","2.4614781927396185","0","5","8"
"Pimpin since '99","Dylan Walker","2022","B","INFERRED_ADP_CARD","17","16","0.9411764705882353","NYG","0","0","0.23076923076923078","0.014423076923076924","0","-0.23076923076923078","-0.4918693768379647","0","0.23076923076923078","0","0","13","16"
"Pimpin since '99","Dylan Walker","2022","B","INFERRED_ADP_CARD","17","16","0.9411764705882353","NYJ","0","0","0.49867374005305043","0.031167108753315652","0","-0.49867374005305043","-0.7272675575745797","0","0.49867374005305043","0","0","13","26"
"Pimpin since '99","Dylan Walker","2022","B","INFERRED_ADP_CARD","17","16","0.9411764705882353","PHI","0","0","0.4922142225590502","0.030763388909940636","0","-0.4922142225590502","-0.7161861860131475","0","0.4922142225590502","0","0","13","23"
"Pimpin since '99","Dylan Walker","2022","B","INFERRED_ADP_CARD","17","16","0.9411764705882353","PIT","1","0.0625","0.39720654421198887","0.024825409013249304","2.5175818842156352","0.6027934557880111","0.974312153323836","1","0.34457496526462045","2.9021260997067446","0","5","7"
"Pimpin since '99","Dylan Walker","2022","B","INFERRED_ADP_CARD","17","16","0.9411764705882353","SEA","0","0","0.4984211191107743","0.031151319944423394","0","-0.4984211191107743","-0.721448555172402","0","0.4984211191107743","0","0","13","25"
"Pimpin since '99","Dylan Walker","2022","B","INFERRED_ADP_CARD","17","16","0.9411764705882353","SF","1","0.0625","0.7461842770055112","0.04663651731284445","1.3401515293421469","0.25381572299448885","0.3018907912888972","1","0.5784211191107743","1.7288442053037978","0","5","10"
"Pimpin since '99","Dylan Walker","2022","B","INFERRED_ADP_CARD","17","16","0.9411764705882353","TB","0","0","0.8420069736675908","0.052625435854224425","0","-0.8420069736675908","-0.95225651014044","0","0.6643753947202223","0","0","13","32"
"Pimpin since '99","Dylan Walker","2022","B","INFERRED_ADP_CARD","17","16","0.9411764705882353","TEN","0","0","0.2431299734748011","0.015195623342175068","0","-0.2431299734748011","-0.4991442151853662","0","0.2431299734748011","0","0","13","17"
"Pimpin since '99","Dylan Walker","2022","B","INFERRED_ADP_CARD","17","16","0.9411764705882353","WAS","0","0","0.24933687002652521","0.015583554376657826","0","-0.24933687002652521","-0.5066314439965341","0","0.24933687002652521","0","0","13","18"
"Pimpin since '99","Dylan Walker","2023","B","INFERRED_ADP_CARD","17","17","1","ARI","0","0","0.6945009490042944","0.04085299700025261","0","-0.6945009490042944","-0.8571521842676717","0","0.6945009490042944","0","0","15","28"
"Pimpin since '99","Dylan Walker","2023","B","INFERRED_ADP_CARD","17","17","1","ATL","0","0","0.6589931792468803","0.03876430466158119","0","-0.6589931792468803","-0.8376262547078234","0","0.6001696498351156","0","0","15","25"
"Pimpin since '99","Dylan Walker","2023","B","INFERRED_ADP_CARD","17","17","1","BAL","1","0.058823529411764705","0.5120928968602366","0.03012311158001392","1.9527706908868252","0.4879071031397634","0.7032699227188935","1","0.36993603411513853","2.703170028818444","0","3","9"
"Pimpin since '99","Dylan Walker","2023","B","INFERRED_ADP_CARD","17","17","1","BUF","0","0","0.7229011979927786","0.04252359988192816","0","-0.7229011979927786","-0.871907936854218","0","0.5807443352476805","0","0","15","30"
"Pimpin since '99","Dylan Walker","2023","B","INFERRED_ADP_CARD","17","17","1","CAR","1","0.058823529411764705","0.07462686567164178","0.004389815627743634","13.4","0.9253731343283582","3.412987671891718","1","0.07462686567164178","13.4","0","3","2"
"Pimpin since '99","Dylan Walker","2023","B","INFERRED_ADP_CARD","17","17","1","CHI","0","0","0.691302654761224","0.04066486204477788","0","-0.691302654761224","-0.8581271835176932","0","0.691302654761224","0","0","15","29"
"Pimpin since '99","Dylan Walker","2023","B","INFERRED_ADP_CARD","17","17","1","CIN","1","0.058823529411764705","0.6295103933950774","0.03703002314088691","1.5885361234574649","0.3704896066049226","0.47754286396887385","1","0.5290201973166461","1.890286996739083","0","3","14"
"Pimpin since '99","Dylan Walker","2023","B","INFERRED_ADP_CARD","17","17","1","CLE","1","0.058823529411764705","0.5148239372377303","0.03028376101398414","1.9424116239922034","0.48517606276226966","0.6950621772890273","1","0.431490603904397","2.3175475687103595","0","3","10"
"Pimpin since '99","Dylan Walker","2023","B","INFERRED_ADP_CARD","17","17","1","DAL","1","0.058823529411764705","0.5864795480724455","0.03449879694543797","1.7050892964412017","0.4135204519275545","0.5560005339813975","1","0.5448128814057789","1.835492577597841","0","3","12"
"Pimpin since '99","Dylan Walker","2023","B","INFERRED_ADP_CARD","17","17","1","DEN","0","0","0.677333434088452","0.039843143181673646","0","-0.677333434088452","-0.8413353371322007","0","0.6356667674217854","0","0","15","26"
"Pimpin since '99","Dylan Walker","2023","B","INFERRED_ADP_CARD","17","17","1","DET","0","0","0.6324684731787151","0.037204027834042065","0","-0.6324684731787151","-0.8145308337366796","0","0.6324684731787151","0","0","15","22"
"Pimpin since '99","Dylan Walker","2023","B","INFERRED_ADP_CARD","17","17","1","GB","1","0.058823529411764705","0.2385057471264368","0.014029749830966871","4.192771084337349","0.7614942528735632","1.6106223617452868","1","0.15517241379310345","6.444444444444445","0","3","4"
"Pimpin since '99","Dylan Walker","2023","B","INFERRED_ADP_CARD","17","17","1","HOU","0","0","0.4220945083014048","0.024829088723612048","0","-0.4220945083014048","-0.6726506454080446","0","0.4220945083014048","0","0","15","16"
"Pimpin since '99","Dylan Walker","2023","B","INFERRED_ADP_CARD","17","17","1","IND","1","0.058823529411764705","0.27240644070288944","0.016023908276640554","3.670985155195682","0.7275935592971106","1.4147157952405167","1","0.27240644070288944","3.670985155195682","0","3","6"
"Pimpin since '99","Dylan Walker","2023","B","INFERRED_ADP_CARD","17","17","1","JAX","0","0","0.8121480078278238","0.04777341222516611","0","-0.8121480078278238","-0.9314145791453647","0","0.6945009490042944","0","0","15","31"
"Pimpin since '99","Dylan Walker","2023","B","INFERRED_ADP_CARD","17","17","1","KC","3","0.17647058823529413","0.6615407499993192","0.03891416176466583","4.534868033455365","2.338459250000681","2.957617041942084","1","0.6198740833326526","1.6132308591184552","2","1","3"
"Pimpin since '99","Dylan Walker","2023","B","INFERRED_ADP_CARD","17","17","1","LV","0","0","0.6489250558117682","0.038172062106574596","0","-0.6489250558117682","-0.8281472431450523","0","0.48961133032157217","0","0","15","24"
"Pimpin since '99","Dylan Walker","2023","B","INFERRED_ADP_CARD","17","17","1","LAC","1","0.058823529411764705","0.2692081464598191","0.01583577332116583","3.7145978424143116","0.730791853540181","1.4415458416036522","1","0.2692081464598191","3.7145978424143116","0","3","5"
"Pimpin since '99","Dylan Walker","2023","B","INFERRED_ADP_CARD","17","17","1","LAR","1","0.058823529411764705","0.6198740833326526","0.03646318137250898","1.6132308591184552","0.3801259166673474","0.4969041778902287","1","0.6198740833326526","1.6132308591184552","0","3","13"
"Pimpin since '99","Dylan Walker","2023","B","INFERRED_ADP_CARD","17","17","1","MIA","0","0","0.6155411727223056","0.03620830427778268","0","-0.6155411727223056","-0.8074124358051398","0","0.47338430997720754","0","0","15","18"
"Pimpin since '99","Dylan Walker","2023","B","INFERRED_ADP_CARD","17","17","1","MIN","0","0","0.6269628226426386","0.03688016603780227","0","-0.6269628226426386","-0.8123285693924003","0","0.5093157638191091","0","0","15","20"
"Pimpin since '99","Dylan Walker","2023","B","INFERRED_ADP_CARD","17","17","1","NE","2","0.11764705882352941","0.13505747126436782","0.007944557133198107","14.808510638297872","1.8649425287356323","5.228602852700108","2","0.05172413793103448","38.666666666666664","0","2","1"
"Pimpin since '99","Dylan Walker","2023","B","INFERRED_ADP_CARD","17","17","1","NO","1","0.058823529411764705","0.5438723868343013","0.03199249334319419","1.8386666140942816","0.4561276131656987","0.635418206845997","1","0.5022057201676347","1.9912158699948763","0","3","11"
"Pimpin since '99","Dylan Walker","2023","B","INFERRED_ADP_CARD","17","17","1","NYG","0","0","0.6660925707276105","0.03918191592515356","0","-0.6660925707276105","-0.8458457259613211","0","0.5484455119040811","0","0","15","27"
"Pimpin since '99","Dylan Walker","2023","B","INFERRED_ADP_CARD","17","17","1","NYJ","0","0","0.6155411727223056","0.03620830427778268","0","-0.6155411727223056","-0.8074124358051398","0","0.47338430997720754","0","0","15","19"
"Pimpin since '99","Dylan Walker","2023","B","INFERRED_ADP_CARD","17","17","1","PHI","0","0","0.4637505227973273","0.027279442517489844","0","-0.4637505227973273","-0.6936232109177887","0","0.3632603267188959","0","0","15","17"
"Pimpin since '99","Dylan Walker","2023","B","INFERRED_ADP_CARD","17","17","1","PIT","0","0","0.644373235083477","0.03790430794608688","0","-0.644373235083477","-0.8213158650202731","0","0.5610399017501436","0","0","15","23"
"Pimpin since '99","Dylan Walker","2023","B","INFERRED_ADP_CARD","17","17","1","SEA","0","0","0.8117136715725919","0.04774786303368188","0","-0.8117136715725919","-0.941055752754453","0","0.6940666127490625","0","0","15","32"
"Pimpin since '99","Dylan Walker","2023","B","INFERRED_ADP_CARD","17","17","1","SF","1","0.058823529411764705","0.3401741293532338","0.0200102429031314","2.939670932358318","0.6598258706467661","1.1652960787975588","1","0.29850746268656714","3.35","0","3","8"
"Pimpin since '99","Dylan Walker","2023","B","INFERRED_ADP_CARD","17","17","1","TB","1","0.058823529411764705","0.27560473494595983","0.016212043232115284","3.628384687208217","0.7243952650540402","1.4080177176939495","1","0.27560473494595983","3.628384687208217","0","3","7"
"Pimpin since '99","Dylan Walker","2023","B","INFERRED_ADP_CARD","17","17","1","TEN","0","0","0.6230723775757229","0.0366513163279837","0","-0.6230723775757229","-0.8128156460522169","0","0.6230723775757229","0","0","15","21"
"Pimpin since '99","Dylan Walker","2023","B","INFERRED_ADP_CARD","17","17","1","WAS","0","0","0.29850746268656714","0.017559262510974536","0","-0.29850746268656714","-0.563436169819011","0","0.29850746268656714","0","0","15","15"
"Pimpin since '99","Dylan Walker","2024","B","INFERRED_ADP_CARD","17","17","1","ARI","0","0","0.49821824611880355","0.029306955654047267","0","-0.49821824611880355","-0.7228534148236809","0","0.49821824611880355","0","0","13","24"
"Pimpin since '99","Dylan Walker","2024","B","INFERRED_ADP_CARD","17","17","1","ATL","0","0","0.5345557012022955","0.031444453011899735","0","-0.5345557012022955","-0.745070584312133","0","0.4292925433075586","0","0","13","25"
"Pimpin since '99","Dylan Walker","2024","B","INFERRED_ADP_CARD","17","17","1","BAL","0","0","0.7104465781428936","0.041790975184876095","0","-0.7104465781428936","-0.867610795449243","0","0.4385167535814901","0","0","13","29"
"Pimpin since '99","Dylan Walker","2024","B","INFERRED_ADP_CARD","17","17","1","BUF","2","0.11764705882352941","0.3555348258706468","0.020913813286508633","5.625327969214623","1.6444651741293532","2.834528548787442","2","0.1888681592039801","10.589397431675996","0","2","1"
"Pimpin since '99","Dylan Walker","2024","B","INFERRED_ADP_CARD","17","17","1","CAR","0","0","0.23988491278547025","0.01411087722267472","0","-0.23988491278547025","-0.4965194434043183","0","0.23988491278547025","0","0","13","13"
"Pimpin since '99","Dylan Walker","2024","B","INFERRED_ADP_CARD","17","17","1","CHI","0","0","0.9894674534745422","0.05820396785144366","0","-0.9894674534745422","-1.030653863861227","0","0.6122744710184019","0","0","13","32"
"Pimpin since '99","Dylan Walker","2024","B","INFERRED_ADP_CARD","17","17","1","CIN","1","0.058823529411764705","0.5837445619082773","0.034337915406369254","1.7130780571744806","0.4162554380917227","0.5632135770469","1","0.37321824611880355","2.679397404599769","0","5","9"
"Pimpin since '99","Dylan Walker","2024","B","INFERRED_ADP_CARD","17","17","1","CLE","0","0","0.6881031589042739","0.04047665640613376","0","-0.6881031589042739","-0.8528647934457105","0","0.6047698255709405","0","0","13","27"
"Pimpin since '99","Dylan Walker","2024","B","INFERRED_ADP_CARD","17","17","1","DAL","1","0.058823529411764705","0.6803890345356288","0.04002288438444875","1.4697473786927038","0.3196109654643712","0.3960493476832023","1","0.4917925433075586","2.0333777191384073","0","5","11"
"Pimpin since '99","Dylan Walker","2024","B","INFERRED_ADP_CARD","17","17","1","DEN","2","0.11764705882352941","0.5157097360376305","0.03033586682574297","3.87815055687462","1.4842902639623694","2.1380669704158337","1","0.3051834202481568","3.2767179789349634","1","2","4"
"Pimpin since '99","Dylan Walker","2024","B","INFERRED_ADP_CARD","17","17","1","DET","3","0.17647058823529413","0.8039586862769224","0.04729168742805426","3.7315350293592755","2.196041313723078","2.5135561488476323","1","0.6153621950488521","1.6250592058561744","2","1","3"
"Pimpin since '99","Dylan Walker","2024","B","INFERRED_ADP_CARD","17","17","1","GB","0","0","0.43345920997422527","0.025497600586719134","0","-0.43345920997422527","-0.6732860886293953","0","0.43345920997422527","0","0","13","21"
"Pimpin since '99","Dylan Walker","2024","B","INFERRED_ADP_CARD","17","17","1","HOU","1","0.058823529411764705","0.7833931562857873","0.0460819503697522","1.276498258857897","0.21660684371421268","0.25207164509334506","1","0.4895335071629803","2.0427610886032164","0","5","12"
"Pimpin since '99","Dylan Walker","2024","B","INFERRED_ADP_CARD","17","17","1","IND","0","0","0.39685008691482343","0.023344122759695496","0","-0.39685008691482343","-0.6431881692753478","0","0.3135167535814901","0","0","13","17"
"Pimpin since '99","Dylan Walker","2024","B","INFERRED_ADP_CARD","17","17","1","JAX","2","0.11764705882352941","0.5385167535814901","0.03167745609302883","3.7139048816934412","1.46148324641851","2.0448848909539437","2","0.37185008691482346","5.378511584046296","0","2","5"
"Pimpin since '99","Dylan Walker","2024","B","INFERRED_ADP_CARD","17","17","1","KC","1","0.058823529411764705","0.5964986812923335","0.03508815772307844","1.676449640816419","0.4035013187076665","0.5363686006428864","0","0.42983201462566684","0","1","5","10"
"Pimpin since '99","Dylan Walker","2024","B","INFERRED_ADP_CARD","17","17","1","LV","1","0.058823529411764705","0.4228668404963136","0.024874520029194918","2.364810631229236","0.5771331595036864","0.9060535463571808","1","0.4228668404963136","2.364810631229236","0","5","7"
"Pimpin since '99","Dylan Walker","2024","B","INFERRED_ADP_CARD","17","17","1","LAC","0","0","0.4112752660287655","0.024192662707574444","0","-0.4112752660287655","-0.6545787578410036","0","0.3060121081340287","0","0","13","18"
"Pimpin since '99","Dylan Walker","2024","B","INFERRED_ADP_CARD","17","17","1","LAR","0","0","0.3667925433075586","0.021576031959268153","0","-0.3667925433075586","-0.6160675959330004","0","0.3667925433075586","0","0","13","16"
"Pimpin since '99","Dylan Walker","2024","B","INFERRED_ADP_CARD","17","17","1","MIA","0","0","0.6984238604062755","0.04108375649448679","0","-0.6984238604062755","-0.8582575849281792","0","0.426494035844872","0","0","13","28"
"Pimpin since '99","Dylan Walker","2024","B","INFERRED_ADP_CARD","17","17","1","MIN","1","0.058823529411764705","0.3626258766408919","0.021330933920052465","2.757663102432977","0.6373741233591081","1.0764729769074548","1","0.3626258766408919","2.757663102432977","0","5","6"
"Pimpin since '99","Dylan Walker","2024","B","INFERRED_ADP_CARD","17","17","1","NE","1","0.058823529411764705","0.12220149253731344","0.007188323090430202","8.183206106870228","0.8777985074626866","2.5407992010893756","1","0.12220149253731344","8.183206106870228","0","5","2"
"Pimpin since '99","Dylan Walker","2024","B","INFERRED_ADP_CARD","17","17","1","NO","0","0","0.44821824611880356","0.02636577918345903","0","-0.44821824611880356","-0.6831562812596127","0","0.36488491278547025","0","0","13","22"
"Pimpin since '99","Dylan Walker","2024","B","INFERRED_ADP_CARD","17","17","1","NYG","0","0","0.23988491278547025","0.01411087722267472","0","-0.23988491278547025","-0.4965194434043183","0","0.23988491278547025","0","0","13","14"
"Pimpin since '99","Dylan Walker","2024","B","INFERRED_ADP_CARD","17","17","1","NYJ","0","0","0.8754112285749439","0.05149477815146729","0","-0.8754112285749439","-0.9689820296020932","0","0.49821824611880355","0","0","13","31"
"Pimpin since '99","Dylan Walker","2024","B","INFERRED_ADP_CARD","17","17","1","PHI","0","0","0.850059822952454","0.05000351899720318","0","-0.850059822952454","-0.9513428690509917","0","0.5562001738296469","0","0","13","30"
"Pimpin since '99","Dylan Walker","2024","B","INFERRED_ADP_CARD","17","17","1","PIT","1","0.058823529411764705","0.5310121081340287","0.031236006360825214","1.8831962297695812","0.46898789186597134","0.6628744062904588","1","0.364345441467362","2.7446480350422604","0","5","8"
"Pimpin since '99","Dylan Walker","2024","B","INFERRED_ADP_CARD","17","17","1","SEA","0","0","0.420068333033627","0.02470990194315453","0","-0.420068333033627","-0.6638246554360488","0","0.420068333033627","0","0","13","19"
"Pimpin since '99","Dylan Walker","2024","B","INFERRED_ADP_CARD","17","17","1","SF","0","0","0.6868147373468737","0.04040086690275728","0","-0.6868147373468737","-0.848868637288976","0","0.49821824611880355","0","0","13","26"
"Pimpin since '99","Dylan Walker","2024","B","INFERRED_ADP_CARD","17","17","1","TB","0","0","0.30292438410357847","0.017819081417857558","0","-0.30292438410357847","-0.5591066291351502","0","0.30292438410357847","0","0","13","15"
"Pimpin since '99","Dylan Walker","2024","B","INFERRED_ADP_CARD","17","17","1","TEN","0","0","0.420068333033627","0.02470990194315453","0","-0.420068333033627","-0.6638246554360488","0","0.420068333033627","0","0","13","20"
"Pimpin since '99","Dylan Walker","2024","B","INFERRED_ADP_CARD","17","17","1","WAS","0","0","0.49262123119343043","0.028977719481966497","0","-0.49262123119343043","-0.7211967269293","0","0.49262123119343043","0","0","13","23"
"Pimpin since '99","Dylan Walker","2025","A","EXACT_2025","17","17","1","ARI","1","0.058823529411764705","0.6829115457985426","0.04017126739991427","1.464318484805641","0.31708845420145737","0.39311661260054054","1","0.6374570003439972","1.5687332627304431","0","6","10"
"Pimpin since '99","Dylan Walker","2025","A","EXACT_2025","17","17","1","ATL","0","0","0.4425438596491228","0.026031991744066046","0","-0.4425438596491228","-0.6784807526231109","0","0.4425438596491228","0","0","12","18"
"Pimpin since '99","Dylan Walker","2025","A","EXACT_2025","17","17","1","BAL","0","0","0.48533203552553394","0.02854894326620788","0","-0.48533203552553394","-0.710533503595914","0","0.39442294461644306","0","0","12","22"
"Pimpin since '99","Dylan Walker","2025","A","EXACT_2025","17","17","1","BUF","1","0.058823529411764705","0.6372111204928542","0.037483007087814955","1.5693385878553796","0.3627888795071458","0.46820688236622443","1","0.43519091847265223","2.2978420678207256","0","6","9"
"Pimpin since '99","Dylan Walker","2025","A","EXACT_2025","17","17","1","CAR","0","0","0.18099415204678362","0.01064671482628139","0","-0.18099415204678362","-0.4292301288535669","0","0.18099415204678362","0","0","12","12"
"Pimpin since '99","Dylan Walker","2025","A","EXACT_2025","17","17","1","CHI","0","0","0.4425438596491228","0.026031991744066046","0","-0.4425438596491228","-0.6784807526231109","0","0.4425438596491228","0","0","12","19"
"Pimpin since '99","Dylan Walker","2025","A","EXACT_2025","17","17","1","CIN","0","0","0.5532464740282078","0.032543910236953404","0","-0.5532464740282078","-0.7585166433471265","0","0.49769091847265223","0","0","12","25"
"Pimpin since '99","Dylan Walker","2025","A","EXACT_2025","17","17","1","CLE","0","0","0.4240282077743378","0.024942835751431636","0","-0.4240282077743378","-0.6626932677164241","0","0.4240282077743378","0","0","12","16"
"Pimpin since '99","Dylan Walker","2025","A","EXACT_2025","17","17","1","DAL","2","0.11764705882352941","0.5203732370141039","0.030610190412594347","3.84339519740865","1.4796267629858961","2.107677829715271","2","0.40926212590299277","4.886843598310534","0","2","5"
"Pimpin since '99","Dylan Walker","2025","A","EXACT_2025","17","17","1","DEN","0","0","0.9019772023641993","0.053057482492011726","0","-0.9019772023641993","-0.9810661274121639","0","0.6999570003439972","0","0","12","32"
"Pimpin since '99","Dylan Walker","2025","A","EXACT_2025","17","17","1","DET","3","0.17647058823529413","0.7612010194827532","0.04477653055780901","3.9411402812341767","2.238798980517247","2.639719784574539","2","0.6046353629170966","3.3077787418038036","1","1","1"
"Pimpin since '99","Dylan Walker","2025","A","EXACT_2025","17","17","1","GB","0","0","0.484321934515433","0.028489525559731353","0","-0.484321934515433","-0.7069975097134618","0","0.4388673890608875","0","0","12","21"
"Pimpin since '99","Dylan Walker","2025","A","EXACT_2025","17","17","1","HOU","2","0.11764705882352941","0.44188948306595366","0.025993499003879626","4.526018555869302","1.5581105169340463","2.4165700707814697","2","0.2954248366013072","6.769911504424779","0","2","2"
"Pimpin since '99","Dylan Walker","2025","A","EXACT_2025","17","17","1","IND","0","0","0.21489898989898992","0.01264111705288176","0","-0.21489898989898992","-0.4751815074967027","0","0.16944444444444445","0","0","12","14"
"Pimpin since '99","Dylan Walker","2025","A","EXACT_2025","17","17","1","JAX","0","0","0.5420837633298934","0.03188728019587608","0","-0.5420837633298934","-0.7499834480686931","0","0.4865282077743378","0","0","12","24"
"Pimpin since '99","Dylan Walker","2025","A","EXACT_2025","17","17","1","KC","0","0","0.7157464740282078","0.04210273376636516","0","-0.7157464740282078","-0.8705864231342754","0","0.6046353629170966","0","0","12","29"
"Pimpin since '99","Dylan Walker","2025","A","EXACT_2025","17","17","1","LV","0","0","0.45692294461644306","0.026877820271555473","0","-0.45692294461644306","-0.6884013656910699","0","0.45692294461644306","0","0","12","20"
"Pimpin since '99","Dylan Walker","2025","A","EXACT_2025","17","17","1","LAC","0","0","0.5615880163867779","0.03303458919922223","0","-0.5615880163867779","-0.7667661993060921","0","0.5161334709322325","0","0","12","26"
"Pimpin since '99","Dylan Walker","2025","A","EXACT_2025","17","17","1","LAR","0","0","0.3763673890608875","0.022139258180052208","0","-0.3763673890608875","-0.6226733607217075","0","0.3763673890608875","0","0","12","15"
"Pimpin since '99","Dylan Walker","2025","A","EXACT_2025","17","17","1","MIA","1","0.058823529411764705","0.5319229446164431","0.03128958497743783","1.8799715449783354","0.46807705538355693","0.6586116482906281","1","0.4208118335053319","2.3763590288563723","0","6","7"
"Pimpin since '99","Dylan Walker","2025","A","EXACT_2025","17","17","1","MIN","0","0","0.773270632016762","0.04548650776569189","0","-0.773270632016762","-0.9036775340906567","0","0.6823615411076711","0","0","12","30"
"Pimpin since '99","Dylan Walker","2025","A","EXACT_2025","17","17","1","NE","0","0","0.5786334709322325","0.03403726299601367","0","-0.5786334709322325","-0.7776991943056827","0","0.5786334709322325","0","0","12","27"
"Pimpin since '99","Dylan Walker","2025","A","EXACT_2025","17","17","1","NO","0","0","0.18099415204678362","0.01064671482628139","0","-0.18099415204678362","-0.4292301288535669","0","0.18099415204678362","0","0","12","13"
"Pimpin since '99","Dylan Walker","2025","A","EXACT_2025","17","17","1","NYG","0","0","0.5027644869750133","0.029574381586765487","0","-0.5027644869750133","-0.7261831440627512","0","0.45730994152046783","0","0","12","23"
"Pimpin since '99","Dylan Walker","2025","A","EXACT_2025","17","17","1","NYJ","1","0.058823529411764705","0.48386183819620354","0.028462461070364913","2.0667056607066105","0.5161381618037965","0.7581465316804524","1","0.4384072927416581","2.2809839538624503","0","6","6"
"Pimpin since '99","Dylan Walker","2025","A","EXACT_2025","17","17","1","PHI","2","0.11764705882352941","0.49589314194577355","0.02917018482033962","4.033126959877784","1.5041068580542265","2.185115042675755","1","0.3948830409356725","2.532395409107738","1","2","4"
"Pimpin since '99","Dylan Walker","2025","A","EXACT_2025","17","17","1","PIT","1","0.058823529411764705","0.5467703349282296","0.03216296087813115","1.8289214613870053","0.4532296650717704","0.6270684764133391","1","0.44576023391812863","2.2433584781895703","0","6","8"
"Pimpin since '99","Dylan Walker","2025","A","EXACT_2025","17","17","1","SEA","0","0","0.681552365762892","0.040091315633111295","0","-0.681552365762892","-0.850909591604158","0","0.5906432748538011","0","0","12","28"
"Pimpin since '99","Dylan Walker","2025","A","EXACT_2025","17","17","1","SF","0","0","0.8162448791318759","0.04801440465481623","0","-0.8162448791318759","-0.9280490947306487","0","0.7707903336773305","0","0","12","31"
"Pimpin since '99","Dylan Walker","2025","A","EXACT_2025","17","17","1","TB","2","0.11764705882352941","0.4467621259029928","0.026280125053117224","4.476655213235931","1.5532378740970072","2.3662473507204385","2","0.3912065703474372","5.112388573187219","0","2","3"
"Pimpin since '99","Dylan Walker","2025","A","EXACT_2025","17","17","1","TEN","0","0","0.4384072927416581","0.025788664278921063","0","-0.4384072927416581","-0.6764080136987477","0","0.4384072927416581","0","0","12","17"
"Pimpin since '99","Dylan Walker","2025","A","EXACT_2025","17","17","1","WAS","1","0.058823529411764705","0.6967406260749914","0.04098474271029361","1.435254329338287","0.30325937392500857","0.3723850292110626","1","0.6967406260749914","1.435254329338287","0","6","11"
"Pelota Negro","Daniel","2021","B","INFERRED_ADP_CARD","17","17","1","ARI","1","0.058823529411764705","0.22727272727272727","0.013368983957219251","4.4","0.7727272727272727","1.6750597728792984","1","0.13636363636363635","7.333333333333334","0","6","4"
"Pelota Negro","Daniel","2021","B","INFERRED_ADP_CARD","17","17","1","ATL","0","0","0.5634965034965035","0.033146853146853145","0","-0.5634965034965035","-0.7750262294965665","0","0.5634965034965035","0","0","11","23"
"Pelota Negro","Daniel","2021","B","INFERRED_ADP_CARD","17","17","1","BAL","1","0.058823529411764705","0.8928030303030303","0.05251782531194296","1.120067882901994","0.10719696969696968","0.11862691246786666","1","0.7393939393939394","1.3524590163934427","0","6","10"
"Pelota Negro","Daniel","2021","B","INFERRED_ADP_CARD","17","17","1","BUF","0","0","0.703041958041958","0.041355409296585766","0","-0.703041958041958","-0.8658582881122684","0","0.48713286713286713","0","0","11","25"
"Pelota Negro","Daniel","2021","B","INFERRED_ADP_CARD","17","17","1","CAR","0","0","0.34615384615384615","0.020361990950226245","0","-0.34615384615384615","-0.6060915267313265","0","0.34615384615384615","0","0","11","16"
"Pelota Negro","Daniel","2021","B","INFERRED_ADP_CARD","17","17","1","CHI","0","0","0.48713286713286713","0.028654874537227478","0","-0.48713286713286713","-0.7126375415365311","0","0.48713286713286713","0","0","11","20"
"Pelota Negro","Daniel","2021","B","INFERRED_ADP_CARD","17","17","1","CIN","0","0","0.7179020979020979","0.042229535170711645","0","-0.7179020979020979","-0.8761415924577394","0","0.7179020979020979","0","0","11","26"
"Pelota Negro","Daniel","2021","B","INFERRED_ADP_CARD","17","17","1","CLE","2","0.11764705882352941","0.7630419580419581","0.04488482106129165","2.621087843101315","1.236958041958042","1.4646215825422706","2","0.5471328671328671","3.6554192229038853","0","2","5"
"Pelota Negro","Daniel","2021","B","INFERRED_ADP_CARD","17","17","1","DAL","0","0","0.5041783216783217","0.029657548334018922","0","-0.5041783216783217","-0.7289865402317272","0","0.3507692307692308","0","0","11","21"
"Pelota Negro","Daniel","2021","B","INFERRED_ADP_CARD","17","17","1","DEN","0","0","0.7775116550116551","0.045735979706567946","0","-0.7775116550116551","-0.9174358184873219","0","0.6241025641025642","0","0","11","28"
"Pelota Negro","Daniel","2021","B","INFERRED_ADP_CARD","17","17","1","DET","0","0","0.5733333333333333","0.03372549019607843","0","-0.5733333333333333","-0.7972994759026132","0","0.5733333333333333","0","0","11","24"
"Pelota Negro","Daniel","2021","B","INFERRED_ADP_CARD","17","17","1","GB","1","0.058823529411764705","0.7553205128205128","0.044430618401206635","1.3239412713230927","0.24467948717948718","0.2900984010949354","1","0.6928205128205128","1.4433752775721687","0","6","9"
"Pelota Negro","Daniel","2021","B","INFERRED_ADP_CARD","17","17","1","HOU","0","0","0.2353846153846154","0.013846153846153847","0","-0.2353846153846154","-0.4925639865206612","0","0.2353846153846154","0","0","11","14"
"Pelota Negro","Daniel","2021","B","INFERRED_ADP_CARD","17","17","1","IND","0","0","0.1225","0.0072058823529411765","0","-0.1225","-0.3575309153454851","0","0.06","0","0","11","11"
"Pelota Negro","Daniel","2021","B","INFERRED_ADP_CARD","17","17","1","JAX","2","0.11764705882352941","0.2353846153846154","0.013846153846153847","8.49673202614379","1.7646153846153847","3.692620212674499","2","0.2353846153846154","8.49673202614379","0","2","3"
"Pelota Negro","Daniel","2021","B","INFERRED_ADP_CARD","17","17","1","KC","1","0.058823529411764705","0.5199358974358974","0.030584464555052787","1.9233140180002466","0.4800641025641026","0.6811683989736352","1","0.4574358974358974","2.18609865470852","0","6","8"
"Pelota Negro","Daniel","2021","B","INFERRED_ADP_CARD","17","17","1","LV","4","0.23529411764705882","0.34205128205128205","0.020120663650075414","11.694152923538232","3.657948717948718","6.373728455693616","3","0.34205128205128205","8.770614692653673","1","1","1"
"Pelota Negro","Daniel","2021","B","INFERRED_ADP_CARD","17","17","1","LAC","0","0","0.3117482517482517","0.01833813245577951","0","-0.3117482517482517","-0.5671610585021543","0","0.3117482517482517","0","0","11","15"
"Pelota Negro","Daniel","2021","B","INFERRED_ADP_CARD","17","17","1","LAR","2","0.11764705882352941","0.943572261072261","0.05550425065130947","2.119604488719529","1.056427738927739","1.1238127725782268","1","0.7901631701631701","1.2655613900525107","1","2","6"
"Pelota Negro","Daniel","2021","B","INFERRED_ADP_CARD","17","17","1","MIA","0","0","0.8903962703962703","0.05237625119978061","0","-0.8903962703962703","-0.9830837761358704","0","0.7994871794871794","0","0","11","31"
"Pelota Negro","Daniel","2021","B","INFERRED_ADP_CARD","17","17","1","MIN","2","0.11764705882352941","0.1778846153846154","0.010463800904977377","11.243243243243242","1.8221153846153846","4.396586067459645","2","0.11538461538461539","17.333333333333332","0","2","2"
"Pelota Negro","Daniel","2021","B","INFERRED_ADP_CARD","17","17","1","NE","0","0","0.7978846153846154","0.046934389140271496","0","-0.7978846153846154","-0.9511940429711625","0","0.7353846153846154","0","0","11","30"
"Pelota Negro","Daniel","2021","B","INFERRED_ADP_CARD","17","17","1","NO","0","0","0.1825","0.010735294117647058","0","-0.1825","-0.4377697936169215","0","0.12","0","0","11","13"
"Pelota Negro","Daniel","2021","B","INFERRED_ADP_CARD","17","17","1","NYG","0","0","0.43296037296037293","0.025468257232963115","0","-0.43296037296037293","-0.6745128129621715","0","0.34205128205128205","0","0","11","19"
"Pelota Negro","Daniel","2021","B","INFERRED_ADP_CARD","17","17","1","NYJ","0","0","0.1753846153846154","0.010316742081447963","0","-0.1753846153846154","-0.42293205581403354","0","0.1753846153846154","0","0","11","12"
"Pelota Negro","Daniel","2021","B","INFERRED_ADP_CARD","17","17","1","PHI","0","0","0.423030303030303","0.024884135472370762","0","-0.423030303030303","-0.6665634054116535","0","0.423030303030303","0","0","11","17"
"Pelota Negro","Daniel","2021","B","INFERRED_ADP_CARD","17","17","1","PIT","0","0","0.5450174825174825","0.03205985191279309","0","-0.5450174825174825","-0.7595057688808307","0","0.4825174825174825","0","0","11","22"
"Pelota Negro","Daniel","2021","B","INFERRED_ADP_CARD","17","17","1","SEA","0","0","0.916083916083916","0.053887289181406825","0","-0.916083916083916","-1.0099657955724755","0","0.7342657342657343","0","0","11","32"
"Pelota Negro","Daniel","2021","B","INFERRED_ADP_CARD","17","17","1","SF","0","0","0.7413811188811188","0.04361065405183052","0","-0.7413811188811188","-0.8915423014481257","0","0.6788811188811188","0","0","11","27"
"Pelota Negro","Daniel","2021","B","INFERRED_ADP_CARD","17","17","1","TB","0","0","0.8455477855477854","0.049738105032222674","0","-0.8455477855477854","-0.9511201278103774","0","0.8455477855477854","0","0","11","29"
"Pelota Negro","Daniel","2021","B","INFERRED_ADP_CARD","17","17","1","TEN","1","0.058823529411764705","0.42713286713286713","0.025125462772521596","2.341191879502292","0.5728671328671329","0.8937326415719083","1","0.42713286713286713","2.341191879502292","0","6","7"
"Pelota Negro","Daniel","2021","B","INFERRED_ADP_CARD","17","17","1","WAS","0","0","0.423030303030303","0.024884135472370762","0","-0.423030303030303","-0.6665634054116535","0","0.423030303030303","0","0","11","18"
"Pelota Negro","Daniel","2022","B","INFERRED_ADP_CARD","17","17","1","ARI","2","0.11764705882352941","1.1104889178617992","0.0653228775212823","1.8010085178075599","0.8895110821382008","0.8919763832901421","2","0.9854889178617992","2.029449508513369","0","2","6"
"Pelota Negro","Daniel","2022","B","INFERRED_ADP_CARD","17","17","1","ATL","1","0.058823529411764705","0.35721968709256846","0.021012922770151085","2.799397782745563","0.6427803129074315","1.096759144846142","1","0.29471968709256846","3.393054633930546","0","4","4"
"Pelota Negro","Daniel","2022","B","INFERRED_ADP_CARD","17","17","1","BAL","0","0","0.35501629726205997","0.020883311603650586","0","-0.35501629726205997","-0.6069495059884682","0","0.29251629726205997","0","0","13","20"
"Pelota Negro","Daniel","2022","B","INFERRED_ADP_CARD","17","17","1","BUF","1","0.058823529411764705","0.9519582065768507","0.05599754156334416","1.0504662842247066","0.04804179342314929","0.05098194416100413","1","0.6672359843546285","1.498720128182582","0","4","12"
"Pelota Negro","Daniel","2022","B","INFERRED_ADP_CARD","17","17","1","CAR","0","0","0.14471968709256844","0.008512922770151084","0","-0.14471968709256844","-0.38352369498832845","0","0.14471968709256844","0","0","13","13"
"Pelota Negro","Daniel","2022","B","INFERRED_ADP_CARD","17","17","1","CHI","0","0","0.14471968709256844","0.008512922770151084","0","-0.14471968709256844","-0.38352369498832845","0","0.14471968709256844","0","0","13","14"
"Pelota Negro","Daniel","2022","B","INFERRED_ADP_CARD","17","17","1","CIN","0","0","0.7374119947848762","0.04337717616381625","0","-0.7374119947848762","-0.8953949151762224","0","0.6124119947848762","0","0","13","30"
"Pelota Negro","Daniel","2022","B","INFERRED_ADP_CARD","17","17","1","CLE","0","0","0.2803129074315515","0.01648899455479715","0","-0.2803129074315515","-0.5406777095079365","0","0.2803129074315515","0","0","13","18"
"Pelota Negro","Daniel","2022","B","INFERRED_ADP_CARD","17","17","1","DAL","0","0","0.975507750253513","0.05738280883844194","0","-0.975507750253513","-1.0243081960053144","0","0.7532855280312908","0","0","13","32"
"Pelota Negro","Daniel","2022","B","INFERRED_ADP_CARD","17","17","1","DEN","0","0","0.7036274083731711","0.041389847551363004","0","-0.7036274083731711","-0.8671079798256478","0","0.59251629726206","0","0","13","29"
"Pelota Negro","Daniel","2022","B","INFERRED_ADP_CARD","17","17","1","DET","0","0","0.5216427640156454","0.03068486847150855","0","-0.5216427640156454","-0.7484492177452079","0","0.5216427640156454","0","0","13","24"
"Pelota Negro","Daniel","2022","B","INFERRED_ADP_CARD","17","17","1","GB","1","0.058823529411764705","0.39670433145009415","0.02333554890882907","2.520769048184192","0.6032956685499058","0.980696206335978","1","0.28559322033898304","3.5014836795252227","0","4","5"
"Pelota Negro","Daniel","2022","B","INFERRED_ADP_CARD","17","17","1","HOU","0","0","0.14471968709256844","0.008512922770151084","0","-0.14471968709256844","-0.38352369498832845","0","0.14471968709256844","0","0","13","15"
"Pelota Negro","Daniel","2022","B","INFERRED_ADP_CARD","17","17","1","IND","0","0","0.5933470954657396","0.03490277032151409","0","-0.5933470954657396","-0.7954016906532964","0","0.35723598435462844","0","0","13","27"
"Pelota Negro","Daniel","2022","B","INFERRED_ADP_CARD","17","17","1","JAX","1","0.058823529411764705","0.4463624511082138","0.026256614771071402","2.2403318144643065","0.5536375488917862","0.8463435505909621","1","0.4463624511082138","2.2403318144643065","0","4","7"
"Pelota Negro","Daniel","2022","B","INFERRED_ADP_CARD","17","17","1","KC","0","0","0.881084673330436","0.051828510195908006","0","-0.881084673330436","-0.969138310873424","0","0.5963624511082138","0","0","13","31"
"Pelota Negro","Daniel","2022","B","INFERRED_ADP_CARD","17","17","1","LV","4","0.23529411764705882","0.73501629726206","0.04323625278012117","5.442056203243416","3.26498370273794","3.9520285241566397","2","0.67251629726206","2.9739056259935635","2","1","1"
"Pelota Negro","Daniel","2022","B","INFERRED_ADP_CARD","17","17","1","LAC","1","0.058823529411764705","0.6007880631609446","0.03534047430358497","1.6644804737608625","0.3992119368390554","0.5329477741403837","1","0.3785658409387223","2.6415484226477477","0","4","8"
"Pelota Negro","Daniel","2022","B","INFERRED_ADP_CARD","17","17","1","LAR","0","0","0.2985658409387223","0.017562696525807192","0","-0.2985658409387223","-0.5575404694674218","0","0.2985658409387223","0","0","13","19"
"Pelota Negro","Daniel","2022","B","INFERRED_ADP_CARD","17","17","1","MIA","1","0.058823529411764705","0.849973562219325","0.04999844483643088","1.1765071814574424","0.15002643778067504","0.16728077006714176","1","0.6763624511082139","1.4784972145652213","0","4","10"
"Pelota Negro","Daniel","2022","B","INFERRED_ADP_CARD","17","17","1","MIN","0","0","0.5392206287121541","0.03171886051247966","0","-0.5392206287121541","-0.7548535823024458","0","0.42810951760104304","0","0","13","26"
"Pelota Negro","Daniel","2022","B","INFERRED_ADP_CARD","17","17","1","NE","0","0","0.4258898305084746","0.025052342971086744","0","-0.4258898305084746","-0.6743680359852094","0","0.3633898305084746","0","0","13","22"
"Pelota Negro","Daniel","2022","B","INFERRED_ADP_CARD","17","17","1","NO","0","0","0.6594582065768506","0.03879165921040298","0","-0.6594582065768506","-0.8398927132818282","0","0.43723598435462846","0","0","13","28"
"Pelota Negro","Daniel","2022","B","INFERRED_ADP_CARD","17","17","1","NYG","1","0.058823529411764705","0.15384615384615385","0.00904977375565611","6.5","0.8461538461538461","2.1912524504463886","1","0.15384615384615385","6.5","0","4","3"
"Pelota Negro","Daniel","2022","B","INFERRED_ADP_CARD","17","17","1","NYJ","0","0","0.42503259452411996","0.025001917324948233","0","-0.42503259452411996","-0.6704339875112441","0","0.42503259452411996","0","0","13","21"
"Pelota Negro","Daniel","2022","B","INFERRED_ADP_CARD","17","17","1","PHI","2","0.11764705882352941","0.3838461538461539","0.022579185520361995","5.210420841683366","1.616153846153846","2.662659086666662","2","0.3838461538461539","5.210420841683366","0","2","2"
"Pelota Negro","Daniel","2022","B","INFERRED_ADP_CARD","17","17","1","PIT","0","0","0.5414240185426626","0.03184847167898015","0","-0.5414240185426626","-0.7535596340700725","0","0.43031290743155154","0","0","13","25"
"Pelota Negro","Daniel","2022","B","INFERRED_ADP_CARD","17","17","1","SEA","0","0","0.5163624511082139","0.030374261829894934","0","-0.5163624511082139","-0.7349544076706429","0","0.5163624511082139","0","0","13","23"
"Pelota Negro","Daniel","2022","B","INFERRED_ADP_CARD","17","17","1","SF","1","0.058823529411764705","0.8080077502535129","0.04752986766197135","1.2376118913293213","0.1919922497464871","0.22129868900504882","1","0.5232855280312907","1.9110025911899544","0","4","9"
"Pelota Negro","Daniel","2022","B","INFERRED_ADP_CARD","17","17","1","TB","1","0.058823529411764705","0.8804889178617993","0.05179346575657643","1.1357326363952704","0.11951108213820072","0.13266077633441556","0","0.7554889178617993","0","1","4","11"
"Pelota Negro","Daniel","2022","B","INFERRED_ADP_CARD","17","17","1","TEN","0","0","0.22471968709256845","0.013218805123092262","0","-0.22471968709256845","-0.47999152206260787","0","0.22471968709256845","0","0","13","17"
"Pelota Negro","Daniel","2022","B","INFERRED_ADP_CARD","17","17","1","WAS","0","0","0.21251629726205998","0.012500958662474117","0","-0.21251629726205998","-0.46739458493369146","0","0.21251629726205998","0","0","13","16"
"Pelota Negro","Daniel","2023","B","INFERRED_ADP_CARD","17","17","1","ARI","0","0","0.5760055988517608","0.033882682285397696","0","-0.5760055988517608","-0.7772251993962688","0","0.5760055988517608","0","0","13","23"
"Pelota Negro","Daniel","2023","B","INFERRED_ADP_CARD","17","17","1","ATL","0","0","0.535069926337141","0.03147470154924359","0","-0.535069926337141","-0.7526530240546276","0","0.4762463969253763","0","0","13","22"
"Pelota Negro","Daniel","2023","B","INFERRED_ADP_CARD","17","17","1","BAL","0","0","0.6902529127593066","0.04060311251525333","0","-0.6902529127593066","-0.8618954173623197","0","0.45751633986928103","0","0","13","27"
"Pelota Negro","Daniel","2023","B","INFERRED_ADP_CARD","17","17","1","BUF","0","0","0.8164050069908286","0.04802382394063698","0","-0.8164050069908286","-0.9307370826846131","0","0.583668434100803","0","0","13","30"
"Pelota Negro","Daniel","2023","B","INFERRED_ADP_CARD","17","17","1","CAR","0","0","0.12899896800825594","0.007588174588720938","0","-0.12899896800825594","-0.3621184796699348","0","0.12899896800825594","0","0","13","13"
"Pelota Negro","Daniel","2023","B","INFERRED_ADP_CARD","17","17","1","CHI","0","0","0.6282931805511073","0.03695842238535925","0","-0.6282931805511073","-0.8167411575364951","0","0.6282931805511073","0","0","13","25"
"Pelota Negro","Daniel","2023","B","INFERRED_ADP_CARD","17","17","1","CIN","2","0.11764705882352941","0.5927866819944001","0.034869804823200005","3.3738949621322525","1.4072133180056","1.8720200733800023","2","0.447006630843505","4.474206559813183","0","2","5"
"Pelota Negro","Daniel","2023","B","INFERRED_ADP_CARD","17","17","1","CLE","1","0.058823529411764705","0.587646837056188","0.034567461003305176","1.7017023438933012","0.41235316294381197","0.5514971365163313","1","0.4137337935779272","2.4170131024398636","0","5","9"
"Pelota Negro","Daniel","2023","B","INFERRED_ADP_CARD","17","17","1","DAL","0","0","0.7882720146634628","0.04636894203902722","0","-0.7882720146634628","-0.9128400403624181","0","0.7013154929243324","0","0","13","29"
"Pelota Negro","Daniel","2023","B","INFERRED_ADP_CARD","17","17","1","DEN","0","0","0.6885128127370783","0.04050075369041637","0","-0.6885128127370783","-0.8486691270208988","0","0.6015562909979478","0","0","13","26"
"Pelota Negro","Daniel","2023","B","INFERRED_ADP_CARD","17","17","1","DET","1","0.058823529411764705","0.583668434100803","0.03433343730004724","1.7133014937506352","0.41633156589919695","0.558718288114467","1","0.583668434100803","1.7133014937506352","0","5","8"
"Pelota Negro","Daniel","2023","B","INFERRED_ADP_CARD","17","17","1","GB","0","0","0.44326288867949926","0.02607428756938231","0","-0.44326288867949926","-0.6870892213558275","0","0.2693498452012384","0","0","13","18"
"Pelota Negro","Daniel","2023","B","INFERRED_ADP_CARD","17","17","1","HOU","1","0.058823529411764705","0.17362371445856017","0.010213159674032952","5.7595818815331015","0.8263762855414398","2.0112171888021635","1","0.17362371445856017","5.7595818815331015","0","5","3"
"Pelota Negro","Daniel","2023","B","INFERRED_ADP_CARD","17","17","1","IND","0","0","0.36910904712762294","0.021712296889860174","0","-0.36910904712762294","-0.6180996926224404","0","0.36910904712762294","0","0","13","15"
"Pelota Negro","Daniel","2023","B","INFERRED_ADP_CARD","17","17","1","JAX","1","0.058823529411764705","0.6348291282635256","0.03734288989785445","1.5752270264210173","0.36517087173647444","0.4696366666877367","0","0.5760055988517608","0","1","5","11"
"Pelota Negro","Daniel","2023","B","INFERRED_ADP_CARD","17","17","1","KC","0","0","0.820094080926513","0.04824082828979488","0","-0.820094080926513","-0.9338676483008698","0","0.5873575080364875","0","0","13","31"
"Pelota Negro","Daniel","2023","B","INFERRED_ADP_CARD","17","17","1","LV","3","0.17647058823529413","0.3756449948400413","0.022096764402355373","7.986263736263735","2.6243550051599587","4.414458234218088","2","0.2579979360165119","7.752","1","1","1"
"Pelota Negro","Daniel","2023","B","INFERRED_ADP_CARD","17","17","1","LAC","0","0","0.41004471964224287","0.024120277626014288","0","-0.41004471964224287","-0.6575313482204543","0","0.41004471964224287","0","0","13","16"
"Pelota Negro","Daniel","2023","B","INFERRED_ADP_CARD","17","17","1","LAR","0","0","0.5760055988517608","0.033882682285397696","0","-0.5760055988517608","-0.7772251993962688","0","0.5760055988517608","0","0","13","24"
"Pelota Negro","Daniel","2023","B","INFERRED_ADP_CARD","17","17","1","MIA","1","0.058823529411764705","0.6325361571020476","0.03720800924129691","1.580937293105079","0.3674638428979524","0.4734421004103887","0","0.4867561059511524","0","1","5","10"
"Pelota Negro","Daniel","2023","B","INFERRED_ADP_CARD","17","17","1","MIN","1","0.058823529411764705","0.4867561059511524","0.028632712114773667","2.054416961130742","0.5132438940488476","0.7563955090726551","1","0.36910904712762294","2.709226467847158","0","5","7"
"Pelota Negro","Daniel","2023","B","INFERRED_ADP_CARD","17","17","1","NE","0","0","0.45098503379889","0.026528531399934704","0","-0.45098503379889","-0.6955850798432609","0","0.2770719903206291","0","0","13","19"
"Pelota Negro","Daniel","2023","B","INFERRED_ADP_CARD","17","17","1","NO","2","0.11764705882352941","0.5964164460597359","0.035083320356455054","3.353361586879655","1.4035835539402641","1.866701998031149","2","0.5094599243206054","3.9257258609047945","0","2","6"
"Pelota Negro","Daniel","2023","B","INFERRED_ADP_CARD","17","17","1","NYG","0","0","0.5237180171524145","0.030806942185436146","0","-0.5237180171524145","-0.7483069577662971","0","0.40607095832888507","0","0","13","21"
"Pelota Negro","Daniel","2023","B","INFERRED_ADP_CARD","17","17","1","NYJ","1","0.058823529411764705","0.6493172402446867","0.03819513177909922","1.5400792371124523","0.35068275975531327","0.4484350105419593","1","0.41658066735466115","2.4004954582989266","0","5","12"
"Pelota Negro","Daniel","2023","B","INFERRED_ADP_CARD","17","17","1","PHI","2","0.11764705882352941","0.3194037656094553","0.018788456800556196","6.261666941163933","1.6805962343905447","3.0313530946851492","2","0.17362371445856017","11.519163763066203","0","2","2"
"Pelota Negro","Daniel","2023","B","INFERRED_ADP_CARD","17","17","1","PIT","0","0","0.716645805064444","0.04215563559202612","0","-0.716645805064444","-0.8695083582047962","0","0.5427327615861831","0","0","13","28"
"Pelota Negro","Daniel","2023","B","INFERRED_ADP_CARD","17","17","1","SEA","0","0","0.8331613347093223","0.04900949027701896","0","-0.8331613347093223","-0.9514588238000263","0","0.7155142758857929","0","0","13","32"
"Pelota Negro","Daniel","2023","B","INFERRED_ADP_CARD","17","17","1","SF","0","0","0.4256989152482582","0.025041112661662247","0","-0.4256989152482582","-0.6693261814677035","0","0.33874239350912777","0","0","13","17"
"Pelota Negro","Daniel","2023","B","INFERRED_ADP_CARD","17","17","1","TB","0","0","0.30546955624355004","0.017968797426091178","0","-0.30546955624355004","-0.5668542919373194","0","0.30546955624355004","0","0","13","14"
"Pelota Negro","Daniel","2023","B","INFERRED_ADP_CARD","17","17","1","TEN","0","0","0.4648944877406498","0.027346734572979398","0","-0.4648944877406498","-0.6990768402521063","0","0.4648944877406498","0","0","13","20"
"Pelota Negro","Daniel","2023","B","INFERRED_ADP_CARD","17","17","1","WAS","1","0.058823529411764705","0.17647058823529413","0.010380622837370243","5.666666666666666","0.8235294117647058","2.005121647310412","1","0.17647058823529413","5.666666666666666","0","5","4"
"Pelota Negro","Daniel","2024","B","INFERRED_ADP_CARD","17","17","1","ARI","0","0","0.556189948263119","0.03271705578018347","0","-0.556189948263119","-0.7630303812591333","0","0.556189948263119","0","0","14","25"
"Pelota Negro","Daniel","2024","B","INFERRED_ADP_CARD","17","17","1","ATL","0","0","0.5501940133037695","0.03236435372375115","0","-0.5501940133037695","-0.7551113272384804","0","0.5001940133037694","0","0","14","24"
"Pelota Negro","Daniel","2024","B","INFERRED_ADP_CARD","17","17","1","BAL","0","0","0.6104323725055433","0.035907786617973135","0","-0.6104323725055433","-0.8014583254311897","0","0.48043237250554327","0","0","14","28"
"Pelota Negro","Daniel","2024","B","INFERRED_ADP_CARD","17","17","1","BUF","0","0","0.4338525498891353","0.025520738228772665","0","-0.4338525498891353","-0.6712144699856378","0","0.3538525498891353","0","0","14","18"
"Pelota Negro","Daniel","2024","B","INFERRED_ADP_CARD","17","17","1","CAR","1","0.058823529411764705","0.2220990391722099","0.013064649363071171","4.5024958402662225","0.77790096082779","1.6684478037870774","1","0.2220990391722099","4.5024958402662225","0","5","5"
"Pelota Negro","Daniel","2024","B","INFERRED_ADP_CARD","17","17","1","CHI","0","0","0.8890354767184034","0.052296204512847264","0","-0.8890354767184034","-0.9725088661469704","0","0.7090354767184035","0","0","14","32"
"Pelota Negro","Daniel","2024","B","INFERRED_ADP_CARD","17","17","1","CIN","1","0.058823529411764705","0.531189948263119","0.031246467544889356","1.8825657437039096","0.46881005173688095","0.6602693985261919","1","0.431189948263119","2.3191635241686663","0","5","8"
"Pelota Negro","Daniel","2024","B","INFERRED_ADP_CARD","17","17","1","CLE","1","0.058823529411764705","0.6875424981522542","0.04044367636189731","1.4544555466570634","0.3124575018477458","0.38704004661054947","1","0.6475424981522542","1.544300185475817","0","5","11"
"Pelota Negro","Daniel","2024","B","INFERRED_ADP_CARD","17","17","1","DAL","0","0","0.7284515890613452","0.04285009347419678","0","-0.7284515890613452","-0.8731925160275419","0","0.6384515890613451","0","0","14","29"
"Pelota Negro","Daniel","2024","B","INFERRED_ADP_CARD","17","17","1","DEN","0","0","0.5628566149297857","0.03310921264292857","0","-0.5628566149297857","-0.7693179566598102","0","0.42285661492978566","0","0","14","26"
"Pelota Negro","Daniel","2024","B","INFERRED_ADP_CARD","17","17","1","DET","1","0.058823529411764705","0.8851182557280117","0.052065779748706575","1.1297925373570539","0.11488174427198827","0.12582233745182267","1","0.7051182557280118","1.4182018290925291","0","5","13"
"Pelota Negro","Daniel","2024","B","INFERRED_ADP_CARD","17","17","1","GB","0","0","0.5043606799704361","0.029668275292378594","0","-0.5043606799704361","-0.7258307003654308","0","0.5043606799704361","0","0","14","21"
"Pelota Negro","Daniel","2024","B","INFERRED_ADP_CARD","17","17","1","HOU","1","0.058823529411764705","0.7068606799704361","0.041580039998260945","1.4147059361709358","0.2931393200295639","0.35764754781299174","1","0.5668606799704361","1.76410189546425","0","5","12"
"Pelota Negro","Daniel","2024","B","INFERRED_ADP_CARD","17","17","1","IND","0","0","0.39543237250554325","0.02326072779444372","0","-0.39543237250554325","-0.6412850599502979","0","0.35543237250554327","0","0","14","17"
"Pelota Negro","Daniel","2024","B","INFERRED_ADP_CARD","17","17","1","JAX","2","0.11764705882352941","0.5204323725055433","0.03061366897091431","3.842958481562746","1.4795676274944567","2.0978570379812136","1","0.48043237250554327","2.0814584054459444","1","1","3"
"Pelota Negro","Daniel","2024","B","INFERRED_ADP_CARD","17","17","1","KC","1","0.058823529411764705","0.560940502586844","0.0329965001521673","1.7827202624670189","0.439059497413156","0.6004593154851797","1","0.4309405025868441","2.3205059491906956","0","5","9"
"Pelota Negro","Daniel","2024","B","INFERRED_ADP_CARD","17","17","1","LV","2","0.11764705882352941","0.42285661492978566","0.024873918525281508","4.729735634695215","1.5771433850702143","2.4724992583956396","2","0.42285661492978566","4.729735634695215","0","1","2"
"Pelota Negro","Daniel","2024","B","INFERRED_ADP_CARD","17","17","1","LAC","1","0.058823529411764705","0.367110125646711","0.021594713273335942","2.7239782564928525","0.6328898743532889","1.0642216918156144","0","0.367110125646711","0","1","5","6"
"Pelota Negro","Daniel","2024","B","INFERRED_ADP_CARD","17","17","1","LAR","0","0","0.4376940133037694","0.02574670666492761","0","-0.4376940133037694","-0.6730970721610643","0","0.4376940133037694","0","0","14","19"
"Pelota Negro","Daniel","2024","B","INFERRED_ADP_CARD","17","17","1","MIA","1","0.058823529411764705","0.5676940133037693","0.03339376548845702","1.761512322774675","0.43230598669623066","0.5861543108037814","1","0.4376940133037694","2.2847011144883487","0","5","10"
"Pelota Negro","Daniel","2024","B","INFERRED_ADP_CARD","17","17","1","MIN","2","0.11764705882352941","0.3684405025868441","0.021672970740402593","5.428284854563691","1.631559497413156","2.7460349630605503","2","0.3684405025868441","5.428284854563691","0","1","1"
"Pelota Negro","Daniel","2024","B","INFERRED_ADP_CARD","17","17","1","NE","0","0","0.21401515151515152","0.012589126559714794","0","-0.21401515151515152","-0.46985751612656806","0","0.21401515151515152","0","0","14","14"
"Pelota Negro","Daniel","2024","B","INFERRED_ADP_CARD","17","17","1","NO","0","0","0.46285661492978564","0.027226859701752096","0","-0.46285661492978564","-0.6936305319100403","0","0.42285661492978566","0","0","14","20"
"Pelota Negro","Daniel","2024","B","INFERRED_ADP_CARD","17","17","1","NYG","0","0","0.29785661492978566","0.01752097734881092","0","-0.29785661492978566","-0.5533960349687037","0","0.29785661492978566","0","0","14","15"
"Pelota Negro","Daniel","2024","B","INFERRED_ADP_CARD","17","17","1","NYJ","0","0","0.7361899482631189","0.04330529107430111","0","-0.7361899482631189","-0.883120595877856","0","0.556189948263119","0","0","14","30"
"Pelota Negro","Daniel","2024","B","INFERRED_ADP_CARD","17","17","1","PHI","0","0","0.7800314116777533","0.04588420068692666","0","-0.7800314116777533","-0.9075528484698873","0","0.6400314116777532","0","0","14","31"
"Pelota Negro","Daniel","2024","B","INFERRED_ADP_CARD","17","17","1","PIT","0","0","0.5786141906873614","0.034036128863962435","0","-0.5786141906873614","-0.7798475385970642","0","0.49861419068736146","0","0","14","27"
"Pelota Negro","Daniel","2024","B","INFERRED_ADP_CARD","17","17","1","SEA","0","0","0.5199556541019956","0.030585626711882096","0","-0.5199556541019956","-0.7387732465212301","0","0.5199556541019956","0","0","14","22"
"Pelota Negro","Daniel","2024","B","INFERRED_ADP_CARD","17","17","1","SF","2","0.11764705882352941","0.5170232815964524","0.030413134211556024","3.868297756001329","1.4829767184035476","2.0960152386332465","2","0.42702328159645236","4.683585383267346","0","1","4"
"Pelota Negro","Daniel","2024","B","INFERRED_ADP_CARD","17","17","1","TB","0","0","0.35776977087952694","0.021045280639972172","0","-0.35776977087952694","-0.6076669818986583","0","0.35776977087952694","0","0","14","16"
"Pelota Negro","Daniel","2024","B","INFERRED_ADP_CARD","17","17","1","TEN","0","0","0.5199556541019956","0.030585626711882096","0","-0.5199556541019956","-0.7387732465212301","0","0.5199556541019956","0","0","14","23"
"Pelota Negro","Daniel","2024","B","INFERRED_ADP_CARD","17","17","1","WAS","1","0.058823529411764705","0.5069475240206948","0.02982044258945263","1.9725907566700684","0.49305247597930524","0.708596903753484","1","0.5069475240206948","1.9725907566700684","0","5","7"
"Pelota Negro","Daniel","2025","A","EXACT_2025","17","17","1","ARI","0","0","0.7357123105009195","0.043277194735348204","0","-0.7357123105009195","-0.8810071616082509","0","0.690257765046374","0","0","13","31"
"Pelota Negro","Daniel","2025","A","EXACT_2025","17","17","1","ATL","1","0.058823529411764705","0.41272062433187584","0.02427768378422799","2.42294651889236","0.5872793756681242","0.935718810265542","1","0.41272062433187584","2.42294651889236","0","6","7"
"Pelota Negro","Daniel","2025","A","EXACT_2025","17","17","1","BAL","0","0","0.4922177487131768","0.028953985218422164","0","-0.4922177487131768","-0.7157018939961998","0","0.40130865780408587","0","0","13","21"
"Pelota Negro","Daniel","2025","A","EXACT_2025","17","17","1","BUF","1","0.058823529411764705","0.6948621704587222","0.04087424532110131","1.4391343240629104","0.30513782954127777","0.3752788685303197","0","0.5483975239940757","0","1","6","9"
"Pelota Negro","Daniel","2025","A","EXACT_2025","17","17","1","CAR","0","0","0.1629924619542028","0.009587791879658988","0","-0.1629924619542028","-0.4077021316047992","0","0.1629924619542028","0","0","13","13"
"Pelota Negro","Daniel","2025","A","EXACT_2025","17","17","1","CHI","0","0","0.46335353572428095","0.02725609033672241","0","-0.46335353572428095","-0.696459883215652","0","0.46335353572428095","0","0","13","20"
"Pelota Negro","Daniel","2025","A","EXACT_2025","17","17","1","CIN","2","0.11764705882352941","0.45686421335964145","0.026874365491743615","4.377668334520237","1.5431357866403586","2.3189648109461194","2","0.40130865780408587","4.98369512121609","0","1","2"
"Pelota Negro","Daniel","2025","A","EXACT_2025","17","17","1","CLE","0","0","0.35516737564810386","0.02089219856753552","0","-0.35516737564810386","-0.6054503598235961","0","0.35516737564810386","0","0","13","16"
"Pelota Negro","Daniel","2025","A","EXACT_2025","17","17","1","DAL","0","0","0.7215535130253818","0.042444324295610694","0","-0.7215535130253818","-0.8741752860399333","0","0.6104424019142707","0","0","13","30"
"Pelota Negro","Daniel","2025","A","EXACT_2025","17","17","1","DEN","1","0.058823529411764705","0.8360981917856772","0.04918224657562807","1.1960317697425864","0.16390180821432276","0.18545203403325985","1","0.6340779897654751","1.5770930644822847","0","6","11"
"Pelota Negro","Daniel","2025","A","EXACT_2025","17","17","1","DET","1","0.058823529411764705","0.948457742347475","0.05579163190279265","1.0543432304373999","0.05154225765252496","0.05468369205902336","1","0.7464375403272729","1.3396968211989357","0","6","12"
"Pelota Negro","Daniel","2025","A","EXACT_2025","17","17","1","GB","0","0","0.5029429785395302","0.029584881090560598","0","-0.5029429785395302","-0.7208805619381751","0","0.45748843308498477","0","0","13","23"
"Pelota Negro","Daniel","2025","A","EXACT_2025","17","17","1","HOU","0","0","0.654267752191234","0.038486338364190235","0","-0.654267752191234","-0.831434540056485","0","0.5078031057265875","0","0","13","29"
"Pelota Negro","Daniel","2025","A","EXACT_2025","17","17","1","IND","0","0","0.2951827078322185","0.017363688696012854","0","-0.2951827078322185","-0.5578445107654123","0","0.24972816237767306","0","0","13","15"
"Pelota Negro","Daniel","2025","A","EXACT_2025","17","17","1","JAX","0","0","0.5074971247520466","0.029852772044238033","0","-0.5074971247520466","-0.7248177454650936","0","0.451941569196491","0","0","13","24"
"Pelota Negro","Daniel","2025","A","EXACT_2025","17","17","1","KC","0","0","0.8124626039344729","0.0477919178784984","0","-0.8124626039344729","-0.9295477466889781","0","0.7013514928233617","0","0","13","32"
"Pelota Negro","Daniel","2025","A","EXACT_2025","17","17","1","LV","2","0.11764705882352941","0.3103995668949949","0.01825879805264676","6.443307959500408","1.6896004331050052","3.0735801839659866","2","0.3103995668949949","6.443307959500408","0","1","1"
"Pelota Negro","Daniel","2025","A","EXACT_2025","17","17","1","LAC","0","0","0.4512548324950544","0.026544401911473788","0","-0.4512548324950544","-0.6852516496205903","0","0.4058002870405089","0","0","13","19"
"Pelota Negro","Daniel","2025","A","EXACT_2025","17","17","1","LAR","0","0","0.36071423953659765","0.02121848467862339","0","-0.36071423953659765","-0.6099670689009123","0","0.36071423953659765","0","0","13","17"
"Pelota Negro","Daniel","2025","A","EXACT_2025","17","17","1","MIA","0","0","0.6189142168376986","0.03640671863751169","0","-0.6189142168376986","-0.8106599375287376","0","0.5078031057265875","0","0","13","28"
"Pelota Negro","Daniel","2025","A","EXACT_2025","17","17","1","MIN","2","0.11764705882352941","0.7065298587612212","0.04156057992713066","2.8307366988093845","1.2934701412387788","1.5762849233991976","1","0.6610753133066758","1.5126869508982792","1","1","5"
"Pelota Negro","Daniel","2025","A","EXACT_2025","17","17","1","NE","1","0.058823529411764705","0.451941569196491","0.02658479818802888","2.212675416819711","0.548058430803509","0.8283292389853114","1","0.451941569196491","2.212675416819711","0","6","8"
"Pelota Negro","Daniel","2025","A","EXACT_2025","17","17","1","NO","0","0","0.1629924619542028","0.009587791879658988","0","-0.1629924619542028","-0.4077021316047992","0","0.1629924619542028","0","0","13","14"
"Pelota Negro","Daniel","2025","A","EXACT_2025","17","17","1","NYG","1","0.058823529411764705","0.3097128301935584","0.01821840177609167","3.228797461748805","0.6902871698064417","1.2616463912328924","1","0.2642582847390129","3.7841765339074276","0","6","6"
"Pelota Negro","Daniel","2025","A","EXACT_2025","17","17","1","NYJ","0","0","0.4915310120117402","0.02891358894186707","0","-0.4915310120117402","-0.7168554771824351","0","0.44607646655719474","0","0","13","22"
"Pelota Negro","Daniel","2025","A","EXACT_2025","17","17","1","PHI","2","0.11764705882352941","0.5634211782582361","0.03314242225048448","3.5497423192057016","1.4365788217417639","1.9607347285400538","2","0.40685552169257966","4.9157499243950324","0","1","3"
"Pelota Negro","Daniel","2025","A","EXACT_2025","17","17","1","PIT","0","0","0.558816772845888","0.03287157487328753","0","-0.558816772845888","-0.7655139173895145","0","0.4578066718357871","0","0","13","25"
"Pelota Negro","Daniel","2025","A","EXACT_2025","17","17","1","SEA","0","0","0.5743396128832056","0.0337846831107768","0","-0.5743396128832056","-0.7815485987833203","0","0.4834305219741146","0","0","13","26"
"Pelota Negro","Daniel","2025","A","EXACT_2025","17","17","1","SF","2","0.11764705882352941","0.6659354404937331","0.03917267297021959","3.003294130910309","1.3340645595062668","1.6722333500434154","2","0.6204808950391877","3.2233063354411358","0","1","4"
"Pelota Negro","Daniel","2025","A","EXACT_2025","17","17","1","TB","0","0","0.6254035392023382","0.03678844348249048","0","-0.6254035392023382","-0.8086766016495522","0","0.5698479836467826","0","0","13","27"
"Pelota Negro","Daniel","2025","A","EXACT_2025","17","17","1","TEN","0","0","0.3898966912762959","0.022935099486840936","0","-0.3898966912762959","-0.6388506094822418","0","0.3898966912762959","0","0","13","18"
"Pelota Negro","Daniel","2025","A","EXACT_2025","17","17","1","WAS","1","0.058823529411764705","0.7058431220597847","0.041520183650575575","1.4167454052421868","0.2941568779402153","0.35900896265453314","1","0.7058431220597847","1.4167454052421868","0","6","10"
"R Kelly's Golden Showers","Kelly Hoffman","2021","B","INFERRED_ADP_CARD","17","17","1","ARI","0","0","0.282032279314888","0.016590134077346354","0","-0.282032279314888","-0.5449790152705651","0","0.1911231884057971","0","0","13","16"
"R Kelly's Golden Showers","Kelly Hoffman","2021","B","INFERRED_ADP_CARD","17","17","1","ATL","0","0","0.4667589554279463","0.02745640914282037","0","-0.4667589554279463","-0.7017971834981706","0","0.4667589554279463","0","0","13","21"
"R Kelly's Golden Showers","Kelly Hoffman","2021","B","INFERRED_ADP_CARD","17","17","1","BAL","0","0","1.1185915815902647","0.06579950479942734","0","-1.1185915815902647","-1.1050052375265136","0","0.8943491573478405","0","0","13","31"
"R Kelly's Golden Showers","Kelly Hoffman","2021","B","INFERRED_ADP_CARD","17","17","1","BUF","0","0","0.8415448579312401","0.04950263870183765","0","-0.8415448579312401","-0.9539978531460043","0","0.4839691003554826","0","0","13","29"
"R Kelly's Golden Showers","Kelly Hoffman","2021","B","INFERRED_ADP_CARD","17","17","1","CAR","0","0","0.2830188679245283","0.01664816870144284","0","-0.2830188679245283","-0.5477225575051661","0","0.2830188679245283","0","0","13","17"
"R Kelly's Golden Showers","Kelly Hoffman","2021","B","INFERRED_ADP_CARD","17","17","1","CHI","0","0","0.4839691003554826","0.028468770609146033","0","-0.4839691003554826","-0.7101943416831273","0","0.4839691003554826","0","0","13","23"
"R Kelly's Golden Showers","Kelly Hoffman","2021","B","INFERRED_ADP_CARD","17","17","1","CIN","1","0.058823529411764705","0.5684816789718348","0.033440098763049105","1.7590716411628537","0.43151832102816523","0.5904836803577354","1","0.5684816789718348","1.7590716411628537","0","4","9"
"R Kelly's Golden Showers","Kelly Hoffman","2021","B","INFERRED_ADP_CARD","17","17","1","CLE","0","0","1.1453143051341532","0.06737142971377372","0","-1.1453143051341532","-1.114204264228098","0","0.7877385475583956","0","0","13","32"
"R Kelly's Golden Showers","Kelly Hoffman","2021","B","INFERRED_ADP_CARD","17","17","1","DAL","0","0","0.6212550028587764","0.036544411932869204","0","-0.6212550028587764","-0.8099721006732481","0","0.3970125786163522","0","0","13","25"
"R Kelly's Golden Showers","Kelly Hoffman","2021","B","INFERRED_ADP_CARD","17","17","1","DEN","0","0","0.7276146519815835","0.042800861881269615","0","-0.7276146519815835","-0.8830050407205982","0","0.5033722277391592","0","0","13","28"
"R Kelly's Golden Showers","Kelly Hoffman","2021","B","INFERRED_ADP_CARD","17","17","1","DET","1","0.058823529411764705","0.5219298245614035","0.03070175438596491","1.915966386554622","0.47807017543859653","0.6888394445316453","1","0.5219298245614035","1.915966386554622","0","4","8"
"R Kelly's Golden Showers","Kelly Hoffman","2021","B","INFERRED_ADP_CARD","17","17","1","GB","0","0","0.9284549817941078","0.05461499892906516","0","-0.9284549817941078","-0.9976959199016447","0","0.7951216484607745","0","0","13","30"
"R Kelly's Golden Showers","Kelly Hoffman","2021","B","INFERRED_ADP_CARD","17","17","1","HOU","1","0.058823529411764705","0.1985062893081761","0.011676840547539771","5.037623762376238","0.8014937106918238","1.8170949800613299","1","0.1985062893081761","5.037623762376238","0","4","4"
"R Kelly's Golden Showers","Kelly Hoffman","2021","B","INFERRED_ADP_CARD","17","17","1","IND","0","0","0.2375","0.013970588235294117","0","-0.2375","-0.49909832060917614","0","0.10416666666666666","0","0","13","14"
"R Kelly's Golden Showers","Kelly Hoffman","2021","B","INFERRED_ADP_CARD","17","17","1","JAX","1","0.058823529411764705","0.3970125786163522","0.023353681095079543","2.518811881188119","0.6029874213836478","0.976618488482902","1","0.3970125786163522","2.518811881188119","0","4","7"
"R Kelly's Golden Showers","Kelly Hoffman","2021","B","INFERRED_ADP_CARD","17","17","1","KC","0","0","0.6183989249168861","0.03637640734805212","0","-0.6183989249168861","-0.8044741309719664","0","0.4850655915835528","0","0","13","24"
"R Kelly's Golden Showers","Kelly Hoffman","2021","B","INFERRED_ADP_CARD","17","17","1","LV","0","0","0.6910648844125378","0.04065087555367869","0","-0.6910648844125378","-0.8595450799968727","0","0.6001557935034468","0","0","13","27"
"R Kelly's Golden Showers","Kelly Hoffman","2021","B","INFERRED_ADP_CARD","17","17","1","LAC","0","0","0.28546281104730653","0.016791930061606265","0","-0.28546281104730653","-0.5416722758300275","0","0.28546281104730653","0","0","13","15"
"R Kelly's Golden Showers","Kelly Hoffman","2021","B","INFERRED_ADP_CARD","17","17","1","LAR","1","0.058823529411764705","1.044688072818335","0.06145223957754912","0.9572235253937794","-0.04468807281833498","-0.045773796095447024","1","0.6871123152425773","1.4553661429383071","0","4","12"
"R Kelly's Golden Showers","Kelly Hoffman","2021","B","INFERRED_ADP_CARD","17","17","1","MIA","1","0.058823529411764705","0.6984479853149168","0.04108517560675981","1.431745843678136","0.3015520146850832","0.3733914785575143","1","0.6075388944058259","1.6459851528979093","0","4","11"
"R Kelly's Golden Showers","Kelly Hoffman","2021","B","INFERRED_ADP_CARD","17","17","1","MIN","1","0.058823529411764705","0.2756357670221493","0.016213868648361725","3.6279761904761902","0.7243642329778507","1.4078333650504573","0","0.2756357670221493","0","1","4","5"
"R Kelly's Golden Showers","Kelly Hoffman","2021","B","INFERRED_ADP_CARD","17","17","1","NE","1","0.058823529411764705","0.6465326050976496","0.03803132971162645","1.5467124041624538","0.35346739490235035","0.4544264431887914","1","0.5131992717643163","1.948560832056761","0","4","10"
"R Kelly's Golden Showers","Kelly Hoffman","2021","B","INFERRED_ADP_CARD","17","17","1","NO","0","0","0.3416666666666667","0.020098039215686276","0","-0.3416666666666667","-0.6001571110635495","0","0.20833333333333331","0","0","13","18"
"R Kelly's Golden Showers","Kelly Hoffman","2021","B","INFERRED_ADP_CARD","17","17","1","NYG","0","0","0.3946785381120038","0.023216384594823752","0","-0.3946785381120038","-0.6428605026691472","0","0.30376944720291293","0","0","13","19"
"R Kelly's Golden Showers","Kelly Hoffman","2021","B","INFERRED_ADP_CARD","17","17","1","NYJ","0","0","0.1985062893081761","0.011676840547539771","0","-0.1985062893081761","-0.45004068902941224","0","0.1985062893081761","0","0","13","13"
"R Kelly's Golden Showers","Kelly Hoffman","2021","B","INFERRED_ADP_CARD","17","17","1","PHI","1","0.058823529411764705","0.29638634630053395","0.017434490958854937","3.373974585813093","0.703613653699466","1.3182312373855956","1","0.29638634630053395","3.373974585813093","0","4","6"
"R Kelly's Golden Showers","Kelly Hoffman","2021","B","INFERRED_ADP_CARD","17","17","1","PIT","2","0.11764705882352941","0.3146294777139732","0.01850761633611607","6.356683469494177","1.6853705222860267","3.076129436219541","2","0.18129614438063985","11.031674208144798","0","3","3"
"R Kelly's Golden Showers","Kelly Hoffman","2021","B","INFERRED_ADP_CARD","17","17","1","SEA","3","0.17647058823529413","0.46088448057274967","0.027110851798397038","6.5092233009708735","2.5391155194272503","3.8594828811013855","2","0.3699753896636587","5.405764966740577","1","1","2"
"R Kelly's Golden Showers","Kelly Hoffman","2021","B","INFERRED_ADP_CARD","17","17","1","SF","3","0.17647058823529413","0.3699753896636587","0.021763258215509337","8.108647450110865","2.630024610336341","4.444443686401761","2","0.3699753896636587","5.405764966740577","1","1","1"
"R Kelly's Golden Showers","Kelly Hoffman","2021","B","INFERRED_ADP_CARD","17","17","1","TB","0","0","0.6663617359641926","0.03919774917436427","0","-0.6663617359641926","-0.8412018174864374","0","0.6663617359641926","0","0","13","26"
"R Kelly's Golden Showers","Kelly Hoffman","2021","B","INFERRED_ADP_CARD","17","17","1","TEN","0","0","0.47414205633032536","0.027890709195901493","0","-0.47414205633032536","-0.7051102042818569","0","0.47414205633032536","0","0","13","22"
"R Kelly's Golden Showers","Kelly Hoffman","2021","B","INFERRED_ADP_CARD","17","17","1","WAS","0","0","0.4005530129672006","0.023561941939247093","0","-0.4005530129672006","-0.6476121780966049","0","0.4005530129672006","0","0","13","20"
"R Kelly's Golden Showers","Kelly Hoffman","2022","B","INFERRED_ADP_CARD","17","17","1","ARI","1","0.058823529411764705","1.0338525841974118","0.0608148578939654","0.9672558885910298","-0.03385258419741177","-0.03499398305089911","1","0.7671859175307452","1.3034650104352636","0","5","11"
"R Kelly's Golden Showers","Kelly Hoffman","2022","B","INFERRED_ADP_CARD","17","17","1","ATL","0","0","0.41884092918575677","0.02463770171680922","0","-0.41884092918575677","-0.6608709294713354","0","0.28550759585242347","0","0","12","20"
"R Kelly's Golden Showers","Kelly Hoffman","2022","B","INFERRED_ADP_CARD","17","17","1","BAL","1","0.058823529411764705","0.37646330680813445","0.022144900400478496","2.656301376297618","0.6235366931918656","1.036776066953585","1","0.2431299734748011","4.1130264019201395","0","5","8"
"R Kelly's Golden Showers","Kelly Hoffman","2022","B","INFERRED_ADP_CARD","17","17","1","BUF","0","0","1.0596838410631513","0.06233434359195007","0","-1.0596838410631513","-1.0689585215746027","0","0.7041282855075959","0","0","12","32"
"R Kelly's Golden Showers","Kelly Hoffman","2022","B","INFERRED_ADP_CARD","17","17","1","CAR","0","0","0.16312997347480107","0.009595880792635358","0","-0.16312997347480107","-0.4072396726791125","0","0.16312997347480107","0","0","12","12"
"R Kelly's Golden Showers","Kelly Hoffman","2022","B","INFERRED_ADP_CARD","17","17","1","CHI","0","0","0.16312997347480107","0.009595880792635358","0","-0.16312997347480107","-0.4072396726791125","0","0.16312997347480107","0","0","12","13"
"R Kelly's Golden Showers","Kelly Hoffman","2022","B","INFERRED_ADP_CARD","17","17","1","CIN","3","0.17647058823529413","0.601025641025641","0.03535444947209653","4.991467576791809","2.398974358974359","3.2046147661089557","2","0.46769230769230774","4.276315789473684","1","1","1"
"R Kelly's Golden Showers","Kelly Hoffman","2022","B","INFERRED_ADP_CARD","17","17","1","CLE","1","0.058823529411764705","0.25862068965517243","0.015212981744421908","3.8666666666666663","0.7413793103448276","1.4970678412190015","1","0.25862068965517243","3.8666666666666663","0","5","4"
"R Kelly's Golden Showers","Kelly Hoffman","2022","B","INFERRED_ADP_CARD","17","17","1","DAL","2","0.11764705882352941","0.7508597915494467","0.044168223032320396","2.6636131305857695","1.2491402084505534","1.4884369913925135","2","0.5286375693272245","3.7833103737695346","0","3","5"
"R Kelly's Golden Showers","Kelly Hoffman","2022","B","INFERRED_ADP_CARD","17","17","1","DEN","0","0","0.5313570720467273","0.03125629835568984","0","-0.5313570720467273","-0.7465479639789399","0","0.42024596093561617","0","0","12","23"
"R Kelly's Golden Showers","Kelly Hoffman","2022","B","INFERRED_ADP_CARD","17","17","1","DET","1","0.058823529411764705","0.24475524475524477","0.01439736733854381","4.085714285714285","0.7552447552447552","1.5688132080769197","1","0.24475524475524477","4.085714285714285","0","5","3"
"R Kelly's Golden Showers","Kelly Hoffman","2022","B","INFERRED_ADP_CARD","17","17","1","GB","0","0","0.4089794496691049","0.024057614686417934","0","-0.4089794496691049","-0.6535560076661043","0","0.2978683385579938","0","0","12","19"
"R Kelly's Golden Showers","Kelly Hoffman","2022","B","INFERRED_ADP_CARD","17","17","1","HOU","0","0","0.16312997347480107","0.009595880792635358","0","-0.16312997347480107","-0.4072396726791125","0","0.16312997347480107","0","0","12","14"
"R Kelly's Golden Showers","Kelly Hoffman","2022","B","INFERRED_ADP_CARD","17","17","1","IND","0","0","0.7902446212791041","0.046484977722300244","0","-0.7902446212791041","-0.9246545508490561","0","0.4124668435013263","0","0","12","29"
"R Kelly's Golden Showers","Kelly Hoffman","2022","B","INFERRED_ADP_CARD","17","17","1","JAX","0","0","0.5693899204244033","0.033493524730847254","0","-0.5693899204244033","-0.773294991180146","0","0.5693899204244033","0","0","12","25"
"R Kelly's Golden Showers","Kelly Hoffman","2022","B","INFERRED_ADP_CARD","17","17","1","KC","3","0.17647058823529413","0.6068751172199449","0.035698536307055585","4.943356408716843","2.393124882780055","3.1488211094387126","2","0.3624306727755004","5.518296739853626","1","1","2"
"R Kelly's Golden Showers","Kelly Hoffman","2022","B","INFERRED_ADP_CARD","17","17","1","LV","0","0","1.041153712188195","0.0612443360110703","0","-1.041153712188195","-1.0624846149345932","0","0.6633759344104172","0","0","12","31"
"R Kelly's Golden Showers","Kelly Hoffman","2022","B","INFERRED_ADP_CARD","17","17","1","LAC","0","0","0.6991983495431772","0.041129314679010424","0","-0.6991983495431772","-0.8675359668887129","0","0.47697612732095496","0","0","12","27"
"R Kelly's Golden Showers","Kelly Hoffman","2022","B","INFERRED_ADP_CARD","17","17","1","LAR","0","0","0.3169761273209549","0.018645654548291465","0","-0.3169761273209549","-0.5741050303901063","0","0.3169761273209549","0","0","12","18"
"R Kelly's Golden Showers","Kelly Hoffman","2022","B","INFERRED_ADP_CARD","17","17","1","MIA","0","0","0.8985365592262144","0.05285509171918908","0","-0.8985365592262144","-0.9770083422576248","0","0.6540921147817701","0","0","12","30"
"R Kelly's Golden Showers","Kelly Hoffman","2022","B","INFERRED_ADP_CARD","17","17","1","MIN","0","0","0.6128617742410847","0.036050692602416744","0","-0.6128617742410847","-0.8057526363344862","0","0.5017506631299735","0","0","12","26"
"R Kelly's Golden Showers","Kelly Hoffman","2022","B","INFERRED_ADP_CARD","17","17","1","NE","0","0","0.5519540229885057","0.032467883705206216","0","-0.5519540229885057","-0.7677230737179671","0","0.4186206896551724","0","0","12","24"
"R Kelly's Golden Showers","Kelly Hoffman","2022","B","INFERRED_ADP_CARD","17","17","1","NO","0","0","0.7146890657235485","0.04204053327785579","0","-0.7146890657235485","-0.8739884275368703","0","0.4924668435013263","0","0","12","28"
"R Kelly's Golden Showers","Kelly Hoffman","2022","B","INFERRED_ADP_CARD","17","17","1","NYG","0","0","0.23076923076923078","0.013574660633484163","0","-0.23076923076923078","-0.4918693768379647","0","0.23076923076923078","0","0","12","15"
"R Kelly's Golden Showers","Kelly Hoffman","2022","B","INFERRED_ADP_CARD","17","17","1","NYJ","1","0.058823529411764705","0.4217506631299735","0.024808862537057264","2.371069182389937","0.5782493368700266","0.9179879135297377","1","0.4217506631299735","2.371069182389937","0","5","9"
"R Kelly's Golden Showers","Kelly Hoffman","2022","B","INFERRED_ADP_CARD","17","17","1","PHI","0","0","0.4424306727755004","0.026025333692676494","0","-0.4424306727755004","-0.678635841299667","0","0.4424306727755004","0","0","12","21"
"R Kelly's Golden Showers","Kelly Hoffman","2022","B","INFERRED_ADP_CARD","17","17","1","PIT","0","0","0.49210942314390593","0.028947613126112114","0","-0.49210942314390593","-0.718342776715098","0","0.38099831203279483","0","0","12","22"
"R Kelly's Golden Showers","Kelly Hoffman","2022","B","INFERRED_ADP_CARD","17","17","1","SEA","1","0.058823529411764705","0.3717144924041476","0.021865558376714566","2.690236782354849","0.6282855075958524","1.0486446860498078","1","0.3717144924041476","2.690236782354849","0","5","7"
"R Kelly's Golden Showers","Kelly Hoffman","2022","B","INFERRED_ADP_CARD","17","17","1","SF","2","0.11764705882352941","0.7637981941430216","0.0449293055378248","2.6184927057126544","1.2362018058569784","1.4538027125335282","1","0.5193537496985773","1.9254698759378948","1","3","6"
"R Kelly's Golden Showers","Kelly Hoffman","2022","B","INFERRED_ADP_CARD","17","17","1","TB","1","0.058823529411764705","0.8092527395975673","0.04760310232926866","1.2357078957771452","0.19074726040243273","0.21847101997840496","0","0.5648082951531228","0","1","5","10"
"R Kelly's Golden Showers","Kelly Hoffman","2022","B","INFERRED_ADP_CARD","17","17","1","TEN","0","0","0.2431299734748011","0.014301763145576534","0","-0.2431299734748011","-0.4991442151853662","0","0.2431299734748011","0","0","12","16"
"R Kelly's Golden Showers","Kelly Hoffman","2022","B","INFERRED_ADP_CARD","17","17","1","WAS","0","0","0.24933687002652521","0.01466687470744266","0","-0.24933687002652521","-0.5066314439965341","0","0.24933687002652521","0","0","12","17"
"R Kelly's Golden Showers","Kelly Hoffman","2023","B","INFERRED_ADP_CARD","17","17","1","ARI","0","0","0.4943665132981707","0.029080383135186513","0","-0.4943665132981707","-0.7184021922741971","0","0.4943665132981707","0","0","16","24"
"R Kelly's Golden Showers","Kelly Hoffman","2023","B","INFERRED_ADP_CARD","17","17","1","ATL","1","0.058823529411764705","0.47331107619795754","0.02784182801164456","2.112775403510228","0.5266889238020425","0.7846436084440692","1","0.34831107619795754","2.8709968425800634","0","3","8"
"R Kelly's Golden Showers","Kelly Hoffman","2023","B","INFERRED_ADP_CARD","17","17","1","BAL","0","0","0.7402776490219708","0.04354574406011593","0","-0.7402776490219708","-0.8916310600334375","0","0.44136460554371","0","0","16","28"
"R Kelly's Golden Showers","Kelly Hoffman","2023","B","INFERRED_ADP_CARD","17","17","1","BUF","1","0.058823529411764705","0.7234145958666945","0.04255379975686439","1.3823331817101912","0.27658540413330546","0.3349133476175377","1","0.42450155238843373","2.3557039882977038","0","3","14"
"R Kelly's Golden Showers","Kelly Hoffman","2023","B","INFERRED_ADP_CARD","17","17","1","CAR","0","0","0.144802304268133","0.008517782604007824","0","-0.144802304268133","-0.383648128813888","0","0.144802304268133","0","0","16","16"
"R Kelly's Golden Showers","Kelly Hoffman","2023","B","INFERRED_ADP_CARD","17","17","1","CHI","1","0.058823529411764705","0.41654135338345866","0.024502432551968156","2.4007220216606497","0.5834586466165413","0.9312731636937226","1","0.41654135338345866","2.4007220216606497","0","3","6"
"R Kelly's Golden Showers","Kelly Hoffman","2023","B","INFERRED_ADP_CARD","17","17","1","CIN","0","0","0.7075761678693815","0.04162212752172832","0","-0.7075761678693815","-0.8636665349119702","0","0.495619646130251","0","0","16","25"
"R Kelly's Golden Showers","Kelly Hoffman","2023","B","INFERRED_ADP_CARD","17","17","1","CLE","1","0.058823529411764705","0.5269860244381231","0.03099917790812489","1.897583529024718","0.47301397556187685","0.6682405052794256","1","0.3530729809598623","2.832275631178023","0","3","9"
"R Kelly's Golden Showers","Kelly Hoffman","2023","B","INFERRED_ADP_CARD","17","17","1","DAL","0","0","0.7353386711424894","0.0432552159495582","0","-0.7353386711424894","-0.8811756322310137","0","0.648382149403359","0","0","16","26"
"R Kelly's Golden Showers","Kelly Hoffman","2023","B","INFERRED_ADP_CARD","17","17","1","DEN","1","0.058823529411764705","0.5927920059721008","0.034870117998358874","1.686932330270095","0.4072079940278992","0.5415711376672981","1","0.5058354842329704","1.9769273433166947","0","3","12"
"R Kelly's Golden Showers","Kelly Hoffman","2023","B","INFERRED_ADP_CARD","17","17","1","DET","2","0.11764705882352941","0.42450155238843373","0.02497067955226081","4.7114079765954076","1.5754984476115663","2.4724941307021573","2","0.42450155238843373","4.7114079765954076","0","1","1"
"R Kelly's Golden Showers","Kelly Hoffman","2023","B","INFERRED_ADP_CARD","17","17","1","GB","0","0","0.4590662249393763","0.027003895584669195","0","-0.4590662249393763","-0.698649862663945","0","0.28515318146111546","0","0","16","23"
"R Kelly's Golden Showers","Kelly Hoffman","2023","B","INFERRED_ADP_CARD","17","17","1","HOU","0","0","0.20350877192982456","0.01197110423116615","0","-0.20350877192982456","-0.4627725041842686","0","0.20350877192982456","0","0","16","17"
"R Kelly's Golden Showers","Kelly Hoffman","2023","B","INFERRED_ADP_CARD","17","17","1","IND","0","0","0.3610331799648374","0.021237245880284555","0","-0.3610331799648374","-0.6110416359932505","0","0.3610331799648374","0","0","16","19"
"R Kelly's Golden Showers","Kelly Hoffman","2023","B","INFERRED_ADP_CARD","17","17","1","JAX","2","0.11764705882352941","0.5491910747016795","0.032305357335392915","3.641719780472397","1.4508089252983205","2.00373412814974","1","0.4241910747016795","2.3574281960158383","1","1","2"
"R Kelly's Golden Showers","Kelly Hoffman","2023","B","INFERRED_ADP_CARD","17","17","1","KC","0","0","0.788828129701281","0.046401654688310645","0","-0.788828129701281","-0.9155978126490977","0","0.48991508622302016","0","0","16","30"
"R Kelly's Golden Showers","Kelly Hoffman","2023","B","INFERRED_ADP_CARD","17","17","1","LV","0","0","0.7634032355385543","0.04490607267873849","0","-0.7634032355385543","-0.9056010656757559","0","0.4264467137994239","0","0","16","29"
"R Kelly's Golden Showers","Kelly Hoffman","2023","B","INFERRED_ADP_CARD","17","17","1","LAC","0","0","0.36228631279691764","0.021310959576289274","0","-0.36228631279691764","-0.6155532810481048","0","0.36228631279691764","0","0","16","20"
"R Kelly's Golden Showers","Kelly Hoffman","2023","B","INFERRED_ADP_CARD","17","17","1","LAR","1","0.058823529411764705","0.4241910747016795","0.024952416158922325","2.3574281960158383","0.5758089252983205","0.9024988985830865","1","0.4241910747016795","2.3574281960158383","0","3","7"
"R Kelly's Golden Showers","Kelly Hoffman","2023","B","INFERRED_ADP_CARD","17","17","1","MIA","1","0.058823529411764705","0.7345730891147401","0.043210181712631766","1.361334923397664","0.26542691088525994","0.31858268494173453","1","0.4356600456364792","2.295367707036449","0","3","15"
"R Kelly's Golden Showers","Kelly Hoffman","2023","B","INFERRED_ADP_CARD","17","17","1","MIN","1","0.058823529411764705","0.6062712752029327","0.0356630161884078","1.6494266525579286","0.39372872479706733","0.5245432558942135","1","0.35627127520293267","2.806849919153315","0","3","13"
"R Kelly's Golden Showers","Kelly Hoffman","2023","B","INFERRED_ADP_CARD","17","17","1","NE","1","0.058823529411764705","0.290465293668955","0.01708619374523265","3.442752100840336","0.709534706331045","1.3491970931316122","0","0.20350877192982456","0","1","3","3"
"R Kelly's Golden Showers","Kelly Hoffman","2023","B","INFERRED_ADP_CARD","17","17","1","NO","0","0","0.7343960159971634","0.043199765646891965","0","-0.7343960159971634","-0.8836682457079663","0","0.647439494258033","0","0","16","27"
"R Kelly's Golden Showers","Kelly Hoffman","2023","B","INFERRED_ADP_CARD","17","17","1","NYG","1","0.058823529411764705","0.5316444095312909","0.03127320056066417","1.880956485335041","0.4683555904687091","0.66762736397869","1","0.2816444095312909","3.5505764224618823","0","3","10"
"R Kelly's Golden Showers","Kelly Hoffman","2023","B","INFERRED_ADP_CARD","17","17","1","NYJ","0","0","0.8091999547863818","0.0475999973403754","0","-0.8091999547863818","-0.9276256712845075","0","0.510286911308121","0","0","16","31"
"R Kelly's Golden Showers","Kelly Hoffman","2023","B","INFERRED_ADP_CARD","17","17","1","PHI","1","0.058823529411764705","0.3686009312704213","0.02168240772178949","2.712961132662895","0.6313990687295787","1.0573965560132057","0","0.2816444095312909","0","1","3","4"
"R Kelly's Golden Showers","Kelly Hoffman","2023","B","INFERRED_ADP_CARD","17","17","1","PIT","1","0.058823529411764705","0.5848318069671257","0.034401870998066214","1.7098933199031898","0.41516819303287433","0.5544245614632086","0","0.4978752852279953","0","1","3","11"
"R Kelly's Golden Showers","Kelly Hoffman","2023","B","INFERRED_ADP_CARD","17","17","1","SEA","0","0","0.980969214079976","0.057704071416469174","0","-0.980969214079976","-1.037210777344822","0","0.730969214079976","0","0","16","32"
"R Kelly's Golden Showers","Kelly Hoffman","2023","B","INFERRED_ADP_CARD","17","17","1","SF","1","0.058823529411764705","0.37750378542072244","0.022206105024748377","2.648980059592024","0.6224962145792776","1.0353728590628728","1","0.290547263681592","3.4417808219178085","0","3","5"
"R Kelly's Golden Showers","Kelly Hoffman","2023","B","INFERRED_ADP_CARD","17","17","1","TB","0","0","0.36868290128305836","0.021687229487238727","0","-0.36868290128305836","-0.6235171384820516","0","0.36868290128305836","0","0","16","21"
"R Kelly's Golden Showers","Kelly Hoffman","2023","B","INFERRED_ADP_CARD","17","17","1","TEN","0","0","0.4229379418695993","0.024878702462917606","0","-0.4229379418695993","-0.6648544992794355","0","0.4229379418695993","0","0","16","22"
"R Kelly's Golden Showers","Kelly Hoffman","2023","B","INFERRED_ADP_CARD","17","17","1","WAS","0","0","0.29850746268656714","0.017559262510974536","0","-0.29850746268656714","-0.563436169819011","0","0.29850746268656714","0","0","16","18"
"R Kelly's Golden Showers","Kelly Hoffman","2024","B","INFERRED_ADP_CARD","17","17","1","ARI","0","0","0.5415228007428297","0.03185428239663704","0","-0.5415228007428297","-0.7550959124162192","0","0.5415228007428297","0","0","16","22"
"R Kelly's Golden Showers","Kelly Hoffman","2024","B","INFERRED_ADP_CARD","17","17","1","ATL","1","0.058823529411764705","0.46429747937489363","0.02731161643381727","2.1537915763539117","0.5357025206251064","0.8012810350991303","1","0.3590343214801568","2.785249042145594","0","2","11"
"R Kelly's Golden Showers","Kelly Hoffman","2024","B","INFERRED_ADP_CARD","17","17","1","BAL","0","0","0.7537511327669196","0.04433830192746586","0","-0.7537511327669196","-0.8946718801275173","0","0.4818213082055162","0","0","16","28"
"R Kelly's Golden Showers","Kelly Hoffman","2024","B","INFERRED_ADP_CARD","17","17","1","BUF","1","0.058823529411764705","0.4137962262420615","0.02434095448482715","2.4166484288211523","0.5862037737579384","0.925887619637056","0","0.3304628929087282","0","1","2","9"
"R Kelly's Golden Showers","Kelly Hoffman","2024","B","INFERRED_ADP_CARD","17","17","1","CAR","0","0","0.2146410803127221","0.012625945900748359","0","-0.2146410803127221","-0.4697188520544228","0","0.2146410803127221","0","0","16","16"
"R Kelly's Golden Showers","Kelly Hoffman","2024","B","INFERRED_ADP_CARD","17","17","1","CHI","0","0","0.9949062593894461","0.05852389761114389","0","-0.9949062593894461","-1.0336662540285246","0","0.6177132769333058","0","0","16","31"
"R Kelly's Golden Showers","Kelly Hoffman","2024","B","INFERRED_ADP_CARD","17","17","1","CIN","1","0.058823529411764705","0.5008566191598398","0.02946215406822587","1.9965793836915773","0.4991433808401602","0.7221374246907509","0","0.39559346126510303","0","1","2","12"
"R Kelly's Golden Showers","Kelly Hoffman","2024","B","INFERRED_ADP_CARD","17","17","1","CLE","0","0","0.7061638810555518","0.041539051826797166","0","-0.7061638810555518","-0.8647339971004562","0","0.6228305477222185","0","0","16","26"
"R Kelly's Golden Showers","Kelly Hoffman","2024","B","INFERRED_ADP_CARD","17","17","1","DAL","0","0","0.7707731654605943","0.04533959796827025","0","-0.7707731654605943","-0.8997032524294442","0","0.5821766742325241","0","0","16","29"
"R Kelly's Golden Showers","Kelly Hoffman","2024","B","INFERRED_ADP_CARD","17","17","1","DEN","0","0","0.7020491165323034","0.041297006854841375","0","-0.7020491165323034","-0.8654110005200552","0","0.4081894674094963","0","0","16","27"
"R Kelly's Golden Showers","Kelly Hoffman","2024","B","INFERRED_ADP_CARD","17","17","1","DET","0","0","1.0857378158926445","0.06386693034662615","0","-1.0857378158926445","-1.080909761720455","0","0.7085448334365041","0","0","16","32"
"R Kelly's Golden Showers","Kelly Hoffman","2024","B","INFERRED_ADP_CARD","17","17","1","GB","1","0.058823529411764705","0.3479744136460554","0.020469083155650318","2.873774509803922","0.6520255863539446","1.129476396473823","1","0.3479744136460554","2.873774509803922","0","2","8"
"R Kelly's Golden Showers","Kelly Hoffman","2024","B","INFERRED_ADP_CARD","17","17","1","HOU","1","0.058823529411764705","0.7741448590180314","0.045537932883413616","1.2917479052543936","0.22585514098196857","0.2649721464388156","1","0.4802852098952244","2.0820961782648957","0","2","14"
"R Kelly's Golden Showers","Kelly Hoffman","2024","B","INFERRED_ADP_CARD","17","17","1","IND","1","0.058823529411764705","0.3119047619047619","0.01834733893557423","3.2061068702290076","0.6880952380952381","1.2620267829914724","1","0.22857142857142856","4.375","0","2","5"
"R Kelly's Golden Showers","Kelly Hoffman","2024","B","INFERRED_ADP_CARD","17","17","1","JAX","0","0","0.6961070224912304","0.040947471911248846","0","-0.6961070224912304","-0.8602117746714395","0","0.5294403558245637","0","0","16","25"
"R Kelly's Golden Showers","Kelly Hoffman","2024","B","INFERRED_ADP_CARD","17","17","1","KC","0","0","0.6855483677899611","0.040326374575880064","0","-0.6855483677899611","-0.849786180832998","0","0.4136185432285576","0","0","16","24"
"R Kelly's Golden Showers","Kelly Hoffman","2024","B","INFERRED_ADP_CARD","17","17","1","LV","0","0","0.5034275626475915","0.029613386038093617","0","-0.5034275626475915","-0.7279207037909163","0","0.5034275626475915","0","0","16","21"
"R Kelly's Golden Showers","Kelly Hoffman","2024","B","INFERRED_ADP_CARD","17","17","1","LAC","0","0","0.3986533497923914","0.02345019704661126","0","-0.3986533497923914","-0.6447490826567953","0","0.2933901918976546","0","0","16","18"
"R Kelly's Golden Showers","Kelly Hoffman","2024","B","INFERRED_ADP_CARD","17","17","1","LAR","1","0.058823529411764705","0.28130774697938876","0.016547514528199338","3.5548256695300657","0.7186922530206112","1.374864668425439","1","0.28130774697938876","3.5548256695300657","0","2","4"
"R Kelly's Golden Showers","Kelly Hoffman","2024","B","INFERRED_ADP_CARD","17","17","1","MIA","0","0","0.6605581116971533","0.03885635951159725","0","-0.6605581116971533","-0.8350229072123144","0","0.3886282871357498","0","0","16","23"
"R Kelly's Golden Showers","Kelly Hoffman","2024","B","INFERRED_ADP_CARD","17","17","1","MIN","0","0","0.40665336909920446","0.023920786417600263","0","-0.40665336909920446","-0.6504189319026384","0","0.40665336909920446","0","0","16","19"
"R Kelly's Golden Showers","Kelly Hoffman","2024","B","INFERRED_ADP_CARD","17","17","1","NE","1","0.058823529411764705","0.11940298507462686","0.007023705004389816","8.375","0.8805970149253731","2.587321156955736","1","0.11940298507462686","8.375","0","2","2"
"R Kelly's Golden Showers","Kelly Hoffman","2024","B","INFERRED_ADP_CARD","17","17","1","NO","1","0.058823529411764705","0.4318213082055162","0.02540125342385389","2.315772707362721","0.5681786917944838","0.8844349404850523","1","0.34848797487218286","2.8695394736842106","0","2","10"
"R Kelly's Golden Showers","Kelly Hoffman","2024","B","INFERRED_ADP_CARD","17","17","1","NYG","1","0.058823529411764705","0.15493958777540867","0.00911409339855345","6.454128440366972","0.8450604122245913","2.1690977709858497","1","0.15493958777540867","6.454128440366972","0","2","3"
"R Kelly's Golden Showers","Kelly Hoffman","2024","B","INFERRED_ADP_CARD","17","17","1","NYJ","1","0.058823529411764705","0.8134526253042331","0.04785015442966077","1.229327890638988","0.18654737469576688","0.2130313904058831","0","0.5415228007428297","0","1","2","15"
"R Kelly's Golden Showers","Kelly Hoffman","2024","B","INFERRED_ADP_CARD","17","17","1","PHI","0","0","0.8338463515553448","0.049049785385608516","0","-0.8338463515553448","-0.9419928660420366","0","0.5399867024325378","0","0","16","30"
"R Kelly's Golden Showers","Kelly Hoffman","2024","B","INFERRED_ADP_CARD","17","17","1","PIT","1","0.058823529411764705","0.5377834330650892","0.03163431959206407","1.8594845778355682","0.46221656693491076","0.6469247276208281","1","0.3711167663984226","2.694569716439118","0","2","13"
"R Kelly's Golden Showers","Kelly Hoffman","2024","B","INFERRED_ADP_CARD","17","17","1","SEA","1","0.058823529411764705","0.32196162046908317","0.01893891885112254","3.1059602649006623","0.6780383795309168","1.2200777920310544","1","0.32196162046908317","3.1059602649006623","0","2","6"
"R Kelly's Golden Showers","Kelly Hoffman","2024","B","INFERRED_ADP_CARD","17","17","1","SF","3","0.17647058823529413","0.4833450984225127","0.028432064613088982","6.206745469833173","2.5166549015774873","3.6841537646369624","2","0.3780819405277759","5.289858587818662","1","1","1"
"R Kelly's Golden Showers","Kelly Hoffman","2024","B","INFERRED_ADP_CARD","17","17","1","TB","0","0","0.2993328289428434","0.017607813467226084","0","-0.2993328289428434","-0.5556383307981514","0","0.2993328289428434","0","0","16","17"
"R Kelly's Golden Showers","Kelly Hoffman","2024","B","INFERRED_ADP_CARD","17","17","1","TEN","1","0.058823529411764705","0.32196162046908317","0.01893891885112254","3.1059602649006623","0.6780383795309168","1.2200777920310544","1","0.32196162046908317","3.1059602649006623","0","2","7"
"R Kelly's Golden Showers","Kelly Hoffman","2024","B","INFERRED_ADP_CARD","17","17","1","WAS","0","0","0.4673773987206823","0.027492788160040135","0","-0.4673773987206823","-0.7030307587173666","0","0.4673773987206823","0","0","16","20"
"R Kelly's Golden Showers","Kelly Hoffman","2025","A","EXACT_2025","17","17","1","ARI","2","0.11764705882352941","0.5204601085702326","0.030615300504131332","3.842753684800635","1.4795398914297673","2.098758605922187","2","0.47500556311568715","4.210477003430173","0","1","1"
"R Kelly's Golden Showers","Kelly Hoffman","2025","A","EXACT_2025","17","17","1","ATL","0","0","0.4676451331296377","0.027508537242919864","0","-0.4676451331296377","-0.6979424270551445","0","0.4676451331296377","0","0","15","20"
"R Kelly's Golden Showers","Kelly Hoffman","2025","A","EXACT_2025","17","17","1","BAL","1","0.058823529411764705","0.42378507194314574","0.024928533643714456","2.3596867049015784","0.5762149280568543","0.9026558757689361","1","0.3328759810340548","3.0041218260734026","0","4","8"
"R Kelly's Golden Showers","Kelly Hoffman","2025","A","EXACT_2025","17","17","1","BUF","0","0","0.7248123939733692","0.042636023174904066","0","-0.7248123939733692","-0.8761075307381622","0","0.5227921919531671","0","0","15","29"
"R Kelly's Golden Showers","Kelly Hoffman","2025","A","EXACT_2025","17","17","1","CAR","0","0","0.2115524516222901","0.012444261860134712","0","-0.2115524516222901","-0.46474034007863163","0","0.2115524516222901","0","0","15","15"
"R Kelly's Golden Showers","Kelly Hoffman","2025","A","EXACT_2025","17","17","1","CHI","0","0","0.4676451331296377","0.027508537242919864","0","-0.4676451331296377","-0.6979424270551445","0","0.4676451331296377","0","0","15","21"
"R Kelly's Golden Showers","Kelly Hoffman","2025","A","EXACT_2025","17","17","1","CIN","0","0","0.5783477475087226","0.03402045573580721","0","-0.5783477475087226","-0.7759732576138948","0","0.5227921919531671","0","0","15","25"
"R Kelly's Golden Showers","Kelly Hoffman","2025","A","EXACT_2025","17","17","1","CLE","1","0.058823529411764705","0.2911820337039224","0.017128354923760143","3.4342778202339663","0.7088179662960776","1.3329892687902904","1","0.2911820337039224","3.4342778202339663","0","4","4"
"R Kelly's Golden Showers","Kelly Hoffman","2025","A","EXACT_2025","17","17","1","DAL","0","0","0.718039543767456","0.04223762022161506","0","-0.718039543767456","-0.871526357714655","0","0.6069284326563449","0","0","15","28"
"R Kelly's Golden Showers","Kelly Hoffman","2025","A","EXACT_2025","17","17","1","DEN","0","0","0.8081184466432368","0.04753637921430805","0","-0.8081184466432368","-0.9276950885009687","0","0.6060982446230347","0","0","15","31"
"R Kelly's Golden Showers","Kelly Hoffman","2025","A","EXACT_2025","17","17","1","DET","1","0.058823529411764705","0.8885782167581794","0.052269306868128196","1.1253933318873417","0.11142178324182062","0.12195962856773153","1","0.6865580147379773","1.4565411495220064","0","4","14"
"R Kelly's Golden Showers","Kelly Hoffman","2025","A","EXACT_2025","17","17","1","GB","0","0","0.5094232079959479","0.02996607105858517","0","-0.5094232079959479","-0.7256867884690335","0","0.4639686625414024","0","0","15","24"
"R Kelly's Golden Showers","Kelly Hoffman","2025","A","EXACT_2025","17","17","1","HOU","1","0.058823529411764705","0.6417620630782106","0.03775070959283592","1.5582098997929261","0.3582379369217894","0.45780384627706516","0","0.5407519620681096","0","1","4","13"
"R Kelly's Golden Showers","Kelly Hoffman","2025","A","EXACT_2025","17","17","1","IND","0","0","0.250914315569488","0.014759665621734589","0","-0.250914315569488","-0.5120584354956541","0","0.20545977011494254","0","0","15","17"
"R Kelly's Golden Showers","Kelly Hoffman","2025","A","EXACT_2025","17","17","1","JAX","1","0.058823529411764705","0.4390644479820155","0.02582732046953032","2.2775699663138314","0.5609355520179845","0.8593932808431552","1","0.3835088924264599","2.6075014680181265","0","4","9"
"R Kelly's Golden Showers","Kelly Hoffman","2025","A","EXACT_2025","17","17","1","KC","2","0.11764705882352941","0.655539543767456","0.03856114963337977","3.050921975668753","1.344460456232544","1.704513987019958","2","0.5444284326563449","3.673577425487702","0","1","2"
"R Kelly's Golden Showers","Kelly Hoffman","2025","A","EXACT_2025","17","17","1","LV","1","0.058823529411764705","0.36554912231151737","0.021502889547736315","2.7356104527801595","0.6344508776884826","1.0685807655735247","1","0.36554912231151737","2.7356104527801595","0","4","6"
"R Kelly's Golden Showers","Kelly Hoffman","2025","A","EXACT_2025","17","17","1","LAC","1","0.058823529411764705","0.4170963492734104","0.02453507936902414","2.3975275778414713","0.5829036507265897","0.9172677591035497","1","0.3716418038188649","2.690762959721807","0","4","7"
"R Kelly's Golden Showers","Kelly Hoffman","2025","A","EXACT_2025","17","17","1","LAR","1","0.058823529411764705","0.3426451331296377","0.020155596066449274","2.9184713375796183","0.6573548668703624","1.1412720186210281","1","0.3426451331296377","2.9184713375796183","0","4","5"
"R Kelly's Golden Showers","Kelly Hoffman","2025","A","EXACT_2025","17","17","1","MIA","1","0.058823529411764705","0.5963075176236652","0.03507691280139207","1.676987075368566","0.4036924823763348","0.5352017283223162","0","0.5407519620681096","0","1","4","11"
"R Kelly's Golden Showers","Kelly Hoffman","2025","A","EXACT_2025","17","17","1","MIN","0","0","0.8289302050727835","0.04876060029839903","0","-0.8289302050727835","-0.9372372968099933","0","0.7380211141636925","0","0","15","32"
"R Kelly's Golden Showers","Kelly Hoffman","2025","A","EXACT_2025","17","17","1","NE","0","0","0.48477471521127","0.02851615971831","0","-0.48477471521127","-0.7092798646948738","0","0.48477471521127","0","0","15","23"
"R Kelly's Golden Showers","Kelly Hoffman","2025","A","EXACT_2025","17","17","1","NO","0","0","0.2115524516222901","0.012444261860134712","0","-0.2115524516222901","-0.46474034007863163","0","0.2115524516222901","0","0","15","16"
"R Kelly's Golden Showers","Kelly Hoffman","2025","A","EXACT_2025","17","17","1","NYG","0","0","0.4089057312540508","0.02405327830906181","0","-0.4089057312540508","-0.6523642753149766","0","0.3634511857995053","0","0","15","19"
"R Kelly's Golden Showers","Kelly Hoffman","2025","A","EXACT_2025","17","17","1","NYJ","0","0","0.4759198786851751","0.027995286981480887","0","-0.4759198786851751","-0.7036465408069904","0","0.43046533323062963","0","0","15","22"
"R Kelly's Golden Showers","Kelly Hoffman","2025","A","EXACT_2025","17","17","1","PHI","0","0","0.7128611778295963","0.04193301046056449","0","-0.7128611778295963","-0.8686528911001645","0","0.5562955212639399","0","0","15","27"
"R Kelly's Golden Showers","Kelly Hoffman","2025","A","EXACT_2025","17","17","1","PIT","1","0.058823529411764705","0.47632837541720124","0.028019316201011838","2.0993920404681563","0.5236716245827988","0.7723172945790537","1","0.37531827440710025","2.664405301286555","0","4","10"
"R Kelly's Golden Showers","Kelly Hoffman","2025","A","EXACT_2025","17","17","1","SEA","1","0.058823529411764705","0.6152798169384813","0.03619293040814596","1.6252767805318484","0.3847201830615187","0.504309487888761","1","0.5243707260293904","1.9070477247502775","0","4","12"
"R Kelly's Golden Showers","Kelly Hoffman","2025","A","EXACT_2025","17","17","1","SF","2","0.11764705882352941","0.6695125601925227","0.03938309177603075","2.9872479157446827","1.3304874398074773","1.6631161693447798","2","0.6240580147379773","3.2048302445722747","0","1","3"
"R Kelly's Golden Showers","Kelly Hoffman","2025","A","EXACT_2025","17","17","1","TB","0","0","0.680443758326843","0.040026103430990764","0","-0.680443758326843","-0.8452947111386335","0","0.6248882027712874","0","0","15","26"
"R Kelly's Golden Showers","Kelly Hoffman","2025","A","EXACT_2025","17","17","1","TEN","0","0","0.35000556311568715","0.02058856253621689","0","-0.35000556311568715","-0.603465028171935","0","0.35000556311568715","0","0","15","18"
"R Kelly's Golden Showers","Kelly Hoffman","2025","A","EXACT_2025","17","17","1","WAS","0","0","0.7670177848529198","0.045118693226642345","0","-0.7670177848529198","-0.899432702199029","0","0.7670177848529198","0","0","15","30"
"URINE TROUBLE","Todd Lopezi","2021","B","INFERRED_ADP_CARD","17","17","1","ARI","0","0","0.3314393939393939","0.01949643493761141","0","-0.3314393939393939","-0.5907208753174436","0","0.240530303030303","0","0","14","19"
"URINE TROUBLE","Todd Lopezi","2021","B","INFERRED_ADP_CARD","17","17","1","ATL","1","0.058823529411764705","0.42920954831332186","0.025247620489018935","2.3298642910665226","0.5707904516866782","0.887407038465664","1","0.42920954831332186","2.3298642910665226","0","4","7"
"URINE TROUBLE","Todd Lopezi","2021","B","INFERRED_ADP_CARD","17","17","1","BAL","3","0.17647058823529413","0.81744568324757","0.04808504019103353","3.669968612570709","2.18255431675243","2.4867949512059817","3","0.5932032590051458","5.057288466404019","0","1","2"
"URINE TROUBLE","Todd Lopezi","2021","B","INFERRED_ADP_CARD","17","17","1","BUF","1","0.058823529411764705","0.7576186392224128","0.04456580230720075","1.3199252872478917","0.2423813607775872","0.28595387362949254","0","0.5333762149799885","0","1","4","12"
"URINE TROUBLE","Todd Lopezi","2021","B","INFERRED_ADP_CARD","17","17","1","CAR","0","0","0.2830188679245283","0.01664816870144284","0","-0.2830188679245283","-0.5477225575051661","0","0.2830188679245283","0","0","14","16"
"URINE TROUBLE","Todd Lopezi","2021","B","INFERRED_ADP_CARD","17","17","1","CHI","0","0","0.5333762149799885","0.03137507146941109","0","-0.5333762149799885","-0.7458695970622182","0","0.5333762149799885","0","0","14","26"
"URINE TROUBLE","Todd Lopezi","2021","B","INFERRED_ADP_CARD","17","17","1","CIN","0","0","0.7220554602630074","0.042473850603706315","0","-0.7220554602630074","-0.8764612035435441","0","0.7220554602630074","0","0","14","30"
"URINE TROUBLE","Todd Lopezi","2021","B","INFERRED_ADP_CARD","17","17","1","CLE","2","0.11764705882352941","0.9542095483133219","0.05612997343019541","2.0959756727809276","1.045790451686678","1.1127291605760716","1","0.6875428816466552","1.454454735397761","1","2","4"
"URINE TROUBLE","Todd Lopezi","2021","B","INFERRED_ADP_CARD","17","17","1","DAL","0","0","0.6212550028587764","0.036544411932869204","0","-0.6212550028587764","-0.8099721006732481","0","0.3970125786163522","0","0","14","27"
"URINE TROUBLE","Todd Lopezi","2021","B","INFERRED_ADP_CARD","17","17","1","DEN","1","0.058823529411764705","0.512921669525443","0.030171862913261356","1.9496154274885746","0.48707833047455695","0.7040289653438904","1","0.28867924528301886","3.4640522875816995","0","4","9"
"URINE TROUBLE","Todd Lopezi","2021","B","INFERRED_ADP_CARD","17","17","1","DET","1","0.058823529411764705","0.4125","0.024264705882352938","2.4242424242424243","0.5875","0.9493496668149629","1","0.4125","2.4242424242424243","0","4","5"
"URINE TROUBLE","Todd Lopezi","2021","B","INFERRED_ADP_CARD","17","17","1","GB","1","0.058823529411764705","0.7788522012578616","0.045814835368109506","1.283940648026648","0.2211477987421384","0.25849559666071553","1","0.6455188679245283","1.5491413956887103","0","4","13"
"URINE TROUBLE","Todd Lopezi","2021","B","INFERRED_ADP_CARD","17","17","1","HOU","0","0","0.30267295597484273","0.017804291527931924","0","-0.30267295597484273","-0.5599178230507469","0","0.30267295597484273","0","0","14","17"
"URINE TROUBLE","Todd Lopezi","2021","B","INFERRED_ADP_CARD","17","17","1","IND","0","0","0.2375","0.013970588235294117","0","-0.2375","-0.49909832060917614","0","0.10416666666666666","0","0","14","15"
"URINE TROUBLE","Todd Lopezi","2021","B","INFERRED_ADP_CARD","17","17","1","JAX","0","0","0.5011792452830188","0.029481132075471695","0","-0.5011792452830188","-0.7275488275283926","0","0.5011792452830188","0","0","14","24"
"URINE TROUBLE","Todd Lopezi","2021","B","INFERRED_ADP_CARD","17","17","1","KC","2","0.11764705882352941","0.37504288164665517","0.02206134597921501","5.332723530756918","1.6249571183533449","2.7111833711179965","1","0.37504288164665517","2.666361765378459","1","2","1"
"URINE TROUBLE","Todd Lopezi","2021","B","INFERRED_ADP_CARD","17","17","1","LV","1","0.058823529411764705","0.57994568324757","0.034114451955739415","1.7242994109383087","0.42005431675243","0.5651068047262652","1","0.48903659233847907","2.0448367579575017","0","4","10"
"URINE TROUBLE","Todd Lopezi","2021","B","INFERRED_ADP_CARD","17","17","1","LAC","0","0","0.33486992567181245","0.01969823092187132","0","-0.33486992567181245","-0.5876525960912097","0","0.33486992567181245","0","0","14","18"
"URINE TROUBLE","Todd Lopezi","2021","B","INFERRED_ADP_CARD","17","17","1","LAR","0","0","1.1273156089193825","0.06631268287761073","0","-1.1273156089193825","-1.1092157547872816","0","0.7697398513436249","0","0","14","32"
"URINE TROUBLE","Todd Lopezi","2021","B","INFERRED_ADP_CARD","17","17","1","MIA","0","0","0.6822612921669525","0.04013301718629132","0","-0.6822612921669525","-0.8532958316799352","0","0.5913522012578616","0","0","14","28"
"URINE TROUBLE","Todd Lopezi","2021","B","INFERRED_ADP_CARD","17","17","1","MIN","0","0","0.4583762149799885","0.026963306763528733","0","-0.4583762149799885","-0.6940562551289705","0","0.3250428816466552","0","0","14","23"
"URINE TROUBLE","Todd Lopezi","2021","B","INFERRED_ADP_CARD","17","17","1","NE","1","0.058823529411764705","0.4916666666666666","0.028921568627450975","2.033898305084746","0.5083333333333334","0.756437338668578","1","0.3583333333333333","2.790697674418605","0","4","8"
"URINE TROUBLE","Todd Lopezi","2021","B","INFERRED_ADP_CARD","17","17","1","NO","0","0","0.3416666666666667","0.020098039215686276","0","-0.3416666666666667","-0.6001571110635495","0","0.20833333333333331","0","0","14","20"
"URINE TROUBLE","Todd Lopezi","2021","B","INFERRED_ADP_CARD","17","17","1","NYG","1","0.058823529411764705","0.24507575757575759","0.014416221033868094","4.080370942812983","0.7549242424242424","1.5668495620806069","1","0.15416666666666667","6.486486486486486","0","4","3"
"URINE TROUBLE","Todd Lopezi","2021","B","INFERRED_ADP_CARD","17","17","1","NYJ","0","0","0.1985062893081761","0.011676840547539771","0","-0.1985062893081761","-0.45004068902941224","0","0.1985062893081761","0","0","14","14"
"URINE TROUBLE","Todd Lopezi","2021","B","INFERRED_ADP_CARD","17","17","1","PHI","0","0","0.39469696969696966","0.0232174688057041","0","-0.39469696969696966","-0.6425545328528288","0","0.39469696969696966","0","0","14","21"
"URINE TROUBLE","Todd Lopezi","2021","B","INFERRED_ADP_CARD","17","17","1","PIT","1","0.058823529411764705","0.41635220125786165","0.024491305956344803","2.401812688821752","0.5836477987421383","0.9328597982407549","1","0.2830188679245283","3.533333333333333","0","4","6"
"URINE TROUBLE","Todd Lopezi","2021","B","INFERRED_ADP_CARD","17","17","1","SEA","0","0","0.8319039451114922","0.04893552618302895","0","-0.8319039451114922","-0.9634477134413088","0","0.6500857632933104","0","0","14","31"
"URINE TROUBLE","Todd Lopezi","2021","B","INFERRED_ADP_CARD","17","17","1","SF","1","0.058823529411764705","0.6989065180102915","0.04111214811825244","1.4308065159370498","0.30109348198970853","0.3717673446620975","1","0.5655731846769582","1.7681177734251599","0","4","11"
"URINE TROUBLE","Todd Lopezi","2021","B","INFERRED_ADP_CARD","17","17","1","TB","0","0","0.7099128073184677","0.04175957690108634","0","-0.7099128073184677","-0.8709247027045939","0","0.7099128073184677","0","0","14","29"
"URINE TROUBLE","Todd Lopezi","2021","B","INFERRED_ADP_CARD","17","17","1","TEN","0","0","0.5235491709548313","0.03079701005616655","0","-0.5235491709548313","-0.7410325115710136","0","0.5235491709548313","0","0","14","25"
"URINE TROUBLE","Todd Lopezi","2021","B","INFERRED_ADP_CARD","17","17","1","WAS","0","0","0.39469696969696966","0.0232174688057041","0","-0.39469696969696966","-0.6425545328528288","0","0.39469696969696966","0","0","14","22"
"URINE TROUBLE","Todd Lopezi","2022","B","INFERRED_ADP_CARD","17","17","1","ARI","1","0.058823529411764705","1.1831079654808467","0.06959458620475568","0.8452313982972579","-0.18310796548084673","-0.17937060771963617","1","0.9164412988141801","1.0911773632353101","0","4","12"
"URINE TROUBLE","Todd Lopezi","2022","B","INFERRED_ADP_CARD","17","17","1","ATL","0","0","0.45021419258707396","0.026483187799239645","0","-0.45021419258707396","-0.685846993217802","0","0.3168808592537406","0","0","13","21"
"URINE TROUBLE","Todd Lopezi","2022","B","INFERRED_ADP_CARD","17","17","1","BAL","1","0.058823529411764705","0.3458496305953933","0.020344095917376077","2.891430007539583","0.6541503694046067","1.1366975676802686","1","0.21251629726205998","4.705521472392638","0","4","6"
"URINE TROUBLE","Todd Lopezi","2022","B","INFERRED_ADP_CARD","17","17","1","BUF","3","0.17647058823529413","0.7769185240371681","0.045701089649245186","3.8614087670491415","2.223081475962832","2.585947035184348","2","0.5324740795927236","3.7560513772421578","1","1","3"
"URINE TROUBLE","Todd Lopezi","2022","B","INFERRED_ADP_CARD","17","17","1","CAR","0","0","0.14471968709256844","0.008512922770151084","0","-0.14471968709256844","-0.38352369498832845","0","0.14471968709256844","0","0","13","13"
"URINE TROUBLE","Todd Lopezi","2022","B","INFERRED_ADP_CARD","17","17","1","CHI","1","0.058823529411764705","0.06779661016949153","0.003988035892323031","14.75","0.9322033898305084","3.6109269036423703","1","0.06779661016949153","14.75","0","4","2"
"URINE TROUBLE","Todd Lopezi","2022","B","INFERRED_ADP_CARD","17","17","1","CIN","0","0","0.8790786614515429","0.05171050949714958","0","-0.8790786614515429","-0.9828470634450382","0","0.6124119947848762","0","0","13","28"
"URINE TROUBLE","Todd Lopezi","2022","B","INFERRED_ADP_CARD","17","17","1","CLE","0","0","0.2803129074315515","0.01648899455479715","0","-0.2803129074315515","-0.5406777095079365","0","0.2803129074315515","0","0","13","16"
"URINE TROUBLE","Todd Lopezi","2022","B","INFERRED_ADP_CARD","17","17","1","DAL","0","0","0.9207458454916082","0.054161520323035776","0","-0.9207458454916082","-0.9956551776530215","0","0.698523623269386","0","0","13","29"
"URINE TROUBLE","Todd Lopezi","2022","B","INFERRED_ADP_CARD","17","17","1","DEN","1","0.058823529411764705","0.52630698867987","0.03095923462822765","1.9000317713969348","0.47369301132013","0.6722865059833325","1","0.4151958775687589","2.4085017554982686","0","4","11"
"URINE TROUBLE","Todd Lopezi","2022","B","INFERRED_ADP_CARD","17","17","1","DET","0","0","0.41211895449183583","0.024242291440696225","0","-0.41211895449183583","-0.6615356639389802","0","0.41211895449183583","0","0","13","18"
"URINE TROUBLE","Todd Lopezi","2022","B","INFERRED_ADP_CARD","17","17","1","GB","0","0","0.4219424266881894","0.02482014274636408","0","-0.4219424266881894","-0.6643007812431699","0","0.31083131557707827","0","0","13","19"
"URINE TROUBLE","Todd Lopezi","2022","B","INFERRED_ADP_CARD","17","17","1","HOU","0","0","0.14471968709256844","0.008512922770151084","0","-0.14471968709256844","-0.38352369498832845","0","0.14471968709256844","0","0","13","14"
"URINE TROUBLE","Todd Lopezi","2022","B","INFERRED_ADP_CARD","17","17","1","IND","0","0","0.7350137621324062","0.043236103654847424","0","-0.7350137621324062","-0.8925107290291886","0","0.35723598435462844","0","0","13","26"
"URINE TROUBLE","Todd Lopezi","2022","B","INFERRED_ADP_CARD","17","17","1","JAX","1","0.058823529411764705","0.43723598435462846","0.02571976378556638","2.2870944656488548","0.5627640156453715","0.8694404304633623","1","0.43723598435462846","2.2870944656488548","0","4","10"
"URINE TROUBLE","Todd Lopezi","2022","B","INFERRED_ADP_CARD","17","17","1","KC","0","0","0.8971561019018646","0.05277388834716851","0","-0.8971561019018646","-0.9785319652982063","0","0.541600546346309","0","0","13","27"
"URINE TROUBLE","Todd Lopezi","2022","B","INFERRED_ADP_CARD","17","17","1","LV","3","0.17647058823529413","0.7891219138676766","0.04641893610986333","3.8016939426967338","2.2108780861323236","2.557347359156338","2","0.5446774694232321","3.6718977969069155","1","1","4"
"URINE TROUBLE","Todd Lopezi","2022","B","INFERRED_ADP_CARD","17","17","1","LAC","0","0","0.6807880631609445","0.04004635665652615","0","-0.6807880631609445","-0.8566952952071643","0","0.4585658409387223","0","0","13","25"
"URINE TROUBLE","Todd Lopezi","2022","B","INFERRED_ADP_CARD","17","17","1","LAR","0","0","0.2985658409387223","0.017562696525807192","0","-0.2985658409387223","-0.5575404694674218","0","0.2985658409387223","0","0","13","17"
"URINE TROUBLE","Todd Lopezi","2022","B","INFERRED_ADP_CARD","17","17","1","MIA","0","0","0.9612830860288488","0.05654606388404993","0","-0.9612830860288488","-1.013262484838126","0","0.7168386415844044","0","0","13","30"
"URINE TROUBLE","Todd Lopezi","2022","B","INFERRED_ADP_CARD","17","17","1","MIN","1","0.058823529411764705","0.42810951760104304","0.025182912800061356","2.3358508953587527","0.571890482398957","0.8982616015545936","0","0.42810951760104304","0","1","4","9"
"URINE TROUBLE","Todd Lopezi","2022","B","INFERRED_ADP_CARD","17","17","1","NE","1","0.058823529411764705","0.3633898305084746","0.02137587238285145","2.7518656716417906","0.6366101694915254","1.0913795141375484","0","0.3633898305084746","0","1","4","7"
"URINE TROUBLE","Todd Lopezi","2022","B","INFERRED_ADP_CARD","17","17","1","NO","0","0","0.6594582065768506","0.03879165921040298","0","-0.6594582065768506","-0.8398927132818282","0","0.43723598435462846","0","0","13","24"
"URINE TROUBLE","Todd Lopezi","2022","B","INFERRED_ADP_CARD","17","17","1","NYG","0","0","0.23076923076923078","0.013574660633484163","0","-0.23076923076923078","-0.4918693768379647","0","0.23076923076923078","0","0","13","15"
"URINE TROUBLE","Todd Lopezi","2022","B","INFERRED_ADP_CARD","17","17","1","NYJ","0","0","0.42503259452411996","0.025001917324948233","0","-0.42503259452411996","-0.6704339875112441","0","0.42503259452411996","0","0","13","20"
"URINE TROUBLE","Todd Lopezi","2022","B","INFERRED_ADP_CARD","17","17","1","PHI","0","0","0.47380393617681754","0.027870819775106914","0","-0.47380393617681754","-0.7029787652541422","0","0.47380393617681754","0","0","13","22"
"URINE TROUBLE","Todd Lopezi","2022","B","INFERRED_ADP_CARD","17","17","1","PIT","0","0","0.48666211378075785","0.02862718316357399","0","-0.48666211378075785","-0.714114659081149","0","0.37555100266964675","0","0","13","23"
"URINE TROUBLE","Todd Lopezi","2022","B","INFERRED_ADP_CARD","17","17","1","SEA","1","0.058823529411764705","0.36636245110821386","0.021550732418130228","2.7295373665480422","0.6336375488917861","1.0693407088306666","1","0.36636245110821386","2.7295373665480422","0","4","8"
"URINE TROUBLE","Todd Lopezi","2022","B","INFERRED_ADP_CARD","17","17","1","SF","0","0","0.9740791788249414","0.05729877522499655","0","-0.9740791788249414","-1.021543315955738","0","0.6185236232693859","0","0","13","31"
"URINE TROUBLE","Todd Lopezi","2022","B","INFERRED_ADP_CARD","17","17","1","TB","0","0","1.0237428861157676","0.06022016977151574","0","-1.0237428861157676","-1.055579002127587","0","0.6459651083379897","0","0","13","32"
"URINE TROUBLE","Todd Lopezi","2022","B","INFERRED_ADP_CARD","17","17","1","TEN","1","0.058823529411764705","0.14779661016949153","0.008693918245264207","6.76605504587156","0.8522033898305085","2.2500736959554293","1","0.14779661016949153","6.76605504587156","0","4","5"
"URINE TROUBLE","Todd Lopezi","2022","B","INFERRED_ADP_CARD","17","17","1","WAS","2","0.11764705882352941","0.06779661016949153","0.003988035892323031","29.5","1.9322033898305084","7.484466673004186","2","0.06779661016949153","29.5","0","3","1"
"URINE TROUBLE","Todd Lopezi","2023","B","INFERRED_ADP_CARD","17","17","1","ARI","0","0","0.5405907817672523","0.03179945775101484","0","-0.5405907817672523","-0.7512867650358289","0","0.5405907817672523","0","0","12","19"
"URINE TROUBLE","Todd Lopezi","2023","B","INFERRED_ADP_CARD","17","17","1","ATL","0","0","0.57825311942959","0.03401488937821118","0","-0.57825311942959","-0.7817174534616889","0","0.5194295900178253","0","0","12","22"
"URINE TROUBLE","Todd Lopezi","2023","B","INFERRED_ADP_CARD","17","17","1","BAL","0","0","0.6108878333942273","0.035934578434954546","0","-0.6108878333942273","-0.8103786546525863","0","0.37815126050420167","0","0","12","24"
"URINE TROUBLE","Todd Lopezi","2023","B","INFERRED_ADP_CARD","17","17","1","BUF","1","0.058823529411764705","0.7066606879906112","0.0415682757641536","1.4151063119748444","0.2933393120093888","0.3578612121485583","1","0.47392411510058563","2.110042448014615","0","5","11"
"URINE TROUBLE","Todd Lopezi","2023","B","INFERRED_ADP_CARD","17","17","1","CAR","0","0","0.1679144385026738","0.009877319911921988","0","-0.1679144385026738","-0.41329422703955154","0","0.1679144385026738","0","0","12","12"
"URINE TROUBLE","Todd Lopezi","2023","B","INFERRED_ADP_CARD","17","17","1","CHI","0","0","0.5531958237840591","0.032540930810827005","0","-0.5531958237840591","-0.7632618808955745","0","0.5531958237840591","0","0","12","20"
"URINE TROUBLE","Todd Lopezi","2023","B","INFERRED_ADP_CARD","17","17","1","CIN","0","0","0.6487084952558098","0.03815932325034175","0","-0.6487084952558098","-0.8259073226899801","0","0.5029284441049147","0","0","12","25"
"URINE TROUBLE","Todd Lopezi","2023","B","INFERRED_ADP_CARD","17","17","1","CLE","0","0","0.6604422005956533","0.03884954121150902","0","-0.6604422005956533","-0.836006745792637","0","0.4865291571173924","0","0","12","28"
"URINE TROUBLE","Todd Lopezi","2023","B","INFERRED_ADP_CARD","17","17","1","DAL","1","0.058823529411764705","0.6785276956632456","0.039913393862543854","1.4737791933791626","0.32147230433675444","0.3992908684617105","1","0.5915711739241151","1.6904136713873703","0","5","9"
"URINE TROUBLE","Todd Lopezi","2023","B","INFERRED_ADP_CARD","17","17","1","DEN","2","0.11764705882352941","0.5106132571605717","0.030036073950621866","3.9168587418228027","1.4893867428394283","2.12274007483589","2","0.42365673542144133","4.720803029392318","0","3","4"
"URINE TROUBLE","Todd Lopezi","2023","B","INFERRED_ADP_CARD","17","17","1","DET","0","0","0.6544435956200662","0.03849668209529801","0","-0.6544435956200662","-0.8306714894316977","0","0.6544435956200662","0","0","12","26"
"URINE TROUBLE","Todd Lopezi","2023","B","INFERRED_ADP_CARD","17","17","1","GB","0","0","0.5600093001627529","0.03294172353898546","0","-0.5600093001627529","-0.7720263833611736","0","0.386096256684492","0","0","12","21"
"URINE TROUBLE","Todd Lopezi","2023","B","INFERRED_ADP_CARD","17","17","1","HOU","1","0.058823529411764705","0.17575757575757575","0.01033868092691622","5.689655172413794","0.8242424242424242","1.9900189873635488","1","0.17575757575757575","5.689655172413794","0","5","6"
"URINE TROUBLE","Todd Lopezi","2023","B","INFERRED_ADP_CARD","17","17","1","IND","0","0","0.407257448433919","0.02395632049611288","0","-0.407257448433919","-0.649382008244402","0","0.407257448433919","0","0","12","14"
"URINE TROUBLE","Todd Lopezi","2023","B","INFERRED_ADP_CARD","17","17","1","JAX","0","0","0.6582378405907817","0.038719872975928334","0","-0.6582378405907817","-0.8349111578845037","0","0.5405907817672523","0","0","12","27"
"URINE TROUBLE","Todd Lopezi","2023","B","INFERRED_ADP_CARD","17","17","1","KC","0","0","0.8235947343364223","0.04844674907861307","0","-0.8235947343364223","-0.9356280093918145","0","0.5908581614463967","0","0","12","30"
"URINE TROUBLE","Todd Lopezi","2023","B","INFERRED_ADP_CARD","17","17","1","LV","3","0.17647058823529413","0.4391846857320003","0.02583439327835296","6.830839274370015","2.560815314268","3.9314528729930918","2","0.29340463458110516","6.816524908869988","1","1","1"
"URINE TROUBLE","Todd Lopezi","2023","B","INFERRED_ADP_CARD","17","17","1","LAC","1","0.058823529411764705","0.26050420168067223","0.015323776569451308","3.8387096774193554","0.7394957983193278","1.4884286430628495","1","0.26050420168067223","3.8387096774193554","0","5","7"
"URINE TROUBLE","Todd Lopezi","2023","B","INFERRED_ADP_CARD","17","17","1","LAR","1","0.058823529411764705","0.47392411510058563","0.02787788912356386","2.110042448014615","0.5260758848994144","0.7775547904239976","1","0.47392411510058563","2.110042448014615","0","5","8"
"URINE TROUBLE","Todd Lopezi","2023","B","INFERRED_ADP_CARD","17","17","1","MIA","0","0","0.757641080147474","0.04456712236161612","0","-0.757641080147474","-0.8961729291328894","0","0.5249045072574484","0","0","12","29"
"URINE TROUBLE","Todd Lopezi","2023","B","INFERRED_ADP_CARD","17","17","1","MIN","0","0","0.5915711739241151","0.03479830434847736","0","-0.5915711739241151","-0.789419331587817","0","0.47392411510058563","0","0","12","23"
"URINE TROUBLE","Todd Lopezi","2023","B","INFERRED_ADP_CARD","17","17","1","NE","0","0","0.4163372859025033","0.024490428582500195","0","-0.4163372859025033","-0.6663810461739046","0","0.24242424242424243","0","0","12","15"
"URINE TROUBLE","Todd Lopezi","2023","B","INFERRED_ADP_CARD","17","17","1","NO","0","0","0.8426478891952038","0.04956752289383552","0","-0.8426478891952038","-0.9485681423319762","0","0.7556913674560733","0","0","12","31"
"URINE TROUBLE","Todd Lopezi","2023","B","INFERRED_ADP_CARD","17","17","1","NYG","0","0","0.5279857397504456","0.031057984691202682","0","-0.5279857397504456","-0.7493441769254203","0","0.41033868092691617","0","0","12","18"
"URINE TROUBLE","Todd Lopezi","2023","B","INFERRED_ADP_CARD","17","17","1","NYJ","3","0.17647058823529413","0.5027701199056698","0.029574712935627634","5.966941711975371","2.4972298800943302","3.592451467202302","2","0.3569900687547747","5.602396747271559","1","1","3"
"URINE TROUBLE","Todd Lopezi","2023","B","INFERRED_ADP_CARD","17","17","1","PHI","0","0","0.48945206541114467","0.02879129796536145","0","-0.48945206541114467","-0.7130371239574032","0","0.3436720142602495","0","0","12","17"
"URINE TROUBLE","Todd Lopezi","2023","B","INFERRED_ADP_CARD","17","17","1","PIT","1","0.058823529411764705","0.6981045382579909","0.041064972838705346","1.4324502208442038","0.3018954617420091","0.37175068345904594","1","0.52419149477973","1.9076997813942191","0","5","10"
"URINE TROUBLE","Todd Lopezi","2023","B","INFERRED_ADP_CARD","17","17","1","SEA","0","0","0.8316271963330788","0.04891924684312228","0","-0.8316271963330788","-0.9486475774435255","0","0.7139801375095494","0","0","12","32"
"URINE TROUBLE","Todd Lopezi","2023","B","INFERRED_ADP_CARD","17","17","1","SF","2","0.11764705882352941","0.2431372549019608","0.014302191464821224","8.225806451612902","1.7568627450980392","3.638640560776904","1","0.2431372549019608","4.112903225806451","1","3","2"
"URINE TROUBLE","Todd Lopezi","2023","B","INFERRED_ADP_CARD","17","17","1","TB","0","0","0.3443850267379679","0.02025794274929223","0","-0.3443850267379679","-0.6008090095631322","0","0.3443850267379679","0","0","12","13"
"URINE TROUBLE","Todd Lopezi","2023","B","INFERRED_ADP_CARD","17","17","1","TEN","0","0","0.4691622103386809","0.027597777078745934","0","-0.4691622103386809","-0.7002583055350139","0","0.4691622103386809","0","0","12","16"
"URINE TROUBLE","Todd Lopezi","2023","B","INFERRED_ADP_CARD","17","17","1","WAS","1","0.058823529411764705","0.17647058823529413","0.010380622837370243","5.666666666666666","0.8235294117647058","2.005121647310412","1","0.17647058823529413","5.666666666666666","0","5","5"
"URINE TROUBLE","Todd Lopezi","2024","B","INFERRED_ADP_CARD","17","17","1","ARI","0","0","0.5303304125593282","0.031195906621136953","0","-0.5303304125593282","-0.7454415093521124","0","0.5303304125593282","0","0","13","26"
"URINE TROUBLE","Todd Lopezi","2024","B","INFERRED_ADP_CARD","17","17","1","ATL","2","0.11764705882352941","0.37540617013508576","0.022082715890299164","5.327562941441059","1.6245938298649143","2.6902271070469554","2","0.32540617013508577","6.146164957996158","0","1","1"
"URINE TROUBLE","Todd Lopezi","2024","B","INFERRED_ADP_CARD","17","17","1","BAL","1","0.058823529411764705","0.6109985396129974","0.035941090565470436","1.6366651230187776","0.38900146038700256","0.5125390234412539","1","0.39433187294633076","2.5359350045135756","0","6","10"
"URINE TROUBLE","Todd Lopezi","2024","B","INFERRED_ADP_CARD","17","17","1","BUF","0","0","0.5075894487039065","0.02985820286493568","0","-0.5075894487039065","-0.729451771464921","0","0.3409227820372399","0","0","13","25"
"URINE TROUBLE","Todd Lopezi","2024","B","INFERRED_ADP_CARD","17","17","1","CAR","0","0","0.2719970792259949","0.015999828189764406","0","-0.2719970792259949","-0.5288704762876218","0","0.2719970792259949","0","0","13","14"
"URINE TROUBLE","Todd Lopezi","2024","B","INFERRED_ADP_CARD","17","17","1","CHI","2","0.11764705882352941","0.7750547645125958","0.04559145673603505","2.5804628157569334","1.2249452354874042","1.4352926814410687","2","0.5083880978459292","3.9340024057882546","0","1","5"
"URINE TROUBLE","Todd Lopezi","2024","B","INFERRED_ADP_CARD","17","17","1","CIN","0","0","0.5655713764147499","0.033268904494985284","0","-0.5655713764147499","-0.7728296474977726","0","0.4655713764147499","0","0","13","27"
"URINE TROUBLE","Todd Lopezi","2024","B","INFERRED_ADP_CARD","17","17","1","CLE","2","0.11764705882352941","0.6008123402701716","0.035341902368833625","3.328826433725788","1.3991876597298285","1.8478898568655555","2","0.5174790069368382","3.86489108386983","0","1","3"
"URINE TROUBLE","Todd Lopezi","2024","B","INFERRED_ADP_CARD","17","17","1","DAL","0","0","0.7329956188389924","0.04311738934347015","0","-0.7329956188389924","-0.8760185315866523","0","0.599662285505659","0","0","13","30"
"URINE TROUBLE","Todd Lopezi","2024","B","INFERRED_ADP_CARD","17","17","1","DEN","2","0.11764705882352941","0.4678304125593282","0.027519436032901662","4.275053408902459","1.5321695874406718","2.2779306123218626","1","0.3344970792259949","2.9895627259703934","1","1","2"
"URINE TROUBLE","Todd Lopezi","2024","B","INFERRED_ADP_CARD","17","17","1","DET","0","0","1.0087531945965682","0.05933842321156284","0","-1.0087531945965682","-1.038647059613652","0","0.7420865279299015","0","0","13","32"
"URINE TROUBLE","Todd Lopezi","2024","B","INFERRED_ADP_CARD","17","17","1","GB","0","0","0.4655713764147499","0.027386551553808817","0","-0.4655713764147499","-0.69748308181108","0","0.4655713764147499","0","0","13","21"
"URINE TROUBLE","Todd Lopezi","2024","B","INFERRED_ADP_CARD","17","17","1","HOU","1","0.058823529411764705","0.7114047097480832","0.04184733586753431","1.4056696368430168","0.28859529025191677","0.35101567207239365","1","0.5280713764147499","1.8936834008866918","0","6","12"
"URINE TROUBLE","Todd Lopezi","2024","B","INFERRED_ADP_CARD","17","17","1","IND","0","0","0.4129061701350858","0.02428859824324034","0","-0.4129061701350858","-0.6557420620361185","0","0.3295728368017525","0","0","13","19"
"URINE TROUBLE","Todd Lopezi","2024","B","INFERRED_ADP_CARD","17","17","1","JAX","1","0.058823529411764705","0.5981471339905076","0.03518512552885339","1.671829459966734","0.40185286600949244","0.5321301281508853","0","0.5148138006571742","0","1","6","8"
"URINE TROUBLE","Todd Lopezi","2024","B","INFERRED_ADP_CARD","17","17","1","KC","1","0.058823529411764705","0.6000547645125959","0.035297339088976226","1.666514556904262","0.3999452354874041","0.5303534130957386","1","0.3833880978459292","2.6083230168555374","0","6","9"
"URINE TROUBLE","Todd Lopezi","2024","B","INFERRED_ADP_CARD","17","17","1","LV","1","0.058823529411764705","0.4572380430814166","0.026896355475377446","2.187044615231061","0.5427619569185834","0.8198278406133584","1","0.4572380430814166","2.187044615231061","0","6","6"
"URINE TROUBLE","Todd Lopezi","2024","B","INFERRED_ADP_CARD","17","17","1","LAC","0","0","0.4041803577948156","0.023775315164400918","0","-0.4041803577948156","-0.6485367757731964","0","0.3541803577948156","0","0","13","18"
"URINE TROUBLE","Todd Lopezi","2024","B","INFERRED_ADP_CARD","17","17","1","LAR","0","0","0.39890470974808323","0.023464982926357836","0","-0.39890470974808323","-0.6424269628798248","0","0.39890470974808323","0","0","13","17"
"URINE TROUBLE","Todd Lopezi","2024","B","INFERRED_ADP_CARD","17","17","1","MIA","1","0.058823529411764705","0.624662285505659","0.0367448403238623","1.6008650165112948","0.37533771449434095","0.4880649598647452","1","0.4079956188389924","2.451006711409396","0","6","11"
"URINE TROUBLE","Todd Lopezi","2024","B","INFERRED_ADP_CARD","17","17","1","MIN","0","0","0.45497900693683824","0.0267634709962846","0","-0.45497900693683824","-0.6883973780063635","0","0.45497900693683824","0","0","13","20"
"URINE TROUBLE","Todd Lopezi","2024","B","INFERRED_ADP_CARD","17","17","1","NE","0","0","0.21401515151515152","0.012589126559714794","0","-0.21401515151515152","-0.46985751612656806","0","0.21401515151515152","0","0","13","13"
"URINE TROUBLE","Todd Lopezi","2024","B","INFERRED_ADP_CARD","17","17","1","NO","0","0","0.48033041255932823","0.028254730150548718","0","-0.48033041255932823","-0.7070175102098375","0","0.3969970792259949","0","0","13","24"
"URINE TROUBLE","Todd Lopezi","2024","B","INFERRED_ADP_CARD","17","17","1","NYG","0","0","0.2719970792259949","0.015999828189764406","0","-0.2719970792259949","-0.5288704762876218","0","0.2719970792259949","0","0","13","15"
"URINE TROUBLE","Todd Lopezi","2024","B","INFERRED_ADP_CARD","17","17","1","NYJ","2","0.11764705882352941","0.6469970792259949","0.03805865171917617","3.0912040629188122","1.353002920774005","1.7238915206037948","1","0.46366374589266157","2.1567353688064723","1","1","4"
"URINE TROUBLE","Todd Lopezi","2024","B","INFERRED_ADP_CARD","17","17","1","PHI","0","0","0.7716456736035049","0.04539092197667676","0","-0.7716456736035049","-0.9024463846603581","0","0.5883123402701715","0","0","13","31"
"URINE TROUBLE","Todd Lopezi","2024","B","INFERRED_ADP_CARD","17","17","1","PIT","0","0","0.6394213216502374","0.0376130189206022","0","-0.6394213216502374","-0.8224205003458199","0","0.47275465498357067","0","0","13","28"
"URINE TROUBLE","Todd Lopezi","2024","B","INFERRED_ADP_CARD","17","17","1","SEA","0","0","0.46823658269441404","0.027543328393789063","0","-0.46823658269441404","-0.7008985535571164","0","0.46823658269441404","0","0","13","22"
"URINE TROUBLE","Todd Lopezi","2024","B","INFERRED_ADP_CARD","17","17","1","SF","0","0","0.6636637458926616","0.03903904387603892","0","-0.6636637458926616","-0.8338276585849608","0","0.5303304125593282","0","0","13","29"
"URINE TROUBLE","Todd Lopezi","2024","B","INFERRED_ADP_CARD","17","17","1","TB","0","0","0.31898046732384083","0.0187635569014024","0","-0.31898046732384083","-0.5735098637231234","0","0.31898046732384083","0","0","13","16"
"URINE TROUBLE","Todd Lopezi","2024","B","INFERRED_ADP_CARD","17","17","1","TEN","0","0","0.46823658269441404","0.027543328393789063","0","-0.46823658269441404","-0.7008985535571164","0","0.46823658269441404","0","0","13","23"
"URINE TROUBLE","Todd Lopezi","2024","B","INFERRED_ADP_CARD","17","17","1","WAS","1","0.058823529411764705","0.48108798831690397","0.028299293430406117","2.078621841086742","0.5189120116830961","0.765955921410294","1","0.48108798831690397","2.078621841086742","0","6","7"
"URINE TROUBLE","Todd Lopezi","2025","A","EXACT_2025","17","17","1","ARI","0","0","0.6975390769177946","0.041031710406929094","0","-0.6975390769177946","-0.8562185528240521","0","0.6023009816796994","0","0","12","28"
"URINE TROUBLE","Todd Lopezi","2025","A","EXACT_2025","17","17","1","ATL","0","0","0.3849895422929131","0.022646443664289004","0","-0.3849895422929131","-0.6315655255993434","0","0.3849895422929131","0","0","12","16"
"URINE TROUBLE","Todd Lopezi","2025","A","EXACT_2025","17","17","1","BAL","0","0","0.547806456596939","0.03222390921158465","0","-0.547806456596939","-0.7593462805882928","0","0.3573302661207486","0","0","12","22"
"URINE TROUBLE","Todd Lopezi","2025","A","EXACT_2025","17","17","1","BUF","2","0.11764705882352941","0.6007606992405407","0.03533886466120827","3.3291125776508443","1.3992393007594592","1.8543984425005668","1","0.39441149289133426","2.535423074690964","1","2","3"
"URINE TROUBLE","Todd Lopezi","2025","A","EXACT_2025","17","17","1","CAR","0","0","0.19028162848387567","0.011193036969639745","0","-0.19028162848387567","-0.44032434137570725","0","0.19028162848387567","0","0","12","12"
"URINE TROUBLE","Todd Lopezi","2025","A","EXACT_2025","17","17","1","CHI","1","0.058823529411764705","0.3288097670120142","0.019341751000706717","3.0412721893491126","0.6711902329879857","1.1891794351843112","1","0.3288097670120142","3.0412721893491126","0","5","6"
"URINE TROUBLE","Todd Lopezi","2025","A","EXACT_2025","17","17","1","CIN","0","0","0.5278891263689677","0.031052301551115744","0","-0.5278891263689677","-0.7412045945561591","0","0.4723335708134121","0","0","12","21"
"URINE TROUBLE","Todd Lopezi","2025","A","EXACT_2025","17","17","1","CLE","1","0.058823529411764705","0.3270272358177183","0.019236896224571667","3.057849287382871","0.6729727641822817","1.1920374549647796","1","0.3270272358177183","3.057849287382871","0","5","5"
"URINE TROUBLE","Todd Lopezi","2025","A","EXACT_2025","17","17","1","DAL","1","0.058823529411764705","0.5549241828157889","0.03264259898916405","1.8020479751410603","0.4450758171842111","0.6128368491639213","1","0.4438130717046778","2.253200871617004","0","5","10"
"URINE TROUBLE","Todd Lopezi","2025","A","EXACT_2025","17","17","1","DEN","4","0.23529411764705882","0.6189927792703734","0.03641133995708079","6.462110922707253","3.3810072207296265","4.397827001354508","2","0.4681991284767227","4.271686721218306","2","1","1"
"URINE TROUBLE","Todd Lopezi","2025","A","EXACT_2025","17","17","1","DET","0","0","1.0162478338287988","0.05977928434287052","0","-1.0162478338287988","-1.0432652387253722","0","0.7146605322414972","0","0","12","32"
"URINE TROUBLE","Todd Lopezi","2025","A","EXACT_2025","17","17","1","GB","1","0.058823529411764705","0.4525683613588438","0.026621668315226107","2.209610934793329","0.5474316386411562","0.8264006396100203","1","0.3573302661207486","2.7985314842098523","0","5","7"
"URINE TROUBLE","Todd Lopezi","2025","A","EXACT_2025","17","17","1","HOU","0","0","0.7442420618230268","0.043778944813119225","0","-0.7442420618230268","-0.888304882686351","0","0.4982103157912807","0","0","12","30"
"URINE TROUBLE","Todd Lopezi","2025","A","EXACT_2025","17","17","1","IND","0","0","0.21202393112505472","0.01247199594853263","0","-0.21202393112505472","-0.4703700299848753","0","0.11678583588695948","0","0","12","14"
"URINE TROUBLE","Todd Lopezi","2025","A","EXACT_2025","17","17","1","JAX","2","0.11764705882352941","0.35406229226453945","0.020827193662619967","5.648723526044648","1.6459377077354604","2.8084044682653326","2","0.29850673670898387","6.700016294606486","0","2","2"
"URINE TROUBLE","Todd Lopezi","2025","A","EXACT_2025","17","17","1","KC","0","0","0.6699274875084524","0.03940749926520309","0","-0.6699274875084524","-0.8421328503274828","0","0.5588163763973413","0","0","12","27"
"URINE TROUBLE","Todd Lopezi","2025","A","EXACT_2025","17","17","1","LV","0","0","0.3876332964237789","0.022801958613163465","0","-0.3876332964237789","-0.6324485173524077","0","0.3876332964237789","0","0","12","17"
"URINE TROUBLE","Todd Lopezi","2025","A","EXACT_2025","17","17","1","LAC","0","0","0.5781094868999694","0.03400644040588056","0","-0.5781094868999694","-0.7773156144786288","0","0.48287139166187415","0","0","12","25"
"URINE TROUBLE","Todd Lopezi","2025","A","EXACT_2025","17","17","1","LAR","0","0","0.3832070110986172","0.022541588888153954","0","-0.3832070110986172","-0.6285056420451129","0","0.3832070110986172","0","0","12","15"
"URINE TROUBLE","Todd Lopezi","2025","A","EXACT_2025","17","17","1","MIA","1","0.058823529411764705","0.5313993489803139","0.03125878523413611","1.8818239087399515","0.46860065101968607","0.6620254524123736","1","0.42028823786920283","2.3793195000408462","0","5","9"
"URINE TROUBLE","Todd Lopezi","2025","A","EXACT_2025","17","17","1","MIN","0","0","0.824570890664744","0.04850417003910259","0","-0.824570890664744","-0.9359623689593005","0","0.6340947001885535","0","0","12","31"
"URINE TROUBLE","Todd Lopezi","2025","A","EXACT_2025","17","17","1","NE","0","0","0.5131744219649045","0.030186730703817912","0","-0.5131744219649045","-0.7317564186327637","0","0.5131744219649045","0","0","12","19"
"URINE TROUBLE","Todd Lopezi","2025","A","EXACT_2025","17","17","1","NO","0","0","0.19028162848387567","0.011193036969639745","0","-0.19028162848387567","-0.44032434137570725","0","0.19028162848387567","0","0","12","13"
"URINE TROUBLE","Todd Lopezi","2025","A","EXACT_2025","17","17","1","NYG","0","0","0.5192859574882047","0.030546232793423805","0","-0.5192859574882047","-0.7373110370165774","0","0.42404786225010943","0","0","12","20"
"URINE TROUBLE","Todd Lopezi","2025","A","EXACT_2025","17","17","1","NYJ","0","0","0.5590109383896562","0.03288299637586213","0","-0.5590109383896562","-0.7636058433309364","0","0.4637728431515609","0","0","12","24"
"URINE TROUBLE","Todd Lopezi","2025","A","EXACT_2025","17","17","1","PHI","0","0","0.628419975412705","0.03696588090662971","0","-0.628419975412705","-0.8146717410661393","0","0.4220707690634987","0","0","12","26"
"URINE TROUBLE","Todd Lopezi","2025","A","EXACT_2025","17","17","1","PIT","0","0","0.5575254957277429","0.032795617395749585","0","-0.5575254957277429","-0.7625196097706171","0","0.40673184493409215","0","0","12","23"
"URINE TROUBLE","Todd Lopezi","2025","A","EXACT_2025","17","17","1","SEA","2","0.11764705882352941","0.6489615253660197","0.03817420737447175","3.081846799580273","1.3510384746339803","1.7275443754690358","2","0.45848533488982923","4.362189688096754","0","2","4"
"URINE TROUBLE","Todd Lopezi","2025","A","EXACT_2025","17","17","1","SF","1","0.058823529411764705","0.8054723421544308","0.04738072600908416","1.241507557323766","0.19452765784556925","0.2228390180439133","1","0.7102342469163355","1.4079861740570199","0","5","11"
"URINE TROUBLE","Todd Lopezi","2025","A","EXACT_2025","17","17","1","TB","1","0.058823529411764705","0.5226016181072362","0.030741271653366833","1.9135034514853018","0.47739838189276385","0.675976455175734","1","0.4670460625516806","2.141116434076234","0","5","8"
"URINE TROUBLE","Todd Lopezi","2025","A","EXACT_2025","17","17","1","TEN","0","0","0.4075930678706621","0.0239760628159213","0","-0.4075930678706621","-0.6518914205094821","0","0.4075930678706621","0","0","12","18"
"URINE TROUBLE","Todd Lopezi","2025","A","EXACT_2025","17","17","1","WAS","0","0","0.7146605322414972","0.042038854837735125","0","-0.7146605322414972","-0.8680741136170266","0","0.7146605322414972","0","0","12","29"
"Dee Tee","Dameion Taylor","2025","B","INFERRED_ADP_CARD","17","17","1","ARI","2","0.11764705882352941","0.5780476133252075","0.03400280078383573","3.45992259788954","1.4219523866747925","1.914734341729987","2","0.5325930678706621","3.755212226092457","0","2","4"
"Dee Tee","Dameion Taylor","2025","B","INFERRED_ADP_CARD","17","17","1","ATL","1","0.058823529411764705","0.37146140376477454","0.02185067080969262","2.6920697274736067","0.6285385962352255","1.0520217357062234","1","0.37146140376477454","2.6920697274736067","0","6","7"
"Dee Tee","Dameion Taylor","2025","B","INFERRED_ADP_CARD","17","17","1","BAL","2","0.11764705882352941","0.35705970335018583","0.021003511961775637","5.601304155116329","1.6429402966498141","2.78595161702672","1","0.31160515789564036","3.2091894972255557","1","2","2"
"Dee Tee","Dameion Taylor","2025","B","INFERRED_ADP_CARD","17","17","1","BUF","1","0.058823529411764705","0.6509951869750283","0.03829383452794284","1.5361096671800112","0.34900481302497166","0.4428646473612211","0","0.5045305405103818","0","1","6","9"
"Dee Tee","Dameion Taylor","2025","B","INFERRED_ADP_CARD","17","17","1","CAR","0","0","0.19028162848387567","0.011193036969639745","0","-0.19028162848387567","-0.44032434137570725","0","0.19028162848387567","0","0","12","12"
"Dee Tee","Dameion Taylor","2025","B","INFERRED_ADP_CARD","17","17","1","CHI","0","0","0.4493834816868525","0.026434322452167792","0","-0.4493834816868525","-0.6838402750068946","0","0.4493834816868525","0","0","12","17"
"Dee Tee","Dameion Taylor","2025","B","INFERRED_ADP_CARD","17","17","1","CIN","0","0","0.5600860960659374","0.03294624094505514","0","-0.5600860960659374","-0.763314340264113","0","0.5045305405103818","0","0","12","24"
"Dee Tee","Dameion Taylor","2025","B","INFERRED_ADP_CARD","17","17","1","CLE","0","0","0.4049493137397962","0.023820547867046835","0","-0.4049493137397962","-0.6471229635761088","0","0.4049493137397962","0","0","12","16"
"Dee Tee","Dameion Taylor","2025","B","INFERRED_ADP_CARD","17","17","1","DAL","0","0","0.6754978974906272","0.03973517044062513","0","-0.6754978974906272","-0.8447275094850931","0","0.564386786379516","0","0","12","29"
"Dee Tee","Dameion Taylor","2025","B","INFERRED_ADP_CARD","17","17","1","DEN","1","0.058823529411764705","0.790793045171763","0.046517237951280176","1.264553357045264","0.20920695482823704","0.2425732944826421","1","0.5887728431515609","1.6984479016512346","0","6","11"
"Dee Tee","Dameion Taylor","2025","B","INFERRED_ADP_CARD","17","17","1","DET","2","0.11764705882352941","0.859751144243874","0.05057359672022788","2.326254537013663","1.1402488557561261","1.2675955751126657","2","0.6577309422236719","3.0407570506541077","0","2","5"
"Dee Tee","Dameion Taylor","2025","B","INFERRED_ADP_CARD","17","17","1","GB","0","0","0.4911615565531627","0.0288918562678331","0","-0.4911615565531627","-0.7121401230679226","0","0.4457070110986172","0","0","12","20"
"Dee Tee","Dameion Taylor","2025","B","INFERRED_ADP_CARD","17","17","1","HOU","0","0","0.6446749622559272","0.03792205660328984","0","-0.6446749622559272","-0.8238995547413844","0","0.4982103157912807","0","0","12","28"
"Dee Tee","Dameion Taylor","2025","B","INFERRED_ADP_CARD","17","17","1","IND","0","0","0.22663432073544432","0.013331430631496725","0","-0.22663432073544432","-0.4874989743831649","0","0.18117977528089887","0","0","12","14"
"Dee Tee","Dameion Taylor","2025","B","INFERRED_ADP_CARD","17","17","1","JAX","1","0.058823529411764705","0.4450827913732739","0.02618134066901611","2.2467730035451727","0.5549172086267261","0.8445335246355224","1","0.3895272358177183","2.5672145823147425","0","6","8"
"Dee Tee","Dameion Taylor","2025","B","INFERRED_ADP_CARD","17","17","1","KC","0","0","0.7343214269023919","0.04319537805308188","0","-0.7343214269023919","-0.8820429963582525","0","0.6232103157912807","0","0","12","31"
"Dee Tee","Dameion Taylor","2025","B","INFERRED_ADP_CARD","17","17","1","LV","0","0","0.4520272358177183","0.026589837401042253","0","-0.4520272358177183","-0.684644764121156","0","0.4520272358177183","0","0","12","18"
"Dee Tee","Dameion Taylor","2025","B","INFERRED_ADP_CARD","17","17","1","LAC","0","0","0.5283259371164196","0.03107799630096586","0","-0.5283259371164196","-0.7428598047550787","0","0.48287139166187415","0","0","12","22"
"Dee Tee","Dameion Taylor","2025","B","INFERRED_ADP_CARD","17","17","1","LAR","0","0","0.3832070110986172","0.022541588888153954","0","-0.3832070110986172","-0.6285056420451129","0","0.3832070110986172","0","0","12","15"
"Dee Tee","Dameion Taylor","2025","B","INFERRED_ADP_CARD","17","17","1","MIA","0","0","0.6093214269023919","0.03584243687661129","0","-0.6093214269023919","-0.8029158084676692","0","0.4982103157912807","0","0","12","27"
"Dee Tee","Dameion Taylor","2025","B","INFERRED_ADP_CARD","17","17","1","MIN","0","0","0.7893977304915838","0.046435160617151985","0","-0.7893977304915838","-0.9135287102315526","0","0.6984886395824929","0","0","12","32"
"Dee Tee","Dameion Taylor","2025","B","INFERRED_ADP_CARD","17","17","1","NE","0","0","0.5453713916618741","0.0320806700977573","0","-0.5453713916618741","-0.7541422774898096","0","0.5453713916618741","0","0","12","23"
"Dee Tee","Dameion Taylor","2025","B","INFERRED_ADP_CARD","17","17","1","NO","0","0","0.19028162848387567","0.011193036969639745","0","-0.19028162848387567","-0.44032434137570725","0","0.19028162848387567","0","0","12","13"
"Dee Tee","Dameion Taylor","2025","B","INFERRED_ADP_CARD","17","17","1","NYG","0","0","0.4695024077046549","0.02761778868850911","0","-0.4695024077046549","-0.7008905871654662","0","0.42404786225010943","0","0","12","19"
"Dee Tee","Dameion Taylor","2025","B","INFERRED_ADP_CARD","17","17","1","NYJ","0","0","0.5092273886061064","0.029954552270947434","0","-0.5092273886061064","-0.7285030950622357","0","0.4637728431515609","0","0","12","21"
"Dee Tee","Dameion Taylor","2025","B","INFERRED_ADP_CARD","17","17","1","PHI","2","0.11764705882352941","0.5243505897421958","0.030844152337776227","3.814241919673109","1.4756494102578042","2.0877970406311297","2","0.36778493317653926","5.437960665560996","0","2","3"
"Dee Tee","Dameion Taylor","2025","B","INFERRED_ADP_CARD","17","17","1","PIT","0","0","0.5721358853381325","0.03365505207871368","0","-0.5721358853381325","-0.7732002750053343","0","0.47112578432803154","0","0","12","25"
"Dee Tee","Dameion Taylor","2025","B","INFERRED_ADP_CARD","17","17","1","SEA","0","0","0.683496279001897","0.04020566347069982","0","-0.683496279001897","-0.8522030628483693","0","0.5925871880928061","0","0","12","30"
"Dee Tee","Dameion Taylor","2025","B","INFERRED_ADP_CARD","17","17","1","SF","3","0.17647058823529413","0.6252634097561394","0.03678020057389055","4.797977865312857","2.3747365902438604","3.0649888654221935","3","0.579808864301594","5.174118894531969","0","1","1"
"Dee Tee","Dameion Taylor","2025","B","INFERRED_ADP_CARD","17","17","1","TB","0","0","0.6136221172159706","0.03609541865976298","0","-0.6136221172159706","-0.8008905604678679","0","0.558066561660415","0","0","12","26"
"Dee Tee","Dameion Taylor","2025","B","INFERRED_ADP_CARD","17","17","1","TEN","1","0.058823529411764705","0.35141329258976317","0.02067137015233901","2.8456521739130434","0.6485867074102368","1.1199436202291206","1","0.35141329258976317","2.8456521739130434","0","6","6"
"Dee Tee","Dameion Taylor","2025","B","INFERRED_ADP_CARD","17","17","1","WAS","1","0.058823529411764705","0.7228746963545377","0.04252204096203163","1.3833656165349364","0.2771253036454623","0.33452529783794727","1","0.7228746963545377","1.3833656165349364","0","6","10"
"SHOW ME YOUR TDS","Brent Garris","2021","B","INFERRED_ADP_CARD","17","17","1","ARI","0","0","0.282032279314888","0.016590134077346354","0","-0.282032279314888","-0.5449790152705651","0","0.1911231884057971","0","0","14","15"
"SHOW ME YOUR TDS","Brent Garris","2021","B","INFERRED_ADP_CARD","17","17","1","ATL","0","0","0.4667589554279463","0.02745640914282037","0","-0.4667589554279463","-0.7017971834981706","0","0.4667589554279463","0","0","14","21"
"SHOW ME YOUR TDS","Brent Garris","2021","B","INFERRED_ADP_CARD","17","17","1","BAL","1","0.058823529411764705","1.014424914923598","0.059672053819035176","0.9857802044179047","-0.014424914923597987","-0.014877322481829821","1","0.7901824906811737","1.26553044618586","0","5","13"
"SHOW ME YOUR TDS","Brent Garris","2021","B","INFERRED_ADP_CARD","17","17","1","BUF","0","0","0.8415448579312401","0.04950263870183765","0","-0.8415448579312401","-0.9539978531460043","0","0.4839691003554826","0","0","14","32"
"SHOW ME YOUR TDS","Brent Garris","2021","B","INFERRED_ADP_CARD","17","17","1","CAR","0","0","0.2830188679245283","0.01664816870144284","0","-0.2830188679245283","-0.5477225575051661","0","0.2830188679245283","0","0","14","16"
"SHOW ME YOUR TDS","Brent Garris","2021","B","INFERRED_ADP_CARD","17","17","1","CHI","0","0","0.4839691003554826","0.028468770609146033","0","-0.4839691003554826","-0.7101943416831273","0","0.4839691003554826","0","0","14","22"
"SHOW ME YOUR TDS","Brent Garris","2021","B","INFERRED_ADP_CARD","17","17","1","CIN","1","0.058823529411764705","0.5783087229969921","0.03401816017629365","1.7291802115964299","0.4216912770030079","0.568697584212172","1","0.5783087229969921","1.7291802115964299","0","5","10"
"SHOW ME YOUR TDS","Brent Garris","2021","B","INFERRED_ADP_CARD","17","17","1","CLE","2","0.11764705882352941","0.9078143051341532","0.0534008414784796","2.2030937259844654","1.0921856948658468","1.1800418678597733","1","0.6835718808917289","1.4629039431749098","1","1","7"
"SHOW ME YOUR TDS","Brent Garris","2021","B","INFERRED_ADP_CARD","17","17","1","DAL","0","0","0.6212550028587764","0.036544411932869204","0","-0.6212550028587764","-0.8099721006732481","0","0.3970125786163522","0","0","14","25"
"SHOW ME YOUR TDS","Brent Garris","2021","B","INFERRED_ADP_CARD","17","17","1","DEN","1","0.058823529411764705","0.6223514940868465","0.03660891141687333","1.606809029143994","0.37764850591315346","0.4915032745922014","1","0.39810906984442235","2.511874447851167","0","5","11"
"SHOW ME YOUR TDS","Brent Garris","2021","B","INFERRED_ADP_CARD","17","17","1","DET","0","0","0.6271929824561403","0.0368937048503612","0","-0.6271929824561403","-0.8305115197415276","0","0.6271929824561403","0","0","14","26"
"SHOW ME YOUR TDS","Brent Garris","2021","B","INFERRED_ADP_CARD","17","17","1","GB","1","0.058823529411764705","0.8242883151274412","0.04848754794867301","1.2131677492545705","0.17571168487255884","0.19989204869028962","1","0.6909549817941079","1.4472722917539973","0","5","12"
"SHOW ME YOUR TDS","Brent Garris","2021","B","INFERRED_ADP_CARD","17","17","1","HOU","0","0","0.30267295597484273","0.017804291527931924","0","-0.30267295597484273","-0.5599178230507469","0","0.30267295597484273","0","0","14","17"
"SHOW ME YOUR TDS","Brent Garris","2021","B","INFERRED_ADP_CARD","17","17","1","IND","0","0","0.2375","0.013970588235294117","0","-0.2375","-0.49909832060917614","0","0.10416666666666666","0","0","14","14"
"SHOW ME YOUR TDS","Brent Garris","2021","B","INFERRED_ADP_CARD","17","17","1","JAX","0","0","0.5011792452830188","0.029481132075471695","0","-0.5011792452830188","-0.7275488275283926","0","0.5011792452830188","0","0","14","23"
"SHOW ME YOUR TDS","Brent Garris","2021","B","INFERRED_ADP_CARD","17","17","1","KC","1","0.058823529411764705","0.5240593022753767","0.03082701778090451","1.908180993368822","0.47594069772462333","0.6718069709569303","1","0.39072596894204337","2.559338460936367","0","5","9"
"SHOW ME YOUR TDS","Brent Garris","2021","B","INFERRED_ADP_CARD","17","17","1","LV","0","0","0.6910648844125378","0.04065087555367869","0","-0.6910648844125378","-0.8595450799968727","0","0.6001557935034468","0","0","14","28"
"SHOW ME YOUR TDS","Brent Garris","2021","B","INFERRED_ADP_CARD","17","17","1","LAC","1","0.058823529411764705","0.18129614438063985","0.01066447908121411","5.515837104072399","0.8187038556193602","1.9529771748788303","1","0.18129614438063985","5.515837104072399","0","5","3"
"SHOW ME YOUR TDS","Brent Garris","2021","B","INFERRED_ADP_CARD","17","17","1","LAR","2","0.11764705882352941","0.9187378403873805","0.054043402375728265","2.1768995594616105","1.0812621596126195","1.166061700003666","1","0.6944954161449562","1.439894312839177","1","1","8"
"SHOW ME YOUR TDS","Brent Garris","2021","B","INFERRED_ADP_CARD","17","17","1","MIA","2","0.11764705882352941","0.5833577833950228","0.03431516372911898","3.428427728109514","1.4166422166049772","1.9078373162612845","2","0.4924486924859318","4.061336806284922","0","1","4"
"SHOW ME YOUR TDS","Brent Garris","2021","B","INFERRED_ADP_CARD","17","17","1","MIN","1","0.058823529411764705","0.3146294777139732","0.01850761633611607","3.1783417347470886","0.6853705222860268","1.2509346819840765","1","0.18129614438063985","5.515837104072399","0","5","6"
"SHOW ME YOUR TDS","Brent Garris","2021","B","INFERRED_ADP_CARD","17","17","1","NE","0","0","0.7517957629923866","0.04422328017602274","0","-0.7517957629923866","-0.9099584405379951","0","0.6184624296590533","0","0","14","31"
"SHOW ME YOUR TDS","Brent Garris","2021","B","INFERRED_ADP_CARD","17","17","1","NO","0","0","0.3416666666666667","0.020098039215686276","0","-0.3416666666666667","-0.6001571110635495","0","0.20833333333333331","0","0","14","18"
"SHOW ME YOUR TDS","Brent Garris","2021","B","INFERRED_ADP_CARD","17","17","1","NYG","1","0.058823529411764705","0.30376944720291293","0.017868791011936055","3.2919703057958185","0.6962305527970871","1.2834333837963106","0","0.30376944720291293","0","1","5","5"
"SHOW ME YOUR TDS","Brent Garris","2021","B","INFERRED_ADP_CARD","17","17","1","NYJ","1","0.058823529411764705","0.10416666666666666","0.006127450980392156","9.600000000000001","0.8958333333333334","2.8050107141298017","1","0.10416666666666666","9.600000000000001","0","5","2"
"SHOW ME YOUR TDS","Brent Garris","2021","B","INFERRED_ADP_CARD","17","17","1","PHI","0","0","0.4005530129672006","0.023561941939247093","0","-0.4005530129672006","-0.6476121780966049","0","0.4005530129672006","0","0","14","19"
"SHOW ME YOUR TDS","Brent Garris","2021","B","INFERRED_ADP_CARD","17","17","1","PIT","0","0","0.503308722996992","0.029606395470411297","0","-0.503308722996992","-0.7305699674352429","0","0.3699753896636587","0","0","14","24"
"SHOW ME YOUR TDS","Brent Garris","2021","B","INFERRED_ADP_CARD","17","17","1","SEA","0","0","0.7330897158624805","0.04312292446249885","0","-0.7330897158624805","-0.9048221272415659","0","0.5512715340442986","0","0","14","30"
"SHOW ME YOUR TDS","Brent Garris","2021","B","INFERRED_ADP_CARD","17","17","1","SF","0","0","0.694431911402789","0.040848935964869944","0","-0.694431911402789","-0.8598629962838586","0","0.5610985780694557","0","0","14","29"
"SHOW ME YOUR TDS","Brent Garris","2021","B","INFERRED_ADP_CARD","17","17","1","TB","0","0","0.6663617359641926","0.03919774917436427","0","-0.6663617359641926","-0.8412018174864374","0","0.6663617359641926","0","0","14","27"
"SHOW ME YOUR TDS","Brent Garris","2021","B","INFERRED_ADP_CARD","17","17","1","TEN","2","0.11764705882352941","0.2928459119496855","0.017226230114687383","6.8295302013422825","1.7071540880503144","3.2059257052196988","2","0.2928459119496855","6.8295302013422825","0","1","1"
"SHOW ME YOUR TDS","Brent Garris","2021","B","INFERRED_ADP_CARD","17","17","1","WAS","0","0","0.4005530129672006","0.023561941939247093","0","-0.4005530129672006","-0.6476121780966049","0","0.4005530129672006","0","0","14","20"
"SHOW ME YOUR TDS","Brent Garris","2022","B","INFERRED_ADP_CARD","17","17","1","ARI","1","0.058823529411764705","1.1087489911218724","0.0652205288895219","0.9019173933932185","-0.10874899112187242","-0.1096755484582362","1","0.9837489911218724","1.0165194668810738","0","5","13"
"SHOW ME YOUR TDS","Brent Garris","2022","B","INFERRED_ADP_CARD","17","17","1","ATL","0","0","0.41303470540758674","0.02429615914162275","0","-0.41303470540758674","-0.655045757091449","0","0.35053470540758674","0","0","14","22"
"SHOW ME YOUR TDS","Brent Garris","2022","B","INFERRED_ADP_CARD","17","17","1","BAL","0","0","0.37184322033898304","0.021873130608175473","0","-0.37184322033898304","-0.6208817039572512","0","0.30934322033898304","0","0","14","21"
"SHOW ME YOUR TDS","Brent Garris","2022","B","INFERRED_ADP_CARD","17","17","1","BUF","0","0","0.9986467581382835","0.0587439269493108","0","-0.9986467581382835","-1.036401821665063","0","0.7139245359160613","0","0","14","32"
"SHOW ME YOUR TDS","Brent Garris","2022","B","INFERRED_ADP_CARD","17","17","1","CAR","0","0","0.1615466101694915","0.009502741774675971","0","-0.1615466101694915","-0.40522035982693333","0","0.1615466101694915","0","0","14","14"
"SHOW ME YOUR TDS","Brent Garris","2022","B","INFERRED_ADP_CARD","17","17","1","CHI","0","0","0.1615466101694915","0.009502741774675971","0","-0.1615466101694915","-0.40522035982693333","0","0.1615466101694915","0","0","14","15"
"SHOW ME YOUR TDS","Brent Garris","2022","B","INFERRED_ADP_CARD","17","17","1","CIN","2","0.11764705882352941","0.6477966101694915","0.03810568295114656","3.087388801674516","1.3522033898305086","1.7393427701023616","2","0.5227966101694915","3.8255795104555035","0","1","3"
"SHOW ME YOUR TDS","Brent Garris","2022","B","INFERRED_ADP_CARD","17","17","1","CLE","1","0.058823529411764705","0.22934322033898305","0.013490777666999004","4.36027713625866","0.770656779661017","1.6309256018379075","1","0.22934322033898305","4.36027713625866","0","5","4"
"SHOW ME YOUR TDS","Brent Garris","2022","B","INFERRED_ADP_CARD","17","17","1","DAL","0","0","0.9880535377993005","0.058120796341135324","0","-0.9880535377993005","-1.0312423901370331","0","0.7658313155770783","0","0","14","31"
"SHOW ME YOUR TDS","Brent Garris","2022","B","INFERRED_ADP_CARD","17","17","1","DEN","0","0","0.6109305219262846","0.035937089525075565","0","-0.6109305219262846","-0.8040258846236106","0","0.4998194108151735","0","0","14","26"
"SHOW ME YOUR TDS","Brent Garris","2022","B","INFERRED_ADP_CARD","17","17","1","DET","1","0.058823529411764705","0.35053470540758674","0.020619688553387455","2.8527845733199024","0.6494652945924133","1.11548005213319","1","0.35053470540758674","2.8527845733199024","0","5","7"
"SHOW ME YOUR TDS","Brent Garris","2022","B","INFERRED_ADP_CARD","17","17","1","GB","1","0.058823529411764705","0.31083131557707827","0.01828419503394578","3.217179061071874","0.6891686844229217","1.2614020185918018","0","0.31083131557707827","0","1","5","6"
"SHOW ME YOUR TDS","Brent Garris","2022","B","INFERRED_ADP_CARD","17","17","1","HOU","0","0","0.1615466101694915","0.009502741774675971","0","-0.1615466101694915","-0.40522035982693333","0","0.1615466101694915","0","0","14","16"
"SHOW ME YOUR TDS","Brent Garris","2022","B","INFERRED_ADP_CARD","17","17","1","IND","2","0.11764705882352941","0.448093220338983","0.026358424725822532","4.463356973995272","1.5519067796610169","2.3889276160914563","1","0.323093220338983","3.095081967213115","1","1","2"
"SHOW ME YOUR TDS","Brent Garris","2022","B","INFERRED_ADP_CARD","17","17","1","JAX","0","0","0.5646398305084745","0.03321410767696909","0","-0.5646398305084745","-0.7698656330457799","0","0.5646398305084745","0","0","14","25"
"SHOW ME YOUR TDS","Brent Garris","2022","B","INFERRED_ADP_CARD","17","17","1","KC","0","0","0.8768035377993005","0.051576678694076505","0","-0.8768035377993005","-0.9666827545747655","0","0.5920813155770783","0","0","14","27"
"SHOW ME YOUR TDS","Brent Garris","2022","B","INFERRED_ADP_CARD","17","17","1","LV","0","0","0.9774771320957762","0.05749865482916331","0","-0.9774771320957762","-1.0254988644272571","0","0.7413660209846651","0","0","14","30"
"SHOW ME YOUR TDS","Brent Garris","2022","B","INFERRED_ADP_CARD","17","17","1","LAC","1","0.058823529411764705","0.6375188323917138","0.03750110778774787","1.5685811135153496","0.3624811676082862","0.4707075263259657","1","0.41529661016949154","2.4079175594327107","0","5","12"
"SHOW ME YOUR TDS","Brent Garris","2022","B","INFERRED_ADP_CARD","17","17","1","LAR","0","0","0.3490466101694915","0.020532153539381853","0","-0.3490466101694915","-0.6033183529162381","0","0.3490466101694915","0","0","14","20"
"SHOW ME YOUR TDS","Brent Garris","2022","B","INFERRED_ADP_CARD","17","17","1","MIA","2","0.11764705882352941","0.7846805219262847","0.046157677760369685","2.5488080105394615","1.2153194780737153","1.4155457587811526","1","0.6735694108151735","1.4846279892517247","1","1","5"
"SHOW ME YOUR TDS","Brent Garris","2022","B","INFERRED_ADP_CARD","17","17","1","MIN","0","0","0.5560475517890773","0.03270867951700455","0","-0.5560475517890773","-0.7660886253741943","0","0.4449364406779661","0","0","14","24"
"SHOW ME YOUR TDS","Brent Garris","2022","B","INFERRED_ADP_CARD","17","17","1","NE","2","0.11764705882352941","0.27809322033898304","0.01635842472582253","7.191833003199757","1.721906779661017","3.336185543547164","2","0.21559322033898304","9.276729559748428","0","1","1"
"SHOW ME YOUR TDS","Brent Garris","2022","B","INFERRED_ADP_CARD","17","17","1","NO","1","0.058823529411764705","0.5993620527306969","0.03525659133709982","1.6684406285716529","0.40063794726930313","0.5355356638390965","1","0.3771398305084746","2.65153643053761","0","5","11"
"SHOW ME YOUR TDS","Brent Garris","2022","B","INFERRED_ADP_CARD","17","17","1","NYG","0","0","0.28125","0.016544117647058824","0","-0.28125","-0.5432144762551112","0","0.28125","0","0","14","19"
"SHOW ME YOUR TDS","Brent Garris","2022","B","INFERRED_ADP_CARD","17","17","1","NYJ","1","0.058823529411764705","0.3908898305084746","0.022993519441674975","2.5582655826558263","0.6091101694915254","0.9950859874776374","1","0.3908898305084746","2.5582655826558263","0","5","8"
"SHOW ME YOUR TDS","Brent Garris","2022","B","INFERRED_ADP_CARD","17","17","1","PHI","1","0.058823529411764705","0.4290466101694915","0.02523803589232303","2.3307490988099353","0.5709533898305085","0.8900376735625508","1","0.4290466101694915","2.3307490988099353","0","5","10"
"SHOW ME YOUR TDS","Brent Garris","2022","B","INFERRED_ADP_CARD","17","17","1","PIT","0","0","0.503489036857681","0.029617002168098882","0","-0.503489036857681","-0.7259873612796233","0","0.3923779257465698","0","0","14","23"
"SHOW ME YOUR TDS","Brent Garris","2022","B","INFERRED_ADP_CARD","17","17","1","SEA","1","0.058823529411764705","0.41833131557707826","0.024607724445710487","2.3904497769202946","0.5816686844229217","0.9158826116581653","1","0.41833131557707826","2.3904497769202946","0","5","9"
"SHOW ME YOUR TDS","Brent Garris","2022","B","INFERRED_ADP_CARD","17","17","1","SF","0","0","0.9705535377993004","0.057091384576429434","0","-0.9705535377993004","-1.0195548776299406","0","0.6858313155770782","0","0","14","29"
"SHOW ME YOUR TDS","Brent Garris","2022","B","INFERRED_ADP_CARD","17","17","1","TB","0","0","0.949383911756793","0.055846112456281946","0","-0.949383911756793","-1.0110940926167389","0","0.713272800645682","0","0","14","28"
"SHOW ME YOUR TDS","Brent Garris","2022","B","INFERRED_ADP_CARD","17","17","1","TEN","0","0","0.24154661016949153","0.014208624127617149","0","-0.24154661016949153","-0.4974976781435643","0","0.24154661016949153","0","0","14","18"
"SHOW ME YOUR TDS","Brent Garris","2022","B","INFERRED_ADP_CARD","17","17","1","WAS","0","0","0.22934322033898305","0.013490777666999004","0","-0.22934322033898305","-0.4853544918184288","0","0.22934322033898305","0","0","14","17"
"SHOW ME YOUR TDS","Brent Garris","2023","B","INFERRED_ADP_CARD","17","17","1","ARI","0","0","0.5325870646766169","0.03132865086333041","0","-0.5325870646766169","-0.7455413885659433","0","0.5325870646766169","0","0","17","26"
"SHOW ME YOUR TDS","Brent Garris","2023","B","INFERRED_ADP_CARD","17","17","1","ATL","0","0","0.5346408712738827","0.03144946301611075","0","-0.5346408712738827","-0.7509856918756214","0","0.475817341862118","0","0","17","28"
"SHOW ME YOUR TDS","Brent Garris","2023","B","INFERRED_ADP_CARD","17","17","1","BAL","1","0.058823529411764705","0.587144656694605","0.03453792098203559","1.7031577969722302","0.412855343305395","0.5557458747582066","0","0.44136460554371","0","1","2","10"
"SHOW ME YOUR TDS","Brent Garris","2023","B","INFERRED_ADP_CARD","17","17","1","BUF","1","0.058823529411764705","0.6831290205894167","0.04018406003467157","1.4638523175858946","0.3168709794105833","0.39223768223092303","0","0.5373489694385216","0","1","2","14"
"SHOW ME YOUR TDS","Brent Garris","2023","B","INFERRED_ADP_CARD","17","17","1","CAR","1","0.058823529411764705","0.08928571428571427","0.005252100840336134","11.200000000000001","0.9107142857142857","3.075415714693189","1","0.08928571428571427","11.200000000000001","0","2","1"
"SHOW ME YOUR TDS","Brent Garris","2023","B","INFERRED_ADP_CARD","17","17","1","CHI","1","0.058823529411764705","0.46272210376687983","0.027218947280404696","2.161124337608479","0.5372778962331202","0.8074079154393972","1","0.46272210376687983","2.161124337608479","0","2","5"
"SHOW ME YOUR TDS","Brent Garris","2023","B","INFERRED_ADP_CARD","17","17","1","CIN","1","0.058823529411764705","0.5858831072987274","0.03446371219404279","1.7068251116005033","0.4141168927012726","0.5549544631190378","1","0.4401030561478322","2.2721950825628814","0","2","11"
"SHOW ME YOUR TDS","Brent Garris","2023","B","INFERRED_ADP_CARD","17","17","1","CLE","1","0.058823529411764705","0.5473494329594264","0.03219702546820155","1.8269864546916","0.4526505670405736","0.6294759544338618","1","0.37343638948116553","2.6778322310510543","0","2","7"
"SHOW ME YOUR TDS","Brent Garris","2023","B","INFERRED_ADP_CARD","17","17","1","DAL","0","0","0.7735592225209356","0.04550348367770209","0","-0.7735592225209356","-0.9034334551477189","0","0.6866027007818052","0","0","17","30"
"SHOW ME YOUR TDS","Brent Garris","2023","B","INFERRED_ADP_CARD","17","17","1","DEN","1","0.058823529411764705","0.642162634034795","0.03777427259028206","1.5572379129518394","0.357837365965205","0.45637032783096476","1","0.5552061122956645","1.801132908759241","0","2","13"
"SHOW ME YOUR TDS","Brent Garris","2023","B","INFERRED_ADP_CARD","17","17","1","DET","1","0.058823529411764705","0.5552061122956645","0.03265918307621556","1.801132908759241","0.4447938877043355","0.6100351633809488","1","0.5552061122956645","1.801132908759241","0","2","8"
"SHOW ME YOUR TDS","Brent Garris","2023","B","INFERRED_ADP_CARD","17","17","1","GB","0","0","0.5163970520070456","0.03037629717688503","0","-0.5163970520070456","-0.7408838824755022","0","0.34248400852878463","0","0","17","25"
"SHOW ME YOUR TDS","Brent Garris","2023","B","INFERRED_ADP_CARD","17","17","1","HOU","0","0","0.2226190476190476","0.013095238095238094","0","-0.2226190476190476","-0.48334292630842496","0","0.2226190476190476","0","0","17","17"
"SHOW ME YOUR TDS","Brent Garris","2023","B","INFERRED_ADP_CARD","17","17","1","IND","0","0","0.39925373134328357","0.023485513608428446","0","-0.39925373134328357","-0.6427300049395541","0","0.39925373134328357","0","0","17","20"
"SHOW ME YOUR TDS","Brent Garris","2023","B","INFERRED_ADP_CARD","17","17","1","JAX","1","0.058823529411764705","0.5835674568334797","0.03432749746079292","1.713597953912891","0.41643254316652034","0.5594258797021736","1","0.4659203980099502","2.1462893753336894","0","2","9"
"SHOW ME YOUR TDS","Brent Garris","2023","B","INFERRED_ADP_CARD","17","17","1","KC","0","0","0.779982486180715","0.04588132271651264","0","-0.779982486180715","-0.9101020291299824","0","0.5472459132906894","0","0","17","31"
"SHOW ME YOUR TDS","Brent Garris","2023","B","INFERRED_ADP_CARD","17","17","1","LV","0","0","0.6883811214297528","0.04049300714292664","0","-0.6883811214297528","-0.8540074267983573","0","0.48377754086709307","0","0","17","29"
"SHOW ME YOUR TDS","Brent Garris","2023","B","INFERRED_ADP_CARD","17","17","1","LAC","1","0.058823529411764705","0.30996801705756927","0.01823341276809231","3.2261392949269134","0.6900319829424307","1.2569591858138207","1","0.30996801705756927","3.2261392949269134","0","2","3"
"SHOW ME YOUR TDS","Brent Garris","2023","B","INFERRED_ADP_CARD","17","17","1","LAR","0","0","0.5325870646766169","0.03132865086333041","0","-0.5325870646766169","-0.7455413885659433","0","0.5325870646766169","0","0","17","27"
"SHOW ME YOUR TDS","Brent Garris","2023","B","INFERRED_ADP_CARD","17","17","1","MIA","1","0.058823529411764705","0.7066171699049509","0.04156571587676182","1.4151934634343981","0.29338283009504906","0.35867023778718643","1","0.47388059701492535","2.110236220472441","0","2","15"
"SHOW ME YOUR TDS","Brent Garris","2023","B","INFERRED_ADP_CARD","17","17","1","MIN","1","0.058823529411764705","0.49428174254776536","0.029075396620456787","2.0231376438173094","0.5057182574522346","0.737965893033859","1","0.3766346837242359","2.6550927017974244","0","2","6"
"SHOW ME YOUR TDS","Brent Garris","2023","B","INFERRED_ADP_CARD","17","17","1","NE","0","0","0.39653209109730847","0.023325417123371085","0","-0.39653209109730847","-0.6510805724220766","0","0.2226190476190476","0","0","17","21"
"SHOW ME YOUR TDS","Brent Garris","2023","B","INFERRED_ADP_CARD","17","17","1","NO","2","0.11764705882352941","0.6322656901826271","0.03719209942250748","3.1632271544298236","1.3677343098173729","1.762979269754165","2","0.5453091684434968","3.6676441837732163","0","1","2"
"SHOW ME YOUR TDS","Brent Garris","2023","B","INFERRED_ADP_CARD","17","17","1","NYG","1","0.058823529411764705","0.4453551569881684","0.026197362175774612","2.2453989457824255","0.5546448430118316","0.850271667298209","0","0.3865316275764037","0","1","2","4"
"SHOW ME YOUR TDS","Brent Garris","2023","B","INFERRED_ADP_CARD","17","17","1","NYJ","0","0","0.7812440355765927","0.04595553150450545","0","-0.7812440355765927","-0.9106973126174421","0","0.5485074626865671","0","0","17","32"
"SHOW ME YOUR TDS","Brent Garris","2023","B","INFERRED_ADP_CARD","17","17","1","PHI","0","0","0.46564501206063214","0.027390883062390126","0","-0.46564501206063214","-0.695154803578912","0","0.319864960909737","0","0","17","24"
"SHOW ME YOUR TDS","Brent Garris","2023","B","INFERRED_ADP_CARD","17","17","1","PIT","1","0.058823529411764705","0.6398334414882111","0.037637261264012414","1.5629067428455519","0.3601665585117889","0.46148490898455646","1","0.4659203980099502","2.1462893753336894","0","2","12"
"SHOW ME YOUR TDS","Brent Garris","2023","B","INFERRED_ADP_CARD","17","17","1","SEA","1","0.058823529411764705","0.8122099586103098","0.04777705638884175","1.2312087403003513","0.18779004138969024","0.2162736898326763","1","0.6945628997867803","1.4397544128933233","0","2","16"
"SHOW ME YOUR TDS","Brent Garris","2023","B","INFERRED_ADP_CARD","17","17","1","SF","0","0","0.4521306510923642","0.026595920652492014","0","-0.4521306510923642","-0.69085464744693","0","0.3651741293532338","0","0","17","22"
"SHOW ME YOUR TDS","Brent Garris","2023","B","INFERRED_ADP_CARD","17","17","1","TB","0","0","0.38779317697228144","0.022811363351310673","0","-0.38779317697228144","-0.6389305381734098","0","0.38779317697228144","0","0","17","19"
"SHOW ME YOUR TDS","Brent Garris","2023","B","INFERRED_ADP_CARD","17","17","1","TEN","0","0","0.4611584932480455","0.0271269701910615","0","-0.4611584932480455","-0.6940903147840274","0","0.4611584932480455","0","0","17","23"
"SHOW ME YOUR TDS","Brent Garris","2023","B","INFERRED_ADP_CARD","17","17","1","WAS","0","0","0.29850746268656714","0.017559262510974536","0","-0.29850746268656714","-0.563436169819011","0","0.29850746268656714","0","0","17","18"
"SHOW ME YOUR TDS","Brent Garris","2024","B","INFERRED_ADP_CARD","17","17","1","ARI","0","0","0.5303304125593282","0.031195906621136953","0","-0.5303304125593282","-0.7454415093521124","0","0.5303304125593282","0","0","13","24"
"SHOW ME YOUR TDS","Brent Garris","2024","B","INFERRED_ADP_CARD","17","17","1","ATL","0","0","0.5114047097480833","0.03008262998518137","0","-0.5114047097480833","-0.7279047911316838","0","0.46140470974808323","0","0","13","21"
"SHOW ME YOUR TDS","Brent Garris","2024","B","INFERRED_ADP_CARD","17","17","1","BAL","2","0.11764705882352941","0.5212395034684191","0.03066114726284818","3.8370077223457724","1.478760496531581","2.08881658985695","1","0.38790617013508577","2.577943010423775","1","2","2"
"SHOW ME YOUR TDS","Brent Garris","2024","B","INFERRED_ADP_CARD","17","17","1","BUF","0","0","0.5075894487039065","0.02985820286493568","0","-0.5075894487039065","-0.729451771464921","0","0.3409227820372399","0","0","13","22"
"SHOW ME YOUR TDS","Brent Garris","2024","B","INFERRED_ADP_CARD","17","17","1","CAR","0","0","0.2719970792259949","0.015999828189764406","0","-0.2719970792259949","-0.5288704762876218","0","0.2719970792259949","0","0","13","14"
"SHOW ME YOUR TDS","Brent Garris","2024","B","INFERRED_ADP_CARD","17","17","1","CHI","2","0.11764705882352941","0.7841456736035048","0.04612621609432382","2.5505464957921573","1.2158543263964952","1.417006299012673","2","0.5174790069368382","3.86489108386983","0","2","5"
"SHOW ME YOUR TDS","Brent Garris","2024","B","INFERRED_ADP_CARD","17","17","1","CIN","0","0","0.5655713764147499","0.033268904494985284","0","-0.5655713764147499","-0.7728296474977726","0","0.4655713764147499","0","0","13","26"
"SHOW ME YOUR TDS","Brent Garris","2024","B","INFERRED_ADP_CARD","17","17","1","CLE","0","0","0.7523274917853232","0.04425455834031313","0","-0.7523274917853232","-0.8921798472872302","0","0.6689941584519898","0","0","13","31"
"SHOW ME YOUR TDS","Brent Garris","2024","B","INFERRED_ADP_CARD","17","17","1","DAL","0","0","0.7329956188389924","0.04311738934347015","0","-0.7329956188389924","-0.8760185315866523","0","0.599662285505659","0","0","13","30"
"SHOW ME YOUR TDS","Brent Garris","2024","B","INFERRED_ADP_CARD","17","17","1","DEN","0","0","0.5803304125593283","0.034137083091725196","0","-0.5803304125593283","-0.7814162458960113","0","0.3969970792259949","0","0","13","27"
"SHOW ME YOUR TDS","Brent Garris","2024","B","INFERRED_ADP_CARD","17","17","1","DET","1","0.058823529411764705","0.9329956188389923","0.054882095225823074","1.0718163942124264","0.06700438116100771","0.07160849680313931","1","0.6663289521723257","1.5007602427297508","0","5","12"
"SHOW ME YOUR TDS","Brent Garris","2024","B","INFERRED_ADP_CARD","17","17","1","GB","0","0","0.4655713764147499","0.027386551553808817","0","-0.4655713764147499","-0.69748308181108","0","0.4655713764147499","0","0","13","18"
"SHOW ME YOUR TDS","Brent Garris","2024","B","INFERRED_ADP_CARD","17","17","1","HOU","1","0.058823529411764705","0.6883123402701715","0.04048896119236303","1.4528288125816355","0.3116876597298285","0.38622494888189396","0","0.5883123402701715","0","1","5","11"
"SHOW ME YOUR TDS","Brent Garris","2024","B","INFERRED_ADP_CARD","17","17","1","IND","0","0","0.4129061701350858","0.02428859824324034","0","-0.4129061701350858","-0.6557420620361185","0","0.3295728368017525","0","0","13","17"
"SHOW ME YOUR TDS","Brent Garris","2024","B","INFERRED_ADP_CARD","17","17","1","JAX","1","0.058823529411764705","0.6189804673238408","0.036410615724931816","1.6155598646327167","0.3810195326761592","0.49749357421465185","1","0.4523138006571742","2.2108544964736505","0","5","10"
"SHOW ME YOUR TDS","Brent Garris","2024","B","INFERRED_ADP_CARD","17","17","1","KC","1","0.058823529411764705","0.6023138006571741","0.03543022356806907","1.660264132930239","0.3976861993428259","0.5248778635056907","1","0.3856471339905075","2.5930440339396235","0","5","9"
"SHOW ME YOUR TDS","Brent Garris","2024","B","INFERRED_ADP_CARD","17","17","1","LV","0","0","0.5174790069368382","0.030439941584519896","0","-0.5174790069368382","-0.7366576321124536","0","0.5174790069368382","0","0","13","23"
"SHOW ME YOUR TDS","Brent Garris","2024","B","INFERRED_ADP_CARD","17","17","1","LAC","1","0.058823529411764705","0.3284227820372399","0.019318987178661172","3.04485576121394","0.6715772179627602","1.1902022011204543","1","0.2784227820372399","3.591660110149488","0","5","6"
"SHOW ME YOUR TDS","Brent Garris","2024","B","INFERRED_ADP_CARD","17","17","1","LAR","0","0","0.39890470974808323","0.023464982926357836","0","-0.39890470974808323","-0.6424269628798248","0","0.39890470974808323","0","0","13","16"
"SHOW ME YOUR TDS","Brent Garris","2024","B","INFERRED_ADP_CARD","17","17","1","MIA","2","0.11764705882352941","0.5553304125593282","0.032666494856431076","3.601459518096052","1.4446695874406719","1.9858592097899492","2","0.33866374589266157","5.9055627425614485","0","2","3"
"SHOW ME YOUR TDS","Brent Garris","2024","B","INFERRED_ADP_CARD","17","17","1","MIN","1","0.058823529411764705","0.3947380430814166","0.02321988488714215","2.5333256257587142","0.6052619569185834","0.9797251568548683","1","0.3947380430814166","2.5333256257587142","0","5","8"
"SHOW ME YOUR TDS","Brent Garris","2024","B","INFERRED_ADP_CARD","17","17","1","NE","0","0","0.21401515151515152","0.012589126559714794","0","-0.21401515151515152","-0.46985751612656806","0","0.21401515151515152","0","0","13","13"
"SHOW ME YOUR TDS","Brent Garris","2024","B","INFERRED_ADP_CARD","17","17","1","NO","0","0","0.48033041255932823","0.028254730150548718","0","-0.48033041255932823","-0.7070175102098375","0","0.3969970792259949","0","0","13","20"
"SHOW ME YOUR TDS","Brent Garris","2024","B","INFERRED_ADP_CARD","17","17","1","NYG","0","0","0.2719970792259949","0.015999828189764406","0","-0.2719970792259949","-0.5288704762876218","0","0.2719970792259949","0","0","13","15"
"SHOW ME YOUR TDS","Brent Garris","2024","B","INFERRED_ADP_CARD","17","17","1","NYJ","0","0","0.7969970792259948","0.04688218113094087","0","-0.7969970792259948","-0.9209610464434234","0","0.5303304125593282","0","0","13","32"
"SHOW ME YOUR TDS","Brent Garris","2024","B","INFERRED_ADP_CARD","17","17","1","PHI","3","0.17647058823529413","0.5833880978459293","0.034316946932113485","5.142374366355841","2.4166119021540706","3.241609939648798","2","0.45005476451259585","4.44390362618642","1","1","1"
"SHOW ME YOUR TDS","Brent Garris","2024","B","INFERRED_ADP_CARD","17","17","1","PIT","0","0","0.6394213216502374","0.0376130189206022","0","-0.6394213216502374","-0.8224205003458199","0","0.47275465498357067","0","0","13","28"
"SHOW ME YOUR TDS","Brent Garris","2024","B","INFERRED_ADP_CARD","17","17","1","SEA","1","0.058823529411764705","0.39247900693683824","0.02308700040804931","2.547906976744186","0.6075209930631618","0.9903954855155273","1","0.39247900693683824","2.547906976744186","0","5","7"
"SHOW ME YOUR TDS","Brent Garris","2024","B","INFERRED_ADP_CARD","17","17","1","SF","0","0","0.6636637458926616","0.03903904387603892","0","-0.6636637458926616","-0.8338276585849608","0","0.5303304125593282","0","0","13","29"
"SHOW ME YOUR TDS","Brent Garris","2024","B","INFERRED_ADP_CARD","17","17","1","TB","1","0.058823529411764705","0.2587395034684191","0.015219970792259948","3.86489108386983","0.7412604965315809","1.474476497285245","1","0.2587395034684191","3.86489108386983","0","5","4"
"SHOW ME YOUR TDS","Brent Garris","2024","B","INFERRED_ADP_CARD","17","17","1","TEN","0","0","0.46823658269441404","0.027543328393789063","0","-0.46823658269441404","-0.7008985535571164","0","0.46823658269441404","0","0","13","19"
"SHOW ME YOUR TDS","Brent Garris","2024","B","INFERRED_ADP_CARD","17","17","1","WAS","0","0","0.5568455640744798","0.03275562141614587","0","-0.5568455640744798","-0.7672873584266946","0","0.5568455640744798","0","0","13","25"
"SHOW ME YOUR TDS","Brent Garris","2025","B","INFERRED_ADP_CARD","17","17","1","ARI","0","0","0.6767804359948812","0.039810613882051836","0","-0.6767804359948812","-0.8432404813771892","0","0.581542340756786","0","0","13","26"
"SHOW ME YOUR TDS","Brent Garris","2025","B","INFERRED_ADP_CARD","17","17","1","ATL","1","0.058823529411764705","0.36831127733026464","0.02166536925472145","2.7150947080648313","0.6316887226697354","1.057493546791915","1","0.36831127733026464","2.7150947080648313","0","5","6"
"SHOW ME YOUR TDS","Brent Garris","2025","B","INFERRED_ADP_CARD","17","17","1","BAL","1","0.058823529411764705","0.49060564962463693","0.02885915586027276","2.0382969514621396","0.5093943503753631","0.7471333814375718","1","0.30012945914844646","3.331895518811407","0","5","9"
"SHOW ME YOUR TDS","Brent Garris","2025","B","INFERRED_ADP_CARD","17","17","1","BUF","2","0.11764705882352941","0.6241257243211823","0.03671327790124602","3.2044825618672577","1.3758742756788176","1.787138356152066","1","0.4177765179719759","2.3936242392328024","1","2","4"
"SHOW ME YOUR TDS","Brent Garris","2025","B","INFERRED_ADP_CARD","17","17","1","CAR","0","0","0.1869965477560414","0.010999796926825966","0","-0.1869965477560414","-0.43682144657243793","0","0.1869965477560414","0","0","13","13"
"SHOW ME YOUR TDS","Brent Garris","2025","B","INFERRED_ADP_CARD","17","17","1","CHI","0","0","0.43081127733026464","0.025341839842956744","0","-0.43081127733026464","-0.6699914978575244","0","0.43081127733026464","0","0","13","19"
"SHOW ME YOUR TDS","Brent Garris","2025","B","INFERRED_ADP_CARD","17","17","1","CIN","0","0","0.5415138917093496","0.03185375833584409","0","-0.5415138917093496","-0.7509323083630983","0","0.4859583361537941","0","0","13","24"
"SHOW ME YOUR TDS","Brent Garris","2025","B","INFERRED_ADP_CARD","17","17","1","CLE","0","0","0.34708589995261624","0.020416817644271543","0","-0.34708589995261624","-0.5983454277639153","0","0.34708589995261624","0","0","13","17"
"SHOW ME YOUR TDS","Brent Garris","2025","B","INFERRED_ADP_CARD","17","17","1","DAL","1","0.058823529411764705","0.6007459178531405","0.035337995167831794","1.6645972453273699","0.39925408214685953","0.5291402993725249","1","0.48963480674202936","2.042338465792248","0","5","10"
"SHOW ME YOUR TDS","Brent Garris","2025","B","INFERRED_ADP_CARD","17","17","1","DEN","0","0","0.8831296423440875","0.05194880249082868","0","-0.8831296423440875","-0.9725551716298376","0","0.581542340756786","0","0","13","32"
"SHOW ME YOUR TDS","Brent Garris","2025","B","INFERRED_ADP_CARD","17","17","1","DET","1","0.058823529411764705","0.9513114605259059","0.05595949767799446","1.0511804403651124","0.04868853947409413","0.051642706915582426","1","0.6497241589386042","1.5391146938934974","0","5","12"
"SHOW ME YOUR TDS","Brent Garris","2025","B","INFERRED_ADP_CARD","17","17","1","GB","1","0.058823529411764705","0.47173999058771954","0.027749411211042324","2.1198118030106907","0.5282600094122805","0.782364871351209","1","0.3765018953496243","2.6560291258863056","0","5","8"
"SHOW ME YOUR TDS","Brent Garris","2025","B","INFERRED_ADP_CARD","17","17","1","HOU","0","0","0.7376719003673583","0.04339246472749166","0","-0.7376719003673583","-0.8851300344455723","0","0.49164015433561226","0","0","13","29"
"SHOW ME YOUR TDS","Brent Garris","2025","B","INFERRED_ADP_CARD","17","17","1","IND","0","0","0.2884199134199134","0.016965877259994905","0","-0.2884199134199134","-0.5496979659552174","0","0.19318181818181818","0","0","13","15"
"SHOW ME YOUR TDS","Brent Garris","2025","B","INFERRED_ADP_CARD","17","17","1","JAX","0","0","0.46514145550817176","0.027361262088715987","0","-0.46514145550817176","-0.6937741422640915","0","0.40958589995261624","0","0","13","21"
"SHOW ME YOUR TDS","Brent Garris","2025","B","INFERRED_ADP_CARD","17","17","1","KC","2","0.11764705882352941","0.5970694472649052","0.035121732192053244","3.3496940919715974","1.4029305527350948","1.8642654713153015","2","0.4859583361537941","4.115579158142167","0","2","3"
"SHOW ME YOUR TDS","Brent Garris","2025","B","INFERRED_ADP_CARD","17","17","1","LV","0","0","0.4214529885602112","0.02479135226824772","0","-0.4214529885602112","-0.6612318687769045","0","0.4214529885602112","0","0","13","18"
"SHOW ME YOUR TDS","Brent Garris","2025","B","INFERRED_ADP_CARD","17","17","1","LAC","0","0","0.4929569065831165","0.0289974650931245","0","-0.4929569065831165","-0.7165118885783619","0","0.3977188113450213","0","0","13","22"
"SHOW ME YOUR TDS","Brent Garris","2025","B","INFERRED_ADP_CARD","17","17","1","LAR","1","0.058823529411764705","0.3140018953496243","0.01847069972644849","3.1846941525195365","0.6859981046503757","1.242844561400135","1","0.3140018953496243","3.1846941525195365","0","5","5"
"SHOW ME YOUR TDS","Brent Garris","2025","B","INFERRED_ADP_CARD","17","17","1","MIA","3","0.17647058823529413","0.4201903622975849","0.02471708013515205","7.139621155507029","2.5798096377024153","4.049597296646471","2","0.36463480674202936","5.4849398988258224","1","1","1"
"SHOW ME YOUR TDS","Brent Garris","2025","B","INFERRED_ADP_CARD","17","17","1","MIN","0","0","0.8671075449742612","0.05100632617495654","0","-0.8671075449742612","-0.9609137879077598","0","0.6766313544980708","0","0","13","31"
"SHOW ME YOUR TDS","Brent Garris","2025","B","INFERRED_ADP_CARD","17","17","1","NE","1","0.058823529411764705","0.40958589995261624","0.024093288232506838","2.4414902957247477","0.5904141000473837","0.9370056713204435","1","0.40958589995261624","2.4414902957247477","0","5","7"
"SHOW ME YOUR TDS","Brent Garris","2025","B","INFERRED_ADP_CARD","17","17","1","NO","0","0","0.1869965477560414","0.010999796926825966","0","-0.1869965477560414","-0.43682144657243793","0","0.1869965477560414","0","0","13","14"
"SHOW ME YOUR TDS","Brent Garris","2025","B","INFERRED_ADP_CARD","17","17","1","NYG","0","0","0.4341333771713518","0.025537257480667753","0","-0.4341333771713518","-0.6728976824565035","0","0.3388952819332566","0","0","13","20"
"SHOW ME YOUR TDS","Brent Garris","2025","B","INFERRED_ADP_CARD","17","17","1","NYJ","0","0","0.5011475246024761","0.029479266153086832","0","-0.5011475246024761","-0.7227237111210728","0","0.40590942936438096","0","0","13","23"
"SHOW ME YOUR TDS","Brent Garris","2025","B","INFERRED_ADP_CARD","17","17","1","PHI","0","0","0.7135329198806489","0.0419725246988617","0","-0.7135329198806489","-0.8690823139727449","0","0.5071837135314425","0","0","13","27"
"SHOW ME YOUR TDS","Brent Garris","2025","B","INFERRED_ADP_CARD","17","17","1","PIT","2","0.11764705882352941","0.4006361079145889","0.02356682987732876","4.992061275780907","1.5993638920854112","2.583675022436932","1","0.34508055235903334","2.897874114214256","1","2","2"
"SHOW ME YOUR TDS","Brent Garris","2025","B","INFERRED_ADP_CARD","17","17","1","SEA","0","0","0.7339169269549016","0.043171583938523626","0","-0.7339169269549016","-0.8860063227949697","0","0.5434407364787112","0","0","13","30"
"SHOW ME YOUR TDS","Brent Garris","2025","B","INFERRED_ADP_CARD","17","17","1","SF","1","0.058823529411764705","0.7681929791479307","0.04518782230281945","1.3017562346237355","0.23180702085206928","0.27137537572724063","1","0.6729548839098355","1.485983717348254","0","5","11"
"SHOW ME YOUR TDS","Brent Garris","2025","B","INFERRED_ADP_CARD","17","17","1","TB","0","0","0.6190539986612213","0.0364149410977189","0","-0.6190539986612213","-0.8057001535767164","0","0.5634984431056658","0","0","13","25"
"SHOW ME YOUR TDS","Brent Garris","2025","B","INFERRED_ADP_CARD","17","17","1","TEN","0","0","0.3377276111825628","0.019866330069562517","0","-0.3377276111825628","-0.593085267219448","0","0.3377276111825628","0","0","13","16"
"SHOW ME YOUR TDS","Brent Garris","2025","B","INFERRED_ADP_CARD","17","17","1","WAS","0","0","0.7179059771204224","0.04222976336002485","0","-0.7179059771204224","-0.8702551693961987","0","0.7179059771204224","0","0","13","28"
"AMERICAS TEAM","Alejandro Tovar","2021","B","INFERRED_ADP_CARD","17","17","1","ARI","0","0","0.282032279314888","0.016590134077346354","0","-0.282032279314888","-0.5449790152705651","0","0.1911231884057971","0","0","13","15"
"AMERICAS TEAM","Alejandro Tovar","2021","B","INFERRED_ADP_CARD","17","17","1","ATL","0","0","0.4667589554279463","0.02745640914282037","0","-0.4667589554279463","-0.7017971834981706","0","0.4667589554279463","0","0","13","22"
"AMERICAS TEAM","Alejandro Tovar","2021","B","INFERRED_ADP_CARD","17","17","1","BAL","0","0","1.1185915815902647","0.06579950479942734","0","-1.1185915815902647","-1.1050052375265136","0","0.8943491573478405","0","0","13","30"
"AMERICAS TEAM","Alejandro Tovar","2021","B","INFERRED_ADP_CARD","17","17","1","BUF","2","0.11764705882352941","0.6332115245979069","0.03724773674105335","3.1585022102527462","1.3667884754020931","1.7970206751331452","2","0.2756357670221493","7.2559523809523805","0","2","5"
"AMERICAS TEAM","Alejandro Tovar","2021","B","INFERRED_ADP_CARD","17","17","1","CAR","0","0","0.2830188679245283","0.01664816870144284","0","-0.2830188679245283","-0.5477225575051661","0","0.2830188679245283","0","0","13","16"
"AMERICAS TEAM","Alejandro Tovar","2021","B","INFERRED_ADP_CARD","17","17","1","CHI","0","0","0.4839691003554826","0.028468770609146033","0","-0.4839691003554826","-0.7101943416831273","0","0.4839691003554826","0","0","13","23"
"AMERICAS TEAM","Alejandro Tovar","2021","B","INFERRED_ADP_CARD","17","17","1","CIN","1","0.058823529411764705","0.585691823899371","0.034452460229374766","1.7073825503355706","0.414308176100629","0.5594003893184669","1","0.585691823899371","1.7073825503355706","0","5","11"
"AMERICAS TEAM","Alejandro Tovar","2021","B","INFERRED_ADP_CARD","17","17","1","CLE","0","0","1.1453143051341532","0.06737142971377372","0","-1.1453143051341532","-1.114204264228098","0","0.7877385475583956","0","0","13","31"
"AMERICAS TEAM","Alejandro Tovar","2021","B","INFERRED_ADP_CARD","17","17","1","DAL","1","0.058823529411764705","0.48792166952544314","0.028701274677967244","2.0495093013036474","0.5120783304745569","0.7518730023421067","0","0.3970125786163522","0","1","5","9"
"AMERICAS TEAM","Alejandro Tovar","2021","B","INFERRED_ADP_CARD","17","17","1","DEN","1","0.058823529411764705","0.633275029340074","0.037251472314122","1.5790927380195054","0.36672497065992604","0.4774308431171812","1","0.40903260509764977","2.4447928784583484","0","5","12"
"AMERICAS TEAM","Alejandro Tovar","2021","B","INFERRED_ADP_CARD","17","17","1","DET","0","0","0.6271929824561403","0.0368937048503612","0","-0.6271929824561403","-0.8305115197415276","0","0.6271929824561403","0","0","13","25"
"AMERICAS TEAM","Alejandro Tovar","2021","B","INFERRED_ADP_CARD","17","17","1","GB","0","0","0.9284549817941078","0.05461499892906516","0","-0.9284549817941078","-0.9976959199016447","0","0.7951216484607745","0","0","13","29"
"AMERICAS TEAM","Alejandro Tovar","2021","B","INFERRED_ADP_CARD","17","17","1","HOU","0","0","0.30267295597484273","0.017804291527931924","0","-0.30267295597484273","-0.5599178230507469","0","0.30267295597484273","0","0","13","17"
"AMERICAS TEAM","Alejandro Tovar","2021","B","INFERRED_ADP_CARD","17","17","1","IND","1","0.058823529411764705","0.13333333333333333","0.00784313725490196","7.5","0.8666666666666667","2.456769074559977","1","0","","0","5","3"
"AMERICAS TEAM","Alejandro Tovar","2021","B","INFERRED_ADP_CARD","17","17","1","JAX","1","0.058823529411764705","0.4068396226415094","0.023931742508324083","2.457971014492754","0.5931603773584906","0.9553091912998738","1","0.4068396226415094","2.457971014492754","0","5","8"
"AMERICAS TEAM","Alejandro Tovar","2021","B","INFERRED_ADP_CARD","17","17","1","KC","0","0","0.6183989249168861","0.03637640734805212","0","-0.6183989249168861","-0.8044741309719664","0","0.4850655915835528","0","0","13","24"
"AMERICAS TEAM","Alejandro Tovar","2021","B","INFERRED_ADP_CARD","17","17","1","LV","0","0","0.6910648844125378","0.04065087555367869","0","-0.6910648844125378","-0.8595450799968727","0","0.6001557935034468","0","0","13","26"
"AMERICAS TEAM","Alejandro Tovar","2021","B","INFERRED_ADP_CARD","17","17","1","LAC","0","0","0.28546281104730653","0.016791930061606265","0","-0.28546281104730653","-0.5416722758300275","0","0.28546281104730653","0","0","13","14"
"AMERICAS TEAM","Alejandro Tovar","2021","B","INFERRED_ADP_CARD","17","17","1","LAR","0","0","1.1390276954598444","0.06700162914469673","0","-1.1390276954598444","-1.1157699635997902","0","0.7814519378840867","0","0","13","32"
"AMERICAS TEAM","Alejandro Tovar","2021","B","INFERRED_ADP_CARD","17","17","1","MIA","2","0.11764705882352941","0.5833577833950228","0.03431516372911898","3.428427728109514","1.4166422166049772","1.9078373162612845","2","0.4924486924859318","4.061336806284922","0","2","4"
"AMERICAS TEAM","Alejandro Tovar","2021","B","INFERRED_ADP_CARD","17","17","1","MIN","0","0","0.4089691003554826","0.024057005903263682","0","-0.4089691003554826","-0.6555646184884613","0","0.2756357670221493","0","0","13","21"
"AMERICAS TEAM","Alejandro Tovar","2021","B","INFERRED_ADP_CARD","17","17","1","NE","0","0","0.7517957629923866","0.04422328017602274","0","-0.7517957629923866","-0.9099584405379951","0","0.6184624296590533","0","0","13","28"
"AMERICAS TEAM","Alejandro Tovar","2021","B","INFERRED_ADP_CARD","17","17","1","NO","0","0","0.3416666666666667","0.020098039215686276","0","-0.3416666666666667","-0.6001571110635495","0","0.20833333333333331","0","0","13","18"
"AMERICAS TEAM","Alejandro Tovar","2021","B","INFERRED_ADP_CARD","17","17","1","NYG","1","0.058823529411764705","0.289415380217267","0.01702443413042747","3.455241387825658","0.710584619782733","1.3496419689913368","1","0.1985062893081761","5.037623762376238","0","5","6"
"AMERICAS TEAM","Alejandro Tovar","2021","B","INFERRED_ADP_CARD","17","17","1","NYJ","0","0","0.1985062893081761","0.011676840547539771","0","-0.1985062893081761","-0.45004068902941224","0","0.1985062893081761","0","0","13","13"
"AMERICAS TEAM","Alejandro Tovar","2021","B","INFERRED_ADP_CARD","17","17","1","PHI","0","0","0.4005530129672006","0.023561941939247093","0","-0.4005530129672006","-0.6476121780966049","0","0.4005530129672006","0","0","13","19"
"AMERICAS TEAM","Alejandro Tovar","2021","B","INFERRED_ADP_CARD","17","17","1","PIT","2","0.11764705882352941","0.2756357670221493","0.016213868648361725","7.2559523809523805","1.7243642329778508","3.351376821445143","1","0.2756357670221493","3.6279761904761902","1","2","2"
"AMERICAS TEAM","Alejandro Tovar","2021","B","INFERRED_ADP_CARD","17","17","1","SEA","3","0.17647058823529413","0.46088448057274967","0.027110851798397038","6.5092233009708735","2.5391155194272503","3.8594828811013855","2","0.3699753896636587","5.405764966740577","1","1","1"
"AMERICAS TEAM","Alejandro Tovar","2021","B","INFERRED_ADP_CARD","17","17","1","SF","0","0","0.694431911402789","0.040848935964869944","0","-0.694431911402789","-0.8598629962838586","0","0.5610985780694557","0","0","13","27"
"AMERICAS TEAM","Alejandro Tovar","2021","B","INFERRED_ADP_CARD","17","17","1","TB","1","0.058823529411764705","0.5720221133226832","0.033648359607216655","1.7481841640550186","0.42797788667731684","0.5812916156089551","1","0.5720221133226832","1.7481841640550186","0","5","10"
"AMERICAS TEAM","Alejandro Tovar","2021","B","INFERRED_ADP_CARD","17","17","1","TEN","1","0.058823529411764705","0.3699753896636587","0.021763258215509337","2.7028824833702885","0.6300246103363413","1.0646702280588123","1","0.3699753896636587","2.7028824833702885","0","5","7"
"AMERICAS TEAM","Alejandro Tovar","2021","B","INFERRED_ADP_CARD","17","17","1","WAS","0","0","0.4005530129672006","0.023561941939247093","0","-0.4005530129672006","-0.6476121780966049","0","0.4005530129672006","0","0","13","20"
"AMERICAS TEAM","Alejandro Tovar","2022","B","INFERRED_ADP_CARD","17","17","1","ARI","1","0.058823529411764705","0.883444976076555","0.051967351533915004","1.1319324090121317","0.11655502392344497","0.12999642902999106","0","0.7501116427432217","0","1","3","11"
"AMERICAS TEAM","Alejandro Tovar","2022","B","INFERRED_ADP_CARD","17","17","1","ATL","0","0","0.4052631578947369","0.0238390092879257","0","-0.4052631578947369","-0.6499508412988378","0","0.2719298245614035","0","0","13","17"
"AMERICAS TEAM","Alejandro Tovar","2022","B","INFERRED_ADP_CARD","17","17","1","BAL","0","0","0.4844657097288676","0.028497982925227507","0","-0.4844657097288676","-0.7111652379256422","0","0.3511323763955343","0","0","13","21"
"AMERICAS TEAM","Alejandro Tovar","2022","B","INFERRED_ADP_CARD","17","17","1","BUF","0","0","1.1032748538011696","0.0648985208118335","0","-1.1032748538011696","-1.0915449139899047","0","0.747719298245614","0","0","13","32"
"AMERICAS TEAM","Alejandro Tovar","2022","B","INFERRED_ADP_CARD","17","17","1","CAR","0","0","0.16586921850079744","0.009757012852988085","0","-0.16586921850079744","-0.410708031719964","0","0.16586921850079744","0","0","13","13"
"AMERICAS TEAM","Alejandro Tovar","2022","B","INFERRED_ADP_CARD","17","17","1","CHI","1","0.058823529411764705","0.06060606060606061","0.0035650623885918006","16.5","0.9393939393939394","3.845076772265462","1","0.06060606060606061","16.5","0","3","3"
"AMERICAS TEAM","Alejandro Tovar","2022","B","INFERRED_ADP_CARD","17","17","1","CIN","1","0.058823529411764705","0.7016267942583732","0.041272164368139595","1.4252591380250956","0.29837320574162685","0.3686333623497115","0","0.5682934609250399","0","1","3","9"
"AMERICAS TEAM","Alejandro Tovar","2022","B","INFERRED_ADP_CARD","17","17","1","CLE","0","0","0.3763955342902711","0.022140913781780652","0","-0.3763955342902711","-0.6283243563973547","0","0.3763955342902711","0","0","13","16"
"AMERICAS TEAM","Alejandro Tovar","2022","B","INFERRED_ADP_CARD","17","17","1","DAL","4","0.23529411764705882","0.5834556087187666","0.034320918159927445","6.85570579873893","3.416544391281233","4.571957090632066","3","0.4723444976076555","6.351296596434359","1","1","2"
"AMERICAS TEAM","Alejandro Tovar","2022","B","INFERRED_ADP_CARD","17","17","1","DEN","0","0","0.5531525784157363","0.03253838696563155","0","-0.5531525784157363","-0.7618212357679183","0","0.44204146730462524","0","0","13","23"
"AMERICAS TEAM","Alejandro Tovar","2022","B","INFERRED_ADP_CARD","17","17","1","DET","0","0","0.317384370015949","0.01866966882446759","0","-0.317384370015949","-0.5760160533275411","0","0.317384370015949","0","0","13","15"
"AMERICAS TEAM","Alejandro Tovar","2022","B","INFERRED_ADP_CARD","17","17","1","GB","0","0","0.44709197235513026","0.026299527785595897","0","-0.44709197235513026","-0.6831876518083041","0","0.33598086124401916","0","0","13","20"
"AMERICAS TEAM","Alejandro Tovar","2022","B","INFERRED_ADP_CARD","17","17","1","HOU","0","0","0.16586921850079744","0.009757012852988085","0","-0.16586921850079744","-0.410708031719964","0","0.16586921850079744","0","0","13","14"
"AMERICAS TEAM","Alejandro Tovar","2022","B","INFERRED_ADP_CARD","17","17","1","IND","0","0","0.8147793726741095","0.04792819839259468","0","-0.8147793726741095","-0.9391014549322335","0","0.4370015948963317","0","0","13","28"
"AMERICAS TEAM","Alejandro Tovar","2022","B","INFERRED_ADP_CARD","17","17","1","JAX","0","0","0.5776076555023923","0.033976920911905434","0","-0.5776076555023923","-0.7791841764726428","0","0.5776076555023923","0","0","13","24"
"AMERICAS TEAM","Alejandro Tovar","2022","B","INFERRED_ADP_CARD","17","17","1","KC","0","0","0.8733545986177564","0.05137379991869156","0","-0.8733545986177564","-0.9651317633956302","0","0.5177990430622009","0","0","13","29"
"AMERICAS TEAM","Alejandro Tovar","2022","B","INFERRED_ADP_CARD","17","17","1","LV","1","0.058823529411764705","0.9856884635832006","0.05798167432842356","1.0145193303417326","0.014311536416799386","0.014984447931783608","1","0.6079106858054227","1.6449784867247348","0","3","12"
"AMERICAS TEAM","Alejandro Tovar","2022","B","INFERRED_ADP_CARD","17","17","1","LAC","0","0","0.6693035619351408","0.03937079776089064","0","-0.6693035619351408","-0.8488527239794398","0","0.4470813397129187","0","0","13","27"
"AMERICAS TEAM","Alejandro Tovar","2022","B","INFERRED_ADP_CARD","17","17","1","LAR","1","0.058823529411764705","0.22647527910685805","0.013322075241579885","4.415492957746479","0.773524720893142","1.6455907081594203","1","0.22647527910685805","4.415492957746479","0","3","7"
"AMERICAS TEAM","Alejandro Tovar","2022","B","INFERRED_ADP_CARD","17","17","1","MIA","1","0.058823529411764705","0.8270919723551302","0.048652468962066486","1.2090553812927445","0.1729080276448698","0.1957916120937429","1","0.5826475279106859","1.7163035147268146","0","3","10"
"AMERICAS TEAM","Alejandro Tovar","2022","B","INFERRED_ADP_CARD","17","17","1","MIN","0","0","0.6727698032961191","0.03957469431153642","0","-0.6727698032961191","-0.8456453392836154","0","0.561658692185008","0","0","13","26"
"AMERICAS TEAM","Alejandro Tovar","2022","B","INFERRED_ADP_CARD","17","17","1","NE","0","0","0.6091228070175438","0.03583075335397317","0","-0.6091228070175438","-0.8062278079941378","0","0.47578947368421054","0","0","13","25"
"AMERICAS TEAM","Alejandro Tovar","2022","B","INFERRED_ADP_CARD","17","17","1","NO","1","0.058823529411764705","0.6339606592238172","0.03729180348375395","1.577384945659466","0.36603934077618283","0.4745324114845127","1","0.4117384370015949","2.4287263712426403","0","3","8"
"AMERICAS TEAM","Alejandro Tovar","2022","B","INFERRED_ADP_CARD","17","17","1","NYG","1","0.058823529411764705","0.12121212121212122","0.007130124777183601","8.25","0.8787878787878788","2.5632620818012346","1","0.12121212121212122","8.25","0","3","4"
"AMERICAS TEAM","Alejandro Tovar","2022","B","INFERRED_ADP_CARD","17","17","1","NYJ","0","0","0.5422647527910686","0.03189792663476874","0","-0.5422647527910686","-0.7600351360004528","0","0.5422647527910686","0","0","13","22"
"AMERICAS TEAM","Alejandro Tovar","2022","B","INFERRED_ADP_CARD","17","17","1","PHI","0","0","0.41253588516746414","0.024266816774556714","0","-0.41253588516746414","-0.6546056587789495","0","0.41253588516746414","0","0","13","18"
"AMERICAS TEAM","Alejandro Tovar","2022","B","INFERRED_ADP_CARD","17","17","1","PIT","3","0.17647058823529413","0.2113237639553429","0.012430809644431936","14.196226415094339","2.7886762360446573","6.136854042599209","2","0.2113237639553429","9.464150943396225","1","2","1"
"AMERICAS TEAM","Alejandro Tovar","2022","B","INFERRED_ADP_CARD","17","17","1","SEA","0","0","0.43779904306220097","0.025752884886011823","0","-0.43779904306220097","-0.6754729944322166","0","0.43779904306220097","0","0","13","19"
"AMERICAS TEAM","Alejandro Tovar","2022","B","INFERRED_ADP_CARD","17","17","1","SF","0","0","0.9339606592238171","0.054938862307283357","0","-0.9339606592238171","-0.9995689295211828","0","0.5784051036682616","0","0","13","31"
"AMERICAS TEAM","Alejandro Tovar","2022","B","INFERRED_ADP_CARD","17","17","1","TB","0","0","0.896374269005848","0.05272789817681459","0","-0.896374269005848","-0.9858947776942881","0","0.5185964912280702","0","0","13","30"
"AMERICAS TEAM","Alejandro Tovar","2022","B","INFERRED_ADP_CARD","17","17","1","TEN","1","0.058823529411764705","0.14060606060606062","0.008270944741532978","7.11206896551724","0.8593939393939394","2.326191104309624","1","0.14060606060606062","7.11206896551724","0","3","5"
"AMERICAS TEAM","Alejandro Tovar","2022","B","INFERRED_ADP_CARD","17","17","1","WAS","1","0.058823529411764705","0.16586921850079744","0.009757012852988085","6.028846153846154","0.8341307814992025","2.065387505668665","1","0.16586921850079744","6.028846153846154","0","3","6"
"AMERICAS TEAM","Alejandro Tovar","2023","B","INFERRED_ADP_CARD","17","17","1","ARI","1","0.058823529411764705","0.4360218728639781","0.025648345462586947","2.2934629252233893","0.5639781271360219","0.8720245898822324","1","0.4360218728639781","2.2934629252233893","0","6","8"
"AMERICAS TEAM","Alejandro Tovar","2023","B","INFERRED_ADP_CARD","17","17","1","ATL","2","0.11764705882352941","0.3645933014354067","0.02144666479031804","5.485564304461942","1.6354066985645934","2.76670480436365","1","0.3645933014354067","2.742782152230971","1","1","1"
"AMERICAS TEAM","Alejandro Tovar","2023","B","INFERRED_ADP_CARD","17","17","1","BAL","0","0","0.7148268398268399","0.042048637636872936","0","-0.7148268398268399","-0.8747194509350464","0","0.5064935064935066","0","0","13","28"
"AMERICAS TEAM","Alejandro Tovar","2023","B","INFERRED_ADP_CARD","17","17","1","BUF","1","0.058823529411764705","0.6491171109592162","0.03818335946818919","1.540554058915926","0.3508828890407838","0.44719984726909734","1","0.44078377762588283","2.2686860332885352","0","6","12"
"AMERICAS TEAM","Alejandro Tovar","2023","B","INFERRED_ADP_CARD","17","17","1","CAR","0","0","0.16108452950558214","0.00947556055915189","0","-0.16108452950558214","-0.40464308423271084","0","0.16108452950558214","0","0","13","13"
"AMERICAS TEAM","Alejandro Tovar","2023","B","INFERRED_ADP_CARD","17","17","1","CHI","2","0.11764705882352941","0.3706083390293916","0.021800490531140682","5.396532644780525","1.6293916609706085","2.7325040244460763","2","0.3706083390293916","5.396532644780525","0","1","2"
"AMERICAS TEAM","Alejandro Tovar","2023","B","INFERRED_ADP_CARD","17","17","1","CIN","0","0","0.6948507632718158","0.04087357431010681","0","-0.6948507632718158","-0.8556468316930043","0","0.5281840966051492","0","0","13","25"
"AMERICAS TEAM","Alejandro Tovar","2023","B","INFERRED_ADP_CARD","17","17","1","CLE","0","0","0.5241171109592162","0.0308304182917186","0","-0.5241171109592162","-0.7423692856116482","0","0.44078377762588283","0","0","13","23"
"AMERICAS TEAM","Alejandro Tovar","2023","B","INFERRED_ADP_CARD","17","17","1","DAL","2","0.11764705882352941","0.5928400546821598","0.03487294439306823","3.373591214366011","1.40715994531784","1.8654505385415767","2","0.5511733880154932","3.6286222148733005","0","1","4"
"AMERICAS TEAM","Alejandro Tovar","2023","B","INFERRED_ADP_CARD","17","17","1","DEN","1","0.058823529411764705","0.5928400546821598","0.03487294439306823","1.6867956071830055","0.40715994531784017","0.5397657471654118","1","0.5511733880154932","1.8143111074366502","0","6","11"
"AMERICAS TEAM","Alejandro Tovar","2023","B","INFERRED_ADP_CARD","17","17","1","DET","1","0.058823529411764705","0.5304397357028936","0.03120233739428786","1.8852282977535328","0.4695602642971064","0.6581119936327716","1","0.5304397357028936","1.8852282977535328","0","6","10"
"AMERICAS TEAM","Alejandro Tovar","2023","B","INFERRED_ADP_CARD","17","17","1","GB","0","0","0.3847687400318979","0.022633455295993997","0","-0.3847687400318979","-0.6365541991588154","0","0.3014354066985646","0","0","13","17"
"AMERICAS TEAM","Alejandro Tovar","2023","B","INFERRED_ADP_CARD","17","17","1","HOU","0","0","0.20350877192982456","0.01197110423116615","0","-0.20350877192982456","-0.4627725041842686","0","0.20350877192982456","0","0","13","14"
"AMERICAS TEAM","Alejandro Tovar","2023","B","INFERRED_ADP_CARD","17","17","1","IND","1","0.058823529411764705","0.3234221918432445","0.0190248348143085","3.091933779499824","0.6765778081567555","1.20715427822059","1","0.3234221918432445","3.091933779499824","0","6","6"
"AMERICAS TEAM","Alejandro Tovar","2023","B","INFERRED_ADP_CARD","17","17","1","JAX","0","0","0.776930963773069","0.045701821398415825","0","-0.776930963773069","-0.9132109168812954","0","0.526930963773069","0","0","13","31"
"AMERICAS TEAM","Alejandro Tovar","2023","B","INFERRED_ADP_CARD","17","17","1","KC","0","0","0.7145306447938027","0.042031214399635454","0","-0.7145306447938027","-0.869135184549798","0","0.5061973114604693","0","0","13","26"
"AMERICAS TEAM","Alejandro Tovar","2023","B","INFERRED_ADP_CARD","17","17","1","LV","2","0.11764705882352941","0.5347687400318979","0.0314569847077587","3.7399343871160156","1.465231259968102","2.0506484724480583","1","0.36810207336523126","2.716637781629116","1","1","3"
"AMERICAS TEAM","Alejandro Tovar","2023","B","INFERRED_ADP_CARD","17","17","1","LAC","0","0","0.3948507632718159","0.023226515486577406","0","-0.3948507632718159","-0.6423047747325557","0","0.3948507632718159","0","0","13","18"
"AMERICAS TEAM","Alejandro Tovar","2023","B","INFERRED_ADP_CARD","17","17","1","LAR","0","0","0.526930963773069","0.03099593904547465","0","-0.526930963773069","-0.7414529533362794","0","0.526930963773069","0","0","13","22"
"AMERICAS TEAM","Alejandro Tovar","2023","B","INFERRED_ADP_CARD","17","17","1","MIA","0","0","0.7837491455912509","0.046102890917132405","0","-0.7837491455912509","-0.911411376414088","0","0.5754158122579175","0","0","13","29"
"AMERICAS TEAM","Alejandro Tovar","2023","B","INFERRED_ADP_CARD","17","17","1","MIN","0","0","0.7102642971064024","0.041780252770964844","0","-0.7102642971064024","-0.8717643989234025","0","0.4602642971064024","0","0","13","27"
"AMERICAS TEAM","Alejandro Tovar","2023","B","INFERRED_ADP_CARD","17","17","1","NE","0","0","0.2868421052631579","0.016873065015479877","0","-0.2868421052631579","-0.5522553587744379","0","0.20350877192982456","0","0","13","15"
"AMERICAS TEAM","Alejandro Tovar","2023","B","INFERRED_ADP_CARD","17","17","1","NO","2","0.11764705882352941","0.6053770790612896","0.03561041641536997","3.303726006774558","1.3946229209387104","1.8472799216402116","1","0.6053770790612896","1.651863003387279","1","1","5"
"AMERICAS TEAM","Alejandro Tovar","2023","B","INFERRED_ADP_CARD","17","17","1","NYG","0","0","0.6145933014354067","0.03615254714325922","0","-0.6145933014354067","-0.815371253314235","0","0.3645933014354067","0","0","13","24"
"AMERICAS TEAM","Alejandro Tovar","2023","B","INFERRED_ADP_CARD","17","17","1","NYJ","0","0","0.7837491455912509","0.046102890917132405","0","-0.7837491455912509","-0.911411376414088","0","0.5754158122579175","0","0","13","30"
"AMERICAS TEAM","Alejandro Tovar","2023","B","INFERRED_ADP_CARD","17","17","1","PHI","0","0","0.4645933014354067","0.027329017731494515","0","-0.4645933014354067","-0.6952680290532479","0","0.29792663476874004","0","0","13","20"
"AMERICAS TEAM","Alejandro Tovar","2023","B","INFERRED_ADP_CARD","17","17","1","PIT","1","0.058823529411764705","0.522863978127136","0.030756704595713884","1.912543303483888","0.47713602187286397","0.6756589091376021","1","0.43953064479380266","2.27515421699238","0","6","9"
"AMERICAS TEAM","Alejandro Tovar","2023","B","INFERRED_ADP_CARD","17","17","1","SEA","0","0","1.0786625655046707","0.06345073914733357","0","-1.0786625655046707","-1.0881174285309587","0","0.8286625655046707","0","0","13","32"
"AMERICAS TEAM","Alejandro Tovar","2023","B","INFERRED_ADP_CARD","17","17","1","SF","0","0","0.471969696969697","0.027762923351158646","0","-0.471969696969697","-0.7067404219230974","0","0.4303030303030303","0","0","13","21"
"AMERICAS TEAM","Alejandro Tovar","2023","B","INFERRED_ADP_CARD","17","17","1","TB","0","0","0.43381180223285487","0.025518341307814992","0","-0.43381180223285487","-0.6770527719618425","0","0.43381180223285487","0","0","13","19"
"AMERICAS TEAM","Alejandro Tovar","2023","B","INFERRED_ADP_CARD","17","17","1","TEN","1","0.058823529411764705","0.3888357256778309","0.02287268974575476","2.571780147662018","0.611164274322169","0.9964615151570873","1","0.3888357256778309","2.571780147662018","0","6","7"
"AMERICAS TEAM","Alejandro Tovar","2023","B","INFERRED_ADP_CARD","17","17","1","WAS","0","0","0.36363636363636365","0.021390374331550804","0","-0.36363636363636365","-0.6221710168382552","0","0.36363636363636365","0","0","13","16"
"AMERICAS TEAM","Alejandro Tovar","2024","B","INFERRED_ADP_CARD","17","17","1","ARI","0","0","0.4990367062656219","0.029355100368565996","0","-0.4990367062656219","-0.7218850256648394","0","0.4990367062656219","0","0","14","21"
"AMERICAS TEAM","Alejandro Tovar","2024","B","INFERRED_ADP_CARD","17","17","1","ATL","1","0.058823529411764705","0.45206700929592497","0.02659217701740735","2.2120614409741095","0.5479329907040751","0.8280724069406707","1","0.402067009295925","2.487147606940292","0","3","8"
"AMERICAS TEAM","Alejandro Tovar","2024","B","INFERRED_ADP_CARD","17","17","1","BAL","0","0","0.6233956806245963","0.036670334154388015","0","-0.6233956806245963","-0.8115084866194844","0","0.40672901395792965","0","0","14","24"
"AMERICAS TEAM","Alejandro Tovar","2024","B","INFERRED_ADP_CARD","17","17","1","BUF","1","0.058823529411764705","0.41618501979947764","0.02448147175291045","2.402777496609106","0.5838149802005224","0.9265623807541183","1","0.24951835313281095","4.0077212254912995","0","3","6"
"AMERICAS TEAM","Alejandro Tovar","2024","B","INFERRED_ADP_CARD","17","17","1","CAR","0","0","0.305097312326228","0.017946900725072237","0","-0.305097312326228","-0.5602940739577376","0","0.305097312326228","0","0","14","16"
"AMERICAS TEAM","Alejandro Tovar","2024","B","INFERRED_ADP_CARD","17","17","1","CHI","0","0","0.8797595978318868","0.051750564578346286","0","-0.8797595978318868","-0.9679090414999176","0","0.6130929311652202","0","0","14","31"
"AMERICAS TEAM","Alejandro Tovar","2024","B","INFERRED_ADP_CARD","17","17","1","CIN","1","0.058823529411764705","0.5486716095149831","0.032274800559704886","1.8225838236536132","0.45132839048501694","0.6228507783728768","0","0.498671609514983","0","1","3","11"
"AMERICAS TEAM","Alejandro Tovar","2024","B","INFERRED_ADP_CARD","17","17","1","CLE","0","0","0.75413401859185","0.04436082462305","0","-0.75413401859185","-0.893324284788115","0","0.6708006852585167","0","0","14","27"
"AMERICAS TEAM","Alejandro Tovar","2024","B","INFERRED_ADP_CARD","17","17","1","DAL","4","0.23529411764705882","0.45206700929592497","0.02659217701740735","8.848245763896438","3.547932990704075","5.36186990219621","3","0.402067009295925","7.461442820820876","1","1","1"
"AMERICAS TEAM","Alejandro Tovar","2024","B","INFERRED_ADP_CARD","17","17","1","DEN","0","0","0.549036706265622","0.03229627683915423","0","-0.549036706265622","-0.7589668417999083","0","0.3657033729322886","0","0","14","23"
"AMERICAS TEAM","Alejandro Tovar","2024","B","INFERRED_ADP_CARD","17","17","1","DET","0","0","1.0105597214030948","0.05944468949429969","0","-1.0105597214030948","-1.0396315406040058","0","0.7438930547364282","0","0","14","32"
"AMERICAS TEAM","Alejandro Tovar","2024","B","INFERRED_ADP_CARD","17","17","1","GB","2","0.11764705882352941","0.37176397899289465","0.021868469352523214","5.379757354163204","1.6282360210071054","2.710122736090554","2","0.37176397899289465","5.379757354163204","0","2","2"
"AMERICAS TEAM","Alejandro Tovar","2024","B","INFERRED_ADP_CARD","17","17","1","HOU","0","0","0.7725489370067683","0.045444055118045196","0","-0.7725489370067683","-0.9029786267118494","0","0.589215603673435","0","0","14","29"
"AMERICAS TEAM","Alejandro Tovar","2024","B","INFERRED_ADP_CARD","17","17","1","IND","1","0.058823529411764705","0.34612295335186904","0.02036017372658053","2.889146733309532","0.653877046648131","1.133266814863509","0","0.34612295335186904","0","1","3","3"
"AMERICAS TEAM","Alejandro Tovar","2024","B","INFERRED_ADP_CARD","17","17","1","JAX","1","0.058823529411764705","0.5413289521723257","0.03184287953954857","1.847305591151278","0.4586710478276743","0.6433120011653393","1","0.374662285505659","2.669070356655623","0","3","9"
"AMERICAS TEAM","Alejandro Tovar","2024","B","INFERRED_ADP_CARD","17","17","1","KC","0","0","0.6469079113657427","0.03805340655092604","0","-0.6469079113657427","-0.8253460053590402","0","0.430241244699076","0","0","14","26"
"AMERICAS TEAM","Alejandro Tovar","2024","B","INFERRED_ADP_CARD","17","17","1","LV","1","0.058823529411764705","0.39387760833543967","0.023169271078555275","2.5388597341851575","0.6061223916645604","0.986940089590997","1","0.39387760833543967","2.5388597341851575","0","3","5"
"AMERICAS TEAM","Alejandro Tovar","2024","B","INFERRED_ADP_CARD","17","17","1","LAC","1","0.058823529411764705","0.3871640407784986","0.02277435533991168","2.582884500299222","0.6128359592215014","1.0059243165660379","1","0.3371640407784986","2.9659153380978562","0","3","4"
"AMERICAS TEAM","Alejandro Tovar","2024","B","INFERRED_ADP_CARD","17","17","1","LAR","0","0","0.43200494284831636","0.025412055461665667","0","-0.43200494284831636","-0.6685348045152099","0","0.43200494284831636","0","0","14","18"
"AMERICAS TEAM","Alejandro Tovar","2024","B","INFERRED_ADP_CARD","17","17","1","MIA","1","0.058823529411764705","0.6807383379672536","0.04004343164513256","1.4689932154931815","0.3192616620327464","0.3970833319764165","1","0.46407167130058696","2.154839568632672","0","3","13"
"AMERICAS TEAM","Alejandro Tovar","2024","B","INFERRED_ADP_CARD","17","17","1","MIN","0","0","0.45588227034010165","0.02681660413765304","0","-0.45588227034010165","-0.6890947042679204","0","0.45588227034010165","0","0","14","20"
"AMERICAS TEAM","Alejandro Tovar","2024","B","INFERRED_ADP_CARD","17","17","1","NE","0","0","0.21491841491841493","0.01264225970108323","0","-0.21491841491841493","-0.4708780991572943","0","0.21491841491841493","0","0","14","14"
"AMERICAS TEAM","Alejandro Tovar","2024","B","INFERRED_ADP_CARD","17","17","1","NO","0","0","0.4490367062656219","0.02641392389797776","0","-0.4490367062656219","-0.6821558717130514","0","0.3657033729322886","0","0","14","19"
"AMERICAS TEAM","Alejandro Tovar","2024","B","INFERRED_ADP_CARD","17","17","1","NYG","0","0","0.305097312326228","0.017946900725072237","0","-0.305097312326228","-0.5602940739577376","0","0.305097312326228","0","0","14","17"
"AMERICAS TEAM","Alejandro Tovar","2024","B","INFERRED_ADP_CARD","17","17","1","NYJ","0","0","0.7657033729322885","0.045041374878369914","0","-0.7657033729322885","-0.9019712304837586","0","0.4990367062656219","0","0","14","28"
"AMERICAS TEAM","Alejandro Tovar","2024","B","INFERRED_ADP_CARD","17","17","1","PHI","0","0","0.7725489370067683","0.045444055118045196","0","-0.7725489370067683","-0.9029786267118494","0","0.589215603673435","0","0","14","30"
"AMERICAS TEAM","Alejandro Tovar","2024","B","INFERRED_ADP_CARD","17","17","1","PIT","1","0.058823529411764705","0.5644367680512259","0.0332021628265427","1.771677637962175","0.4355632319487741","0.5964001777796385","1","0.3977701013845592","2.51401499639917","0","3","12"
"AMERICAS TEAM","Alejandro Tovar","2024","B","INFERRED_ADP_CARD","17","17","1","SEA","1","0.058823529411764705","0.42557924003707137","0.02503407294335714","2.349738675958188","0.5744207599629286","0.898975500198523","1","0.42557924003707137","2.349738675958188","0","3","7"
"AMERICAS TEAM","Alejandro Tovar","2024","B","INFERRED_ADP_CARD","17","17","1","SF","1","0.058823529411764705","0.540062347291263","0.03176837337007429","1.8516380655226208","0.459937652708737","0.6395399409511405","1","0.40672901395792965","2.458639452024526","0","3","10"
"AMERICAS TEAM","Alejandro Tovar","2024","B","INFERRED_ADP_CARD","17","17","1","TB","0","0","0.3033336141769877","0.017843153775116923","0","-0.3033336141769877","-0.5589913947051578","0","0.3033336141769877","0","0","14","15"
"AMERICAS TEAM","Alejandro Tovar","2024","B","INFERRED_ADP_CARD","17","17","1","TEN","0","0","0.5178869323447637","0.030463937196750807","0","-0.5178869323447637","-0.7372153813127422","0","0.5178869323447637","0","0","14","22"
"AMERICAS TEAM","Alejandro Tovar","2024","B","INFERRED_ADP_CARD","17","17","1","WAS","0","0","0.6230460302749459","0.03664976648676152","0","-0.6230460302749459","-0.8121477904120196","0","0.6230460302749459","0","0","14","25"
"AMERICAS TEAM","Alejandro Tovar","2025","B","INFERRED_ADP_CARD","17","17","1","ARI","0","0","0.6269968862113314","0.036882169777137146","0","-0.6269968862113314","-0.8115868448443612","0","0.581542340756786","0","0","14","25"
"AMERICAS TEAM","Alejandro Tovar","2025","B","INFERRED_ADP_CARD","17","17","1","ATL","1","0.058823529411764705","0.36262945914844646","0.02133114465579097","2.757635858786196","0.6373705408515535","1.0786571269480945","1","0.36262945914844646","2.757635858786196","0","5","8"
"AMERICAS TEAM","Alejandro Tovar","2025","B","INFERRED_ADP_CARD","17","17","1","BAL","0","0","0.4498620794693021","0.026462475262900124","0","-0.4498620794693021","-0.6842441933286812","0","0.3589529885602112","0","0","14","21"
"AMERICAS TEAM","Alejandro Tovar","2025","B","INFERRED_ADP_CARD","17","17","1","BUF","0","0","0.8121615447099438","0.04777420851234964","0","-0.8121615447099438","-0.9329613982577502","0","0.4859583361537941","0","0","14","31"
"AMERICAS TEAM","Alejandro Tovar","2025","B","INFERRED_ADP_CARD","17","17","1","CAR","0","0","0.1869965477560414","0.010999796926825966","0","-0.1869965477560414","-0.43682144657243793","0","0.1869965477560414","0","0","14","14"
"AMERICAS TEAM","Alejandro Tovar","2025","B","INFERRED_ADP_CARD","17","17","1","CHI","0","0","0.43081127733026464","0.025341839842956744","0","-0.43081127733026464","-0.6699914978575244","0","0.43081127733026464","0","0","14","19"
"AMERICAS TEAM","Alejandro Tovar","2025","B","INFERRED_ADP_CARD","17","17","1","CIN","0","0","0.6036053949773235","0.035506199704548436","0","-0.6036053949773235","-0.7937542280266807","0","0.4859583361537941","0","0","14","24"
"AMERICAS TEAM","Alejandro Tovar","2025","B","INFERRED_ADP_CARD","17","17","1","CLE","1","0.058823529411764705","0.27890408177079806","0.01640612245710577","3.5854620472058736","0.7210959182292019","1.386131279080653","1","0.27890408177079806","3.5854620472058736","0","5","4"
"AMERICAS TEAM","Alejandro Tovar","2025","B","INFERRED_ADP_CARD","17","17","1","DAL","2","0.11764705882352941","0.6624289243890882","0.03896640731700519","3.0191918353270277","1.3375710756109118","1.6966286568212607","2","0.42713480674202936","4.682362496409505","0","1","3"
"AMERICAS TEAM","Alejandro Tovar","2025","B","INFERRED_ADP_CARD","17","17","1","DEN","0","0","0.9077455493129357","0.053396797018407986","0","-0.9077455493129357","-0.9882501035407685","0","0.581542340756786","0","0","14","32"
"AMERICAS TEAM","Alejandro Tovar","2025","B","INFERRED_ADP_CARD","17","17","1","DET","2","0.11764705882352941","0.8758292154606376","0.05151936561533162","2.28355022268595","1.1241707845393623","1.2356163275691516","1","0.6672730657280173","1.4986368420385237","1","1","6"
"AMERICAS TEAM","Alejandro Tovar","2025","B","INFERRED_ADP_CARD","17","17","1","GB","1","0.058823529411764705","0.40440753401475665","0.023788678471456274","2.4727531410517947","0.5955924659852434","0.9500697791904744","1","0.3589529885602112","2.7858801343626616","0","5","9"
"AMERICAS TEAM","Alejandro Tovar","2025","B","INFERRED_ADP_CARD","17","17","1","HOU","0","0","0.7001963040682326","0.041188017886366626","0","-0.7001963040682326","-0.8598452006036722","0","0.49164015433561226","0","0","14","26"
"AMERICAS TEAM","Alejandro Tovar","2025","B","INFERRED_ADP_CARD","17","17","1","IND","0","0","0.23863636363636365","0.014037433155080214","0","-0.23863636363636365","-0.49978755044717565","0","0.19318181818181818","0","0","14","16"
"AMERICAS TEAM","Alejandro Tovar","2025","B","INFERRED_ADP_CARD","17","17","1","JAX","0","0","0.5272329587761456","0.03101370345742033","0","-0.5272329587761456","-0.7398991425717331","0","0.40958589995261624","0","0","14","22"
"AMERICAS TEAM","Alejandro Tovar","2025","B","INFERRED_ADP_CARD","17","17","1","KC","1","0.058823529411764705","0.7931107425709063","0.04665357309240625","1.260857968911696","0.2068892574290937","0.24035352531692492","1","0.5578166249238475","1.7927038301099736","0","5","13"
"AMERICAS TEAM","Alejandro Tovar","2025","B","INFERRED_ADP_CARD","17","17","1","LV","1","0.058823529411764705","0.3589529885602112","0.021114881680012423","2.7858801343626616","0.6410470114397888","1.0841762403969486","1","0.3589529885602112","2.7858801343626616","0","5","7"
"AMERICAS TEAM","Alejandro Tovar","2025","B","INFERRED_ADP_CARD","17","17","1","LAC","0","0","0.44317335679956676","0.02606902098820981","0","-0.44317335679956676","-0.678980058921056","0","0.3977188113450213","0","0","14","20"
"AMERICAS TEAM","Alejandro Tovar","2025","B","INFERRED_ADP_CARD","17","17","1","LAR","0","0","0.36463480674202936","0.021449106278942903","0","-0.36463480674202936","-0.6134011596702471","0","0.36463480674202936","0","0","14","17"
"AMERICAS TEAM","Alejandro Tovar","2025","B","INFERRED_ADP_CARD","17","17","1","MIA","0","0","0.726934271982671","0.042760839528392415","0","-0.726934271982671","-0.8832458086042329","0","0.49164015433561226","0","0","14","28"
"AMERICAS TEAM","Alejandro Tovar","2025","B","INFERRED_ADP_CARD","17","17","1","MIN","0","0","0.7675404454071617","0.04514943796512716","0","-0.7675404454071617","-0.9016822741787212","0","0.6766313544980708","0","0","14","30"
"AMERICAS TEAM","Alejandro Tovar","2025","B","INFERRED_ADP_CARD","17","17","1","NE","2","0.11764705882352941","0.3507623705408516","0.020633080620050093","5.701865901168751","1.6492376294591484","2.8286614536648993","2","0.3507623705408516","5.701865901168751","0","1","2"
"AMERICAS TEAM","Alejandro Tovar","2025","B","INFERRED_ADP_CARD","17","17","1","NO","0","0","0.1869965477560414","0.010999796926825966","0","-0.1869965477560414","-0.43682144657243793","0","0.1869965477560414","0","0","14","15"
"AMERICAS TEAM","Alejandro Tovar","2025","B","INFERRED_ADP_CARD","17","17","1","NYG","0","0","0.38434982738780205","0.022608813375753063","0","-0.38434982738780205","-0.6327830523570979","0","0.3388952819332566","0","0","14","18"
"AMERICAS TEAM","Alejandro Tovar","2025","B","INFERRED_ADP_CARD","17","17","1","NYJ","2","0.11764705882352941","0.3325492452447032","0.019561720308511953","6.014146862755076","1.6674507547552968","2.9466321441706063","2","0.2870946997901577","6.966342469790746","0","1","1"
"AMERICAS TEAM","Alejandro Tovar","2025","B","INFERRED_ADP_CARD","17","17","1","PHI","1","0.058823529411764705","0.6702853178095174","0.039428548106442196","1.491901990734312","0.3297146821904826","0.4125565784787843","0","0.5071837135314425","0","1","5","12"
"AMERICAS TEAM","Alejandro Tovar","2025","B","INFERRED_ADP_CARD","17","17","1","PIT","0","0","0.5763639748189264","0.03390376322464273","0","-0.5763639748189264","-0.7766767229137295","0","0.4132623705408516","0","0","14","23"
"AMERICAS TEAM","Alejandro Tovar","2025","B","INFERRED_ADP_CARD","17","17","1","SEA","1","0.058823529411764705","0.5888952819332566","0.034640898937250385","1.6980947728383","0.4111047180667434","0.5507381079673","0","0.5434407364787112","0","1","5","10"
"AMERICAS TEAM","Alejandro Tovar","2025","B","INFERRED_ADP_CARD","17","17","1","SF","0","0","0.7690423407567859","0.04523778475039917","0","-0.7690423407567859","-0.9010357155924527","0","0.7235877953022405","0","0","14","29"
"AMERICAS TEAM","Alejandro Tovar","2025","B","INFERRED_ADP_CARD","17","17","1","TB","1","0.058823529411764705","0.612963683747377","0.03605668727925747","1.631418021189219","0.387036316252623","0.5049924374834707","1","0.49531662492384754","2.0189106314647627","0","5","11"
"AMERICAS TEAM","Alejandro Tovar","2025","B","INFERRED_ADP_CARD","17","17","1","TEN","1","0.058823529411764705","0.2870946997901577","0.016887923517068103","3.483171234895373","0.7129053002098422","1.354942040632292","1","0.2870946997901577","3.483171234895373","0","5","5"
"AMERICAS TEAM","Alejandro Tovar","2025","B","INFERRED_ADP_CARD","17","17","1","WAS","0","0","0.7179059771204224","0.04222976336002485","0","-0.7179059771204224","-0.8702551693961987","0","0.7179059771204224","0","0","14","27"
"Easy-E Dubs","Eddie Zuniga","2024","B","INFERRED_ADP_CARD","17","17","1","ARI","1","0.058823529411764705","0.48043237250554327","0.028260727794443722","2.0814584054459444","0.5195676274944567","0.7668831486460117","1","0.48043237250554327","2.0814584054459444","0","3","8"
"Easy-E Dubs","Eddie Zuniga","2024","B","INFERRED_ADP_CARD","17","17","1","ATL","0","0","0.5501940133037695","0.03236435372375115","0","-0.5501940133037695","-0.7551113272384804","0","0.5001940133037694","0","0","16","24"
"Easy-E Dubs","Eddie Zuniga","2024","B","INFERRED_ADP_CARD","17","17","1","BAL","2","0.11764705882352941","0.49726164079822616","0.029250684752836834","4.022027512095066","1.5027383592017738","2.1817341997660593","1","0.4072616407982262","2.4554239825779227","1","1","2"
"Easy-E Dubs","Eddie Zuniga","2024","B","INFERRED_ADP_CARD","17","17","1","BUF","0","0","0.4338525498891353","0.025520738228772665","0","-0.4338525498891353","-0.6712144699856378","0","0.3538525498891353","0","0","16","20"
"Easy-E Dubs","Eddie Zuniga","2024","B","INFERRED_ADP_CARD","17","17","1","CAR","0","0","0.29785661492978566","0.01752097734881092","0","-0.29785661492978566","-0.5533960349687037","0","0.29785661492978566","0","0","16","16"
"Easy-E Dubs","Eddie Zuniga","2024","B","INFERRED_ADP_CARD","17","17","1","CHI","2","0.11764705882352941","0.7533647450110865","0.044315573235946266","2.654756561472183","1.2466352549889135","1.4754156400379652","2","0.5733647450110866","3.48818098322618","0","1","3"
"Easy-E Dubs","Eddie Zuniga","2024","B","INFERRED_ADP_CARD","17","17","1","CIN","0","0","0.6043606799704361","0.035550628233555065","0","-0.6043606799704361","-0.7985018675026472","0","0.5043606799704361","0","0","16","28"
"Easy-E Dubs","Eddie Zuniga","2024","B","INFERRED_ADP_CARD","17","17","1","CLE","0","0","0.7607132298595713","0.04474783705056302","0","-0.7607132298595713","-0.8973457798359408","0","0.7207132298595713","0","0","16","32"
"Easy-E Dubs","Eddie Zuniga","2024","B","INFERRED_ADP_CARD","17","17","1","DAL","1","0.058823529411764705","0.6784515890613452","0.03990891700360854","1.4739445173730452","0.3215484109386548","0.3993064518036007","0","0.6384515890613451","0","1","3","12"
"Easy-E Dubs","Eddie Zuniga","2024","B","INFERRED_ADP_CARD","17","17","1","DEN","0","0","0.5628566149297857","0.03310921264292857","0","-0.5628566149297857","-0.7693179566598102","0","0.42285661492978566","0","0","16","25"
"Easy-E Dubs","Eddie Zuniga","2024","B","INFERRED_ADP_CARD","17","17","1","DET","1","0.058823529411764705","0.8983758314855875","0.05284563714621103","1.1131198825177242","0.10162416851441247","0.11056970252436699","1","0.7183758314855876","1.3920290134650257","0","3","15"
"Easy-E Dubs","Eddie Zuniga","2024","B","INFERRED_ADP_CARD","17","17","1","GB","1","0.058823529411764705","0.431189948263119","0.025364114603712882","2.3191635241686663","0.568810051736881","0.8838803314142966","1","0.431189948263119","2.3191635241686663","0","3","5"
"Easy-E Dubs","Eddie Zuniga","2024","B","INFERRED_ADP_CARD","17","17","1","HOU","1","0.058823529411764705","0.7133647450110866","0.04196263205947568","1.401807430201024","0.2866352549889134","0.34792370713952125","1","0.5733647450110866","1.74409049161309","0","3","14"
"Easy-E Dubs","Eddie Zuniga","2024","B","INFERRED_ADP_CARD","17","17","1","IND","0","0","0.39543237250554325","0.02326072779444372","0","-0.39543237250554325","-0.6412850599502979","0","0.35543237250554327","0","0","16","19"
"Easy-E Dubs","Eddie Zuniga","2024","B","INFERRED_ADP_CARD","17","17","1","JAX","0","0","0.6336031042128603","0.037270770836050605","0","-0.6336031042128603","-0.8170777992873184","0","0.5536031042128603","0","0","16","29"
"Easy-E Dubs","Eddie Zuniga","2024","B","INFERRED_ADP_CARD","17","17","1","KC","1","0.058823529411764705","0.5544364375461937","0.03261390809095257","1.8036332612368817","0.44556356245380635","0.6107724634364147","1","0.42443643754619365","2.3560653882153195","0","3","10"
"Easy-E Dubs","Eddie Zuniga","2024","B","INFERRED_ADP_CARD","17","17","1","LV","0","0","0.5691980783444198","0.03348223990261293","0","-0.5691980783444198","-0.7727815623277667","0","0.5691980783444198","0","0","16","26"
"Easy-E Dubs","Eddie Zuniga","2024","B","INFERRED_ADP_CARD","17","17","1","LAC","1","0.058823529411764705","0.34135254988913527","0.020079561758184428","2.9295225722637217","0.6586474501108648","1.1445712760373856","1","0.2913525498891353","3.4322678843226786","0","3","4"
"Easy-E Dubs","Eddie Zuniga","2024","B","INFERRED_ADP_CARD","17","17","1","LAR","0","0","0.4376940133037694","0.02574670666492761","0","-0.4376940133037694","-0.6730970721610643","0","0.4376940133037694","0","0","16","21"
"Easy-E Dubs","Eddie Zuniga","2024","B","INFERRED_ADP_CARD","17","17","1","MIA","0","0","0.6434515890613451","0.03785009347419677","0","-0.6434515890613451","-0.8211888824417809","0","0.5134515890613451","0","0","16","30"
"Easy-E Dubs","Eddie Zuniga","2024","B","INFERRED_ADP_CARD","17","17","1","MIN","1","0.058823529411764705","0.4335273466371027","0.025501608625711922","2.306659563132659","0.5664726533628973","0.8751789366892199","1","0.4335273466371027","2.306659563132659","0","3","6"
"Easy-E Dubs","Eddie Zuniga","2024","B","INFERRED_ADP_CARD","17","17","1","NE","1","0.058823529411764705","0.13825757575757575","0.008132798573975045","7.232876712328768","0.8617424242424243","2.3440066048260615","1","0.13825757575757575","7.232876712328768","0","3","1"
"Easy-E Dubs","Eddie Zuniga","2024","B","INFERRED_ADP_CARD","17","17","1","NO","0","0","0.46285661492978564","0.027226859701752096","0","-0.46285661492978564","-0.6936305319100403","0","0.42285661492978566","0","0","16","22"
"Easy-E Dubs","Eddie Zuniga","2024","B","INFERRED_ADP_CARD","17","17","1","NYG","0","0","0.29785661492978566","0.01752097734881092","0","-0.29785661492978566","-0.5533960349687037","0","0.29785661492978566","0","0","16","17"
"Easy-E Dubs","Eddie Zuniga","2024","B","INFERRED_ADP_CARD","17","17","1","NYJ","1","0.058823529411764705","0.6695232815964524","0.039383722446850136","1.493600039741021","0.33047671840354764","0.4147426213365678","1","0.48952328159645236","2.042803759483637","0","3","11"
"Easy-E Dubs","Eddie Zuniga","2024","B","INFERRED_ADP_CARD","17","17","1","PHI","1","0.058823529411764705","0.7042738359201774","0.04142787270118691","1.4199022439807636","0.29572616407982255","0.3622597238693636","1","0.5642738359201774","1.7721892037919347","0","3","13"
"Easy-E Dubs","Eddie Zuniga","2024","B","INFERRED_ADP_CARD","17","17","1","PIT","0","0","0.5786141906873614","0.034036128863962435","0","-0.5786141906873614","-0.7798475385970642","0","0.49861419068736146","0","0","16","27"
"Easy-E Dubs","Eddie Zuniga","2024","B","INFERRED_ADP_CARD","17","17","1","SEA","0","0","0.5199556541019956","0.030585626711882096","0","-0.5199556541019956","-0.7387732465212301","0","0.5199556541019956","0","0","16","23"
"Easy-E Dubs","Eddie Zuniga","2024","B","INFERRED_ADP_CARD","17","17","1","SF","0","0","0.646189948263119","0.0380111734272423","0","-0.646189948263119","-0.8225028816878776","0","0.556189948263119","0","0","16","31"
"Easy-E Dubs","Eddie Zuniga","2024","B","INFERRED_ADP_CARD","17","17","1","TB","0","0","0.35776977087952694","0.021045280639972172","0","-0.35776977087952694","-0.6076669818986583","0","0.35776977087952694","0","0","16","18"
"Easy-E Dubs","Eddie Zuniga","2024","B","INFERRED_ADP_CARD","17","17","1","TEN","1","0.058823529411764705","0.4467849223946785","0.02628146602321638","2.238213399503722","0.5532150776053215","0.8451959577426982","1","0.4467849223946785","2.238213399503722","0","3","7"
"Easy-E Dubs","Eddie Zuniga","2024","B","INFERRED_ADP_CARD","17","17","1","WAS","1","0.058823529411764705","0.5069475240206948","0.02982044258945263","1.9725907566700684","0.49305247597930524","0.708596903753484","1","0.5069475240206948","1.9725907566700684","0","3","9"
"Easy-E Dubs","Eddie Zuniga","2025","B","INFERRED_ADP_CARD","17","17","1","ARI","0","0","0.7066549610336789","0.04156793888433405","0","-0.7066549610336789","-0.8622151027081754","0","0.6114168657955836","0","0","11","27"
"Easy-E Dubs","Eddie Zuniga","2025","B","INFERRED_ADP_CARD","17","17","1","ATL","0","0","0.4217444540478248","0.02480849729693087","0","-0.4217444540478248","-0.6627373044232895","0","0.4217444540478248","0","0","11","17"
"Easy-E Dubs","Eddie Zuniga","2025","B","INFERRED_ADP_CARD","17","17","1","BAL","0","0","0.5523643986548812","0.03249202345028713","0","-0.5523643986548812","-0.7625326095177786","0","0.36188820817869066","0","0","11","23"
"Easy-E Dubs","Eddie Zuniga","2025","B","INFERRED_ADP_CARD","17","17","1","BUF","1","0.058823529411764705","0.7143762503560918","0.04202213237388775","1.399822571791174","0.28562374964390824","0.34933268435212694","1","0.41278894876879013","2.4225454750730657","0","5","10"
"Easy-E Dubs","Eddie Zuniga","2025","B","INFERRED_ADP_CARD","17","17","1","CAR","0","0","0.17646211466436185","0.010380124392021284","0","-0.17646211466436185","-0.4241150522769022","0","0.17646211466436185","0","0","11","11"
"Easy-E Dubs","Eddie Zuniga","2025","B","INFERRED_ADP_CARD","17","17","1","CHI","0","0","0.4217444540478248","0.02480849729693087","0","-0.4217444540478248","-0.6627373044232895","0","0.4217444540478248","0","0","11","18"
"Easy-E Dubs","Eddie Zuniga","2025","B","INFERRED_ADP_CARD","17","17","1","CIN","2","0.11764705882352941","0.4121647290434468","0.024244984061379225","4.852428796228164","1.5878352709565533","2.5205067855051175","2","0.35660917348789123","5.608380683083888","0","2","3"
"Easy-E Dubs","Eddie Zuniga","2025","B","INFERRED_ADP_CARD","17","17","1","CLE","0","0","0.36349077228125476","0.021381810134191458","0","-0.36349077228125476","-0.6128034835222912","0","0.36349077228125476","0","0","11","15"
"Easy-E Dubs","Eddie Zuniga","2025","B","INFERRED_ADP_CARD","17","17","1","DAL","1","0.058823529411764705","0.592303314296044","0.034841371429179056","1.6883241674723801","0.407696685703956","0.5417747883332944","0","0.5367477587404884","0","1","5","8"
"Easy-E Dubs","Eddie Zuniga","2025","B","INFERRED_ADP_CARD","17","17","1","DEN","0","0","0.9130041673828853","0.0537061274931109","0","-0.9130041673828853","-0.9890647487862189","0","0.6114168657955836","0","0","11","31"
"Easy-E Dubs","Eddie Zuniga","2025","B","INFERRED_ADP_CARD","17","17","1","DET","0","0","1.0253637179446828","0.06031551282027546","0","-1.0253637179446828","-1.0482036734947087","0","0.7237764163573813","0","0","11","32"
"Easy-E Dubs","Eddie Zuniga","2025","B","INFERRED_ADP_CARD","17","17","1","GB","1","0.058823529411764705","0.4571263034167859","0.02688978255392858","2.187579215034248","0.5428736965832142","0.8155489642169151","1","0.36188820817869066","2.763284288904564","0","5","6"
"Easy-E Dubs","Eddie Zuniga","2025","B","INFERRED_ADP_CARD","17","17","1","HOU","0","0","0.7166030341839992","0.04215311965788231","0","-0.7166030341839992","-0.8721771418952589","0","0.47057128815225313","0","0","11","29"
"Easy-E Dubs","Eddie Zuniga","2025","B","INFERRED_ADP_CARD","17","17","1","IND","0","0","0.27641787051899414","0.01625987473641142","0","-0.27641787051899414","-0.538550075151047","0","0.18117977528089887","0","0","11","13"
"Easy-E Dubs","Eddie Zuniga","2025","B","INFERRED_ADP_CARD","17","17","1","JAX","0","0","0.4815463278368103","0.028326254578635898","0","-0.4815463278368103","-0.7062837006326509","0","0.42599077228125476","0","0","11","21"
"Easy-E Dubs","Eddie Zuniga","2025","B","INFERRED_ADP_CARD","17","17","1","KC","0","0","0.7066823992633642","0.041569552897844954","0","-0.7066823992633642","-0.8657978402145073","0","0.5955712881522531","0","0","11","28"
"Easy-E Dubs","Eddie Zuniga","2025","B","INFERRED_ADP_CARD","17","17","1","LV","0","0","0.42438820817869066","0.02496401224580533","0","-0.42438820817869066","-0.6635657222871612","0","0.42438820817869066","0","0","11","19"
"Easy-E Dubs","Eddie Zuniga","2025","B","INFERRED_ADP_CARD","17","17","1","LAC","0","0","0.522831431621914","0.030754790095406707","0","-0.522831431621914","-0.738736639927922","0","0.42759333638381886","0","0","11","22"
"Easy-E Dubs","Eddie Zuniga","2025","B","INFERRED_ADP_CARD","17","17","1","LAR","0","0","0.3555679834595895","0.02091576373291703","0","-0.3555679834595895","-0.6054736886888901","0","0.3555679834595895","0","0","11","14"
"Easy-E Dubs","Eddie Zuniga","2025","B","INFERRED_ADP_CARD","17","17","1","MIA","0","0","0.5816823992633642","0.034216611721374364","0","-0.5816823992633642","-0.7850334786245488","0","0.47057128815225313","0","0","11","25"
"Easy-E Dubs","Eddie Zuniga","2025","B","INFERRED_ADP_CARD","17","17","1","MIN","5","0.29411764705882354","0.5106623245668189","0.030038960268636408","9.791205968134355","4.489337675433181","6.408195386540466","4","0.4154242293287237","9.628711369251441","1","1","1"
"Easy-E Dubs","Eddie Zuniga","2025","B","INFERRED_ADP_CARD","17","17","1","NE","1","0.058823529411764705","0.43391356110292","0.025524327123701177","2.3046064692198223","0.56608643889708","0.8772055959852577","1","0.43391356110292","2.3046064692198223","0","5","5"
"Easy-E Dubs","Eddie Zuniga","2025","B","INFERRED_ADP_CARD","17","17","1","NO","0","0","0.17646211466436185","0.010380124392021284","0","-0.17646211466436185","-0.4241150522769022","0","0.17646211466436185","0","0","11","12"
"Easy-E Dubs","Eddie Zuniga","2025","B","INFERRED_ADP_CARD","17","17","1","NYG","0","0","0.46400790221014937","0.027294582482949963","0","-0.46400790221014937","-0.6965181278527769","0","0.36876980697205414","0","0","11","20"
"Easy-E Dubs","Eddie Zuniga","2025","B","INFERRED_ADP_CARD","17","17","1","NYJ","2","0.11764705882352941","0.3582117375904553","0.02107127868179149","5.583289965463406","1.6417882624095448","2.79322725294531","1","0.3582117375904553","2.791644982731703","1","2","2"
"Easy-E Dubs","Eddie Zuniga","2025","B","INFERRED_ADP_CARD","17","17","1","PHI","0","0","0.6789944009871306","0.039940847116890034","0","-0.6789944009871306","-0.8476514203677479","0","0.4726451946379243","0","0","11","26"
"Easy-E Dubs","Eddie Zuniga","2025","B","INFERRED_ADP_CARD","17","17","1","PIT","0","0","0.5804608936631409","0.03414475845077299","0","-0.5804608936631409","-0.7790856824167072","0","0.4296672428694901","0","0","11","24"
"Easy-E Dubs","Eddie Zuniga","2025","B","INFERRED_ADP_CARD","17","17","1","SEA","1","0.058823529411764705","0.6636827591883772","0.039040162305198654","1.5067439769309479","0.33631724081162284","0.42631105141906656","1","0.4732065687121867","2.11324200913242","0","5","9"
"Easy-E Dubs","Eddie Zuniga","2025","B","INFERRED_ADP_CARD","17","17","1","SF","0","0","0.8126942868763755","0.047805546286845614","0","-0.8126942868763755","-0.9259373598416145","0","0.7174561916382802","0","0","11","30"
"Easy-E Dubs","Eddie Zuniga","2025","B","INFERRED_ADP_CARD","17","17","1","TB","1","0.058823529411764705","0.529803314296044","0.031164900840943765","1.8874929110791085","0.470196685703956","0.6586352790271433","1","0.4742477587404884","2.108602479547419","0","5","7"
"Easy-E Dubs","Eddie Zuniga","2025","B","INFERRED_ADP_CARD","17","17","1","TEN","0","0","0.36613452641212063","0.021537325083065918","0","-0.36613452641212063","-0.6178340263454523","0","0.36613452641212063","0","0","11","16"
"Easy-E Dubs","Eddie Zuniga","2025","B","INFERRED_ADP_CARD","17","17","1","WAS","2","0.11764705882352941","0.6024528869456166","0.035438405114448034","3.3197616665758294","1.3975471130543835","1.8421966612204363","2","0.6024528869456166","3.3197616665758294","0","2","4"
"Lumber Jack","Jack McGirl","2022","B","INFERRED_ADP_CARD","17","17","1","ARI","2","0.11764705882352941","1.1777966101694914","0.06928215353938184","1.698086055547561","0.8222033898305086","0.7996192200460663","2","1.0527966101694914","1.8997021653384851","0","3","6"
"Lumber Jack","Jack McGirl","2022","B","INFERRED_ADP_CARD","17","17","1","ATL","1","0.058823529411764705","0.4","0.023529411764705882","2.5","0.6","0.969845411637326","1","0.3375","2.962962962962963","0","4","5"
"Lumber Jack","Jack McGirl","2022","B","INFERRED_ADP_CARD","17","17","1","BAL","1","0.058823529411764705","0.30934322033898304","0.018196660019940178","3.2326552975823577","0.690656779661017","1.2607887042668833","0","0.30934322033898304","0","1","4","4"
"Lumber Jack","Jack McGirl","2022","B","INFERRED_ADP_CARD","17","17","1","BUF","0","0","0.9364495985727029","0.05508527050427664","0","-0.9364495985727029","-1.000011250078377","0","0.7686864406779661","0","0","13","31"
"Lumber Jack","Jack McGirl","2022","B","INFERRED_ADP_CARD","17","17","1","CAR","0","0","0.1615466101694915","0.009502741774675971","0","-0.1615466101694915","-0.40522035982693333","0","0.1615466101694915","0","0","13","13"
"Lumber Jack","Jack McGirl","2022","B","INFERRED_ADP_CARD","17","17","1","CHI","0","0","0.1615466101694915","0.009502741774675971","0","-0.1615466101694915","-0.40522035982693333","0","0.1615466101694915","0","0","13","14"
"Lumber Jack","Jack McGirl","2022","B","INFERRED_ADP_CARD","17","17","1","CIN","3","0.17647058823529413","0.5540466101694915","0.03259097706879362","5.414706894573821","2.4459533898305086","3.3890315862271905","3","0.4290466101694915","6.992247296429806","0","1","2"
"Lumber Jack","Jack McGirl","2022","B","INFERRED_ADP_CARD","17","17","1","CLE","0","0","0.2971398305084746","0.017478813559322036","0","-0.2971398305084746","-0.5562688876125897","0","0.2971398305084746","0","0","13","19"
"Lumber Jack","Jack McGirl","2022","B","INFERRED_ADP_CARD","17","17","1","DAL","0","0","0.9258563782337199","0.05446213989610117","0","-0.9258563782337199","-0.9946581218997931","0","0.8205932203389831","0","0","13","30"
"Lumber Jack","Jack McGirl","2022","B","INFERRED_ADP_CARD","17","17","1","DEN","3","0.17647058823529413","0.35042818911685997","0.020613422889227056","8.560955120535601","2.64957181088314","4.572245296469367","3","0.29779661016949155","10.073989755264655","0","1","1"
"Lumber Jack","Jack McGirl","2022","B","INFERRED_ADP_CARD","17","17","1","DET","0","0","0.5552966101694916","0.03266450648055833","0","-0.5552966101694916","-0.7713285147024214","0","0.5552966101694916","0","0","13","26"
"Lumber Jack","Jack McGirl","2022","B","INFERRED_ADP_CARD","17","17","1","GB","0","0","0.4182247992863515","0.024601458781550088","0","-0.4182247992863515","-0.661140629986644","0","0.36559322033898306","0","0","13","20"
"Lumber Jack","Jack McGirl","2022","B","INFERRED_ADP_CARD","17","17","1","HOU","0","0","0.1615466101694915","0.009502741774675971","0","-0.1615466101694915","-0.40522035982693333","0","0.1615466101694915","0","0","13","15"
"Lumber Jack","Jack McGirl","2022","B","INFERRED_ADP_CARD","17","17","1","IND","0","0","0.5685214094558431","0.03344243585034371","0","-0.5685214094558431","-0.7780484771539877","0","0.3908898305084746","0","0","13","28"
"Lumber Jack","Jack McGirl","2022","B","INFERRED_ADP_CARD","17","17","1","JAX","0","0","0.5646398305084745","0.03321410767696909","0","-0.5646398305084745","-0.7698656330457799","0","0.5646398305084745","0","0","13","25"
"Lumber Jack","Jack McGirl","2022","B","INFERRED_ADP_CARD","17","17","1","KC","0","0","0.81460637823372","0.04791802224904235","0","-0.81460637823372","-0.9276437884499147","0","0.6468432203389831","0","0","13","29"
"Lumber Jack","Jack McGirl","2022","B","INFERRED_ADP_CARD","17","17","1","LV","1","0.058823529411764705","0.8785214094558431","0.05167772996799077","1.1382761868255447","0.12147859054415688","0.13385511111080942","1","0.7008898305084746","1.4267577534610965","0","4","11"
"Lumber Jack","Jack McGirl","2022","B","INFERRED_ADP_CARD","17","17","1","LAC","1","0.058823529411764705","0.5616781891168598","0.03303989347746234","1.7803789062422455","0.43832181088314015","0.6010753987196563","0","0.5090466101694915","0","1","4","9"
"Lumber Jack","Jack McGirl","2022","B","INFERRED_ADP_CARD","17","17","1","LAR","1","0.058823529411764705","0.28125","0.016544117647058824","3.5555555555555554","0.71875","1.3882147726519507","1","0.28125","3.5555555555555554","0","4","3"
"Lumber Jack","Jack McGirl","2022","B","INFERRED_ADP_CARD","17","17","1","MIA","1","0.058823529411764705","0.9119747992863514","0.053645576428608906","1.0965215275493698","0.08802520071364861","0.09523511718881612","1","0.796843220338983","1.254952008720853","0","4","12"
"Lumber Jack","Jack McGirl","2022","B","INFERRED_ADP_CARD","17","17","1","MIN","0","0","0.49756801962533453","0.029268707036784386","0","-0.49756801962533453","-0.7244319942278062","0","0.4449364406779661","0","0","13","24"
"Lumber Jack","Jack McGirl","2022","B","INFERRED_ADP_CARD","17","17","1","NE","0","0","0.4258898305084746","0.025052342971086744","0","-0.4258898305084746","-0.6743680359852094","0","0.3633898305084746","0","0","13","21"
"Lumber Jack","Jack McGirl","2022","B","INFERRED_ADP_CARD","17","17","1","NO","1","0.058823529411764705","0.48240298840321144","0.028376646376659497","2.0729556491970995","0.5175970115967885","0.7662296130893372","1","0.3771398305084746","2.65153643053761","0","4","7"
"Lumber Jack","Jack McGirl","2022","B","INFERRED_ADP_CARD","17","17","1","NYG","0","0","0.28125","0.016544117647058824","0","-0.28125","-0.5432144762551112","0","0.28125","0","0","13","18"
"Lumber Jack","Jack McGirl","2022","B","INFERRED_ADP_CARD","17","17","1","NYJ","0","0","0.4586864406779661","0.026981555333998007","0","-0.4586864406779661","-0.6959054339275721","0","0.4586864406779661","0","0","13","22"
"Lumber Jack","Jack McGirl","2022","B","INFERRED_ADP_CARD","17","17","1","PHI","0","0","0.5790466101694915","0.034061565304087736","0","-0.5790466101694915","-0.7779526859739517","0","0.5790466101694915","0","0","13","27"
"Lumber Jack","Jack McGirl","2022","B","INFERRED_ADP_CARD","17","17","1","PIT","0","0","0.49977140945584303","0.029398318203284885","0","-0.49977140945584303","-0.7230964502782158","0","0.4471398305084746","0","0","13","23"
"Lumber Jack","Jack McGirl","2022","B","INFERRED_ADP_CARD","17","17","1","SEA","1","0.058823529411764705","0.49904661016949153","0.029355682951146562","2.003820844831246","0.5009533898305085","0.7251715667146289","1","0.49904661016949153","2.003820844831246","0","4","8"
"Lumber Jack","Jack McGirl","2022","B","INFERRED_ADP_CARD","17","17","1","SF","1","0.058823529411764705","0.81460637823372","0.04791802224904235","1.227586754437477","0.18539362176628005","0.2111194390874015","1","0.6468432203389831","1.545969670171301","0","4","10"
"Lumber Jack","Jack McGirl","2022","B","INFERRED_ADP_CARD","17","17","1","TB","0","0","1.00042818911686","0.05884871700687412","0","-1.00042818911686","-1.0406196214245498","0","0.8227966101694916","0","0","13","32"
"Lumber Jack","Jack McGirl","2022","B","INFERRED_ADP_CARD","17","17","1","TEN","0","0","0.24154661016949153","0.014208624127617149","0","-0.24154661016949153","-0.4974976781435643","0","0.24154661016949153","0","0","13","17"
"Lumber Jack","Jack McGirl","2022","B","INFERRED_ADP_CARD","17","17","1","WAS","0","0","0.22934322033898305","0.013490777666999004","0","-0.22934322033898305","-0.4853544918184288","0","0.22934322033898305","0","0","13","16"
"Lumber Jack","Jack McGirl","2023","B","INFERRED_ADP_CARD","17","17","1","ARI","0","0","0.4943665132981707","0.029080383135186513","0","-0.4943665132981707","-0.7184021922741971","0","0.4943665132981707","0","0","12","22"
"Lumber Jack","Jack McGirl","2023","B","INFERRED_ADP_CARD","17","17","1","ATL","0","0","0.5434865147944488","0.03196979498790875","0","-0.5434865147944488","-0.7576309304640857","0","0.41848651479444876","0","0","12","25"
"Lumber Jack","Jack McGirl","2023","B","INFERRED_ADP_CARD","17","17","1","BAL","1","0.058823529411764705","0.6656507833503291","0.039155928432372304","1.5022892258412688","0.3343492166496709","0.42377489834970355","1","0.3667377398720682","2.726744186046512","0","7","10"
"Lumber Jack","Jack McGirl","2023","B","INFERRED_ADP_CARD","17","17","1","BUF","0","0","0.7980414615383363","0.04694361538460802","0","-0.7980414615383363","-0.9194783606807277","0","0.4991284180600755","0","0","12","32"
"Lumber Jack","Jack McGirl","2023","B","INFERRED_ADP_CARD","17","17","1","CAR","0","0","0.144802304268133","0.008517782604007824","0","-0.144802304268133","-0.383648128813888","0","0.144802304268133","0","0","12","12"
"Lumber Jack","Jack McGirl","2023","B","INFERRED_ADP_CARD","17","17","1","CHI","0","0","0.49116821905510044","0.02889224817971179","0","-0.49116821905510044","-0.7194823455735891","0","0.49116821905510044","0","0","12","24"
"Lumber Jack","Jack McGirl","2023","B","INFERRED_ADP_CARD","17","17","1","CIN","1","0.058823529411764705","0.5825761678693815","0.03426918634525773","1.7165137455883854","0.4174238321306185","0.5608104386534037","0","0.495619646130251","0","1","7","8"
"Lumber Jack","Jack McGirl","2023","B","INFERRED_ADP_CARD","17","17","1","CLE","0","0","0.5984145958666947","0.035200858580393804","0","-0.5984145958666947","-0.7962408528617065","0","0.42450155238843373","0","0","12","27"
"Lumber Jack","Jack McGirl","2023","B","INFERRED_ADP_CARD","17","17","1","DAL","0","0","0.7353386711424894","0.0432552159495582","0","-0.7353386711424894","-0.8811756322310137","0","0.648382149403359","0","0","12","29"
"Lumber Jack","Jack McGirl","2023","B","INFERRED_ADP_CARD","17","17","1","DEN","0","0","0.6594586726387675","0.03879168662580985","0","-0.6594586726387675","-0.8309718255155026","0","0.5725021508996371","0","0","12","28"
"Lumber Jack","Jack McGirl","2023","B","INFERRED_ADP_CARD","17","17","1","DET","0","0","0.5693038566565667","0.03348846215626863","0","-0.5693038566565667","-0.7737636266472355","0","0.5693038566565667","0","0","12","26"
"Lumber Jack","Jack McGirl","2023","B","INFERRED_ADP_CARD","17","17","1","GB","2","0.11764705882352941","0.30193426460375467","0.01776083909433851","6.623958372610384","1.6980657353962454","3.141792365239063","1","0.21497774286462423","4.651644336175396","1","1","1"
"Lumber Jack","Jack McGirl","2023","B","INFERRED_ADP_CARD","17","17","1","HOU","0","0","0.20350877192982456","0.01197110423116615","0","-0.20350877192982456","-0.4627725041842686","0","0.20350877192982456","0","0","12","13"
"Lumber Jack","Jack McGirl","2023","B","INFERRED_ADP_CARD","17","17","1","IND","0","0","0.3610331799648374","0.021237245880284555","0","-0.3610331799648374","-0.6110416359932505","0","0.3610331799648374","0","0","12","15"
"Lumber Jack","Jack McGirl","2023","B","INFERRED_ADP_CARD","17","17","1","JAX","2","0.11764705882352941","0.6062712752029327","0.0356630161884078","3.2988533051158573","1.3937287247970673","1.8567885884250557","2","0.35627127520293267","5.61369983830663","0","1","3"
"Lumber Jack","Jack McGirl","2023","B","INFERRED_ADP_CARD","17","17","1","KC","2","0.11764705882352941","0.6519860244381231","0.03835211908459548","3.0675504152463784","1.348013975561877","1.714415963737826","2","0.3530729809598623","5.664551262356046","0","1","5"
"Lumber Jack","Jack McGirl","2023","B","INFERRED_ADP_CARD","17","17","1","LV","0","0","0.7634032355385543","0.04490607267873849","0","-0.7634032355385543","-0.9056010656757559","0","0.4264467137994239","0","0","12","31"
"Lumber Jack","Jack McGirl","2023","B","INFERRED_ADP_CARD","17","17","1","LAC","0","0","0.36228631279691764","0.021310959576289274","0","-0.36228631279691764","-0.6155532810481048","0","0.36228631279691764","0","0","12","16"
"Lumber Jack","Jack McGirl","2023","B","INFERRED_ADP_CARD","17","17","1","LAR","0","0","0.4943665132981707","0.029080383135186513","0","-0.4943665132981707","-0.7184021922741971","0","0.4943665132981707","0","0","12","23"
"Lumber Jack","Jack McGirl","2023","B","INFERRED_ADP_CARD","17","17","1","MIA","2","0.11764705882352941","0.6643976505182488","0.03908221473636758","3.0102454432822627","1.3356023494817513","1.6858404452451623","2","0.365484607039988","5.472186684407145","0","1","6"
"Lumber Jack","Jack McGirl","2023","B","INFERRED_ADP_CARD","17","17","1","MIN","2","0.11764705882352941","0.5328975423633711","0.031346914256668884","3.753066661051036","1.467102457636629","2.0862407437841375","2","0.2828975423633711","7.069697330318537","0","1","2"
"Lumber Jack","Jack McGirl","2023","B","INFERRED_ADP_CARD","17","17","1","NE","0","0","0.3774218154080854","0.02220128325929914","0","-0.3774218154080854","-0.6359827404949837","0","0.20350877192982456","0","0","12","18"
"Lumber Jack","Jack McGirl","2023","B","INFERRED_ADP_CARD","17","17","1","NO","0","0","0.7343960159971634","0.043199765646891965","0","-0.7343960159971634","-0.8836682457079663","0","0.647439494258033","0","0","12","30"
"Lumber Jack","Jack McGirl","2023","B","INFERRED_ADP_CARD","17","17","1","NYG","1","0.058823529411764705","0.5236842105263158","0.030804953560371516","1.9095477386934674","0.47631578947368425","0.6884925196498477","1","0.27368421052631575","3.653846153846154","0","7","7"
"Lumber Jack","Jack McGirl","2023","B","INFERRED_ADP_CARD","17","17","1","NYJ","2","0.11764705882352941","0.6476165673756096","0.03809509219856527","3.088247121448369","1.3523834326243904","1.7195778150781147","1","0.4356600456364792","2.295367707036449","1","1","4"
"Lumber Jack","Jack McGirl","2023","B","INFERRED_ADP_CARD","17","17","1","PHI","0","0","0.4936009312704213","0.029035348898260076","0","-0.4936009312704213","-0.7171379482303556","0","0.2816444095312909","0","0","12","21"
"Lumber Jack","Jack McGirl","2023","B","INFERRED_ADP_CARD","17","17","1","PIT","1","0.058823529411764705","0.6003597572776848","0.03531527983986381","1.6656679397274614","0.39964024272231524","0.5305109091955826","1","0.4264467137994239","2.344958860370871","0","7","9"
"Lumber Jack","Jack McGirl","2023","B","INFERRED_ADP_CARD","17","17","1","SEA","1","0.058823529411764705","0.855969214079976","0.050351130239998584","1.1682663155997184","0.14403078592002405","0.16174762016327499","0","0.730969214079976","0","1","7","11"
"Lumber Jack","Jack McGirl","2023","B","INFERRED_ADP_CARD","17","17","1","SF","0","0","0.4521306510923642","0.026595920652492014","0","-0.4521306510923642","-0.69085464744693","0","0.3651741293532338","0","0","12","20"
"Lumber Jack","Jack McGirl","2023","B","INFERRED_ADP_CARD","17","17","1","TB","0","0","0.36868290128305836","0.021687229487238727","0","-0.36868290128305836","-0.6235171384820516","0","0.36868290128305836","0","0","12","17"
"Lumber Jack","Jack McGirl","2023","B","INFERRED_ADP_CARD","17","17","1","TEN","0","0","0.4229379418695993","0.024878702462917606","0","-0.4229379418695993","-0.6648544992794355","0","0.4229379418695993","0","0","12","19"
"Lumber Jack","Jack McGirl","2023","B","INFERRED_ADP_CARD","17","17","1","WAS","0","0","0.29850746268656714","0.017559262510974536","0","-0.29850746268656714","-0.563436169819011","0","0.29850746268656714","0","0","12","14"
"Lumber Jack","Jack McGirl","2024","B","INFERRED_ADP_CARD","17","17","1","ARI","0","0","0.49821824611880355","0.029306955654047267","0","-0.49821824611880355","-0.7228534148236809","0","0.49821824611880355","0","0","13","22"
"Lumber Jack","Jack McGirl","2024","B","INFERRED_ADP_CARD","17","17","1","ATL","0","0","0.5345557012022955","0.031444453011899735","0","-0.5345557012022955","-0.745070584312133","0","0.4292925433075586","0","0","13","23"
"Lumber Jack","Jack McGirl","2024","B","INFERRED_ADP_CARD","17","17","1","BAL","0","0","0.7104465781428936","0.041790975184876095","0","-0.7104465781428936","-0.867610795449243","0","0.4385167535814901","0","0","13","29"
"Lumber Jack","Jack McGirl","2024","B","INFERRED_ADP_CARD","17","17","1","BUF","0","0","0.4754772822633818","0.02796925189784599","0","-0.4754772822633818","-0.7063528897503019","0","0.3088106155967152","0","0","13","21"
"Lumber Jack","Jack McGirl","2024","B","INFERRED_ADP_CARD","17","17","1","CAR","1","0.058823529411764705","0.1801834202481568","0.010599024720479813","5.549900199600798","0.8198165797518432","1.9520041363211291","1","0.1801834202481568","5.549900199600798","0","6","3"
"Lumber Jack","Jack McGirl","2024","B","INFERRED_ADP_CARD","17","17","1","CHI","0","0","0.9894674534745422","0.05820396785144366","0","-0.9894674534745422","-1.030653863861227","0","0.6122744710184019","0","0","13","31"
"Lumber Jack","Jack McGirl","2024","B","INFERRED_ADP_CARD","17","17","1","CIN","0","0","0.6439855257636989","0.0378815015155117","0","-0.6439855257636989","-0.8294214017185295","0","0.43345920997422527","0","0","13","25"
"Lumber Jack","Jack McGirl","2024","B","INFERRED_ADP_CARD","17","17","1","CLE","2","0.11764705882352941","0.5681607025115387","0.0334212177947964","3.5201308206622794","1.4318392974884613","1.9443067139978276","2","0.48482736917820535","4.12517965598776","0","1","4"
"Lumber Jack","Jack McGirl","2024","B","INFERRED_ADP_CARD","17","17","1","DAL","0","0","0.7400905270729422","0.04353473688664366","0","-0.7400905270729422","-0.8805039845273398","0","0.551494035844872","0","0","13","30"
"Lumber Jack","Jack McGirl","2024","B","INFERRED_ADP_CARD","17","17","1","DEN","2","0.11764705882352941","0.4932404401581187","0.029014143538712865","4.054817563942765","1.5067595598418813","2.192881844221538","1","0.30464394893004854","3.282520475171549","1","1","1"
"Lumber Jack","Jack McGirl","2024","B","INFERRED_ADP_CARD","17","17","1","DET","0","0","1.0550551775049926","0.06206206926499956","0","-1.0550551775049926","-1.0649438268975144","0","0.6778621950488521","0","0","13","32"
"Lumber Jack","Jack McGirl","2024","B","INFERRED_ADP_CARD","17","17","1","GB","0","0","0.43345920997422527","0.025497600586719134","0","-0.43345920997422527","-0.6732860886293953","0","0.43345920997422527","0","0","13","20"
"Lumber Jack","Jack McGirl","2024","B","INFERRED_ADP_CARD","17","17","1","HOU","1","0.058823529411764705","0.7447966650577171","0.04381156853280689","1.3426483319746152","0.25520333494228287","0.30292071296961676","0","0.5562001738296469","0","1","6","12"
"Lumber Jack","Jack McGirl","2024","B","INFERRED_ADP_CARD","17","17","1","IND","1","0.058823529411764705","0.3301834202481568","0.019422554132244516","3.02861966614928","0.6698165797518432","1.1827963668367711","1","0.24685008691482346","4.051041717255112","0","6","8"
"Lumber Jack","Jack McGirl","2024","B","INFERRED_ADP_CARD","17","17","1","JAX","2","0.11764705882352941","0.5362577174369118","0.031544571613935986","3.72955005581862","1.4637422825630884","2.0481031077007468","2","0.3695910507702451","5.411386438691916","0","1","2"
"Lumber Jack","Jack McGirl","2024","B","INFERRED_ADP_CARD","17","17","1","KC","0","0","0.7017618391870702","0.04128010818747472","0","-0.7017618391870702","-0.8601329561736831","0","0.42983201462566684","0","0","13","28"
"Lumber Jack","Jack McGirl","2024","B","INFERRED_ADP_CARD","17","17","1","LV","1","0.058823529411764705","0.4228668404963136","0.024874520029194918","2.364810631229236","0.5771331595036864","0.9060535463571808","1","0.4228668404963136","2.364810631229236","0","6","10"
"Lumber Jack","Jack McGirl","2024","B","INFERRED_ADP_CARD","17","17","1","LAC","0","0","0.4112752660287655","0.024192662707574444","0","-0.4112752660287655","-0.6545787578410036","0","0.3060121081340287","0","0","13","16"
"Lumber Jack","Jack McGirl","2024","B","INFERRED_ADP_CARD","17","17","1","LAR","0","0","0.3667925433075586","0.021576031959268153","0","-0.3667925433075586","-0.6160675959330004","0","0.3667925433075586","0","0","13","15"
"Lumber Jack","Jack McGirl","2024","B","INFERRED_ADP_CARD","17","17","1","MIA","0","0","0.6984238604062755","0.04108375649448679","0","-0.6984238604062755","-0.8582575849281792","0","0.426494035844872","0","0","13","27"
"Lumber Jack","Jack McGirl","2024","B","INFERRED_ADP_CARD","17","17","1","MIN","0","0","0.4228668404963136","0.024874520029194918","0","-0.4228668404963136","-0.6638675913164092","0","0.4228668404963136","0","0","13","19"
"Lumber Jack","Jack McGirl","2024","B","INFERRED_ADP_CARD","17","17","1","NE","0","0","0.18190298507462688","0.01070017559262511","0","-0.18190298507462688","-0.43312003413468503","0","0.18190298507462688","0","0","13","13"
"Lumber Jack","Jack McGirl","2024","B","INFERRED_ADP_CARD","17","17","1","NO","1","0.058823529411764705","0.3885167535814901","0.022853926681264125","2.573891578115056","0.6114832464185098","1.0006344095912103","1","0.3051834202481568","3.2767179789349634","0","6","9"
"Lumber Jack","Jack McGirl","2024","B","INFERRED_ADP_CARD","17","17","1","NYG","0","0","0.23988491278547025","0.01411087722267472","0","-0.23988491278547025","-0.4965194434043183","0","0.23988491278547025","0","0","13","14"
"Lumber Jack","Jack McGirl","2024","B","INFERRED_ADP_CARD","17","17","1","NYJ","2","0.11764705882352941","0.7318369313861889","0.04304923125801111","2.7328492376187614","1.268163068613811","1.5320129406506677","1","0.43797728226338184","2.2832234467326558","1","1","7"
"Lumber Jack","Jack McGirl","2024","B","INFERRED_ADP_CARD","17","17","1","PHI","2","0.11764705882352941","0.7064855257636989","0.041557972103746996","2.8309143316673526","1.293514474236301","1.5881371402033044","1","0.49595920997422527","2.0162948482234446","1","1","5"
"Lumber Jack","Jack McGirl","2024","B","INFERRED_ADP_CARD","17","17","1","PIT","0","0","0.5912530719894503","0.03477959246996767","0","-0.5912530719894503","-0.7910641624826076","0","0.4245864053227837","0","0","13","24"
"Lumber Jack","Jack McGirl","2024","B","INFERRED_ADP_CARD","17","17","1","SEA","0","0","0.420068333033627","0.02470990194315453","0","-0.420068333033627","-0.6638246554360488","0","0.420068333033627","0","0","13","17"
"Lumber Jack","Jack McGirl","2024","B","INFERRED_ADP_CARD","17","17","1","SF","0","0","0.6868147373468737","0.04040086690275728","0","-0.6868147373468737","-0.848868637288976","0","0.49821824611880355","0","0","13","26"
"Lumber Jack","Jack McGirl","2024","B","INFERRED_ADP_CARD","17","17","1","TB","1","0.058823529411764705","0.24322289156626506","0.01430722891566265","4.1114551083591335","0.7567771084337349","1.5619842265960597","1","0.24322289156626506","4.1114551083591335","0","6","6"
"Lumber Jack","Jack McGirl","2024","B","INFERRED_ADP_CARD","17","17","1","TEN","0","0","0.420068333033627","0.02470990194315453","0","-0.420068333033627","-0.6638246554360488","0","0.420068333033627","0","0","13","18"
"Lumber Jack","Jack McGirl","2024","B","INFERRED_ADP_CARD","17","17","1","WAS","1","0.058823529411764705","0.4323802673380087","0.025434133372824044","2.312778994648848","0.5676197326619913","0.8880898985798001","1","0.4323802673380087","2.312778994648848","0","6","11"
"Lumber Jack","Jack McGirl","2025","B","INFERRED_ADP_CARD","17","17","1","ARI","0","0","0.6808754970519676","0.04005149982658633","0","-0.6808754970519676","-0.8459366315144499","0","0.6354209515974222","0","0","15","26"
"Lumber Jack","Jack McGirl","2025","B","INFERRED_ADP_CARD","17","17","1","ATL","0","0","0.4577505827505827","0.026926504867681337","0","-0.4577505827505827","-0.6903379049399245","0","0.4577505827505827","0","0","15","18"
"Lumber Jack","Jack McGirl","2025","B","INFERRED_ADP_CARD","17","17","1","BAL","0","0","0.4768013848896202","0.028047140287624717","0","-0.4768013848896202","-0.7041794853881266","0","0.38589229398052927","0","0","15","19"
"Lumber Jack","Jack McGirl","2025","B","INFERRED_ADP_CARD","17","17","1","BUF","0","0","0.7149178435943141","0.042053990799665535","0","-0.7149178435943141","-0.8700583414254487","0","0.5128976415741121","0","0","15","28"
"Lumber Jack","Jack McGirl","2025","B","INFERRED_ADP_CARD","17","17","1","CAR","0","0","0.20046620046620045","0.011792129439188262","0","-0.20046620046620045","-0.45217853137454067","0","0.20046620046620045","0","0","15","15"
"Lumber Jack","Jack McGirl","2025","B","INFERRED_ADP_CARD","17","17","1","CHI","2","0.11764705882352941","0.3311480186480186","0.01947929521458933","6.039595248570172","1.6688519813519813","2.943709387775479","2","0.3311480186480186","6.039595248570172","0","1","2"
"Lumber Jack","Jack McGirl","2025","B","INFERRED_ADP_CARD","17","17","1","CIN","0","0","0.5684531971296677","0.03343842336056869","0","-0.5684531971296677","-0.7691407681046145","0","0.5128976415741121","0","0","15","23"
"Lumber Jack","Jack McGirl","2025","B","INFERRED_ADP_CARD","17","17","1","CLE","1","0.058823529411764705","0.32339229398052927","0.01902307611650172","3.0922196311214756","0.6766077060194707","1.2050128732868337","1","0.32339229398052927","3.0922196311214756","0","4","7"
"Lumber Jack","Jack McGirl","2025","B","INFERRED_ADP_CARD","17","17","1","DAL","0","0","0.6958670414552768","0.04093335537972216","0","-0.6958670414552768","-0.8576618065228706","0","0.5847559303441656","0","0","15","27"
"Lumber Jack","Jack McGirl","2025","B","INFERRED_ADP_CARD","17","17","1","DEN","0","0","0.8374411536176242","0.049261244330448484","0","-0.8374411536176242","-0.9446796480966838","0","0.6354209515974222","0","0","15","31"
"Lumber Jack","Jack McGirl","2025","B","INFERRED_ADP_CARD","17","17","1","DET","0","0","0.9738047899812606","0.05728263470478004","0","-0.9738047899812606","-1.019193266841634","0","0.7717845879610585","0","0","15","32"
"Lumber Jack","Jack McGirl","2025","B","INFERRED_ADP_CARD","17","17","1","GB","0","0","0.4995286576168929","0.02938403868334664","0","-0.4995286576168929","-0.7183791158252153","0","0.45407411216234744","0","0","15","21"
"Lumber Jack","Jack McGirl","2025","B","INFERRED_ADP_CARD","17","17","1","HOU","2","0.11764705882352941","0.5514077425842131","0.03243574956377724","3.6270800091178486","1.448592257415787","1.9915343889115096","1","0.4503976415741121","2.220260293781871","1","1","4"
"Lumber Jack","Jack McGirl","2025","B","INFERRED_ADP_CARD","17","17","1","IND","1","0.058823529411764705","0.17613636363636365","0.01036096256684492","5.677419354838709","0.8238636363636364","1.9903204295169696","1","0.13068181818181818","7.6521739130434785","0","4","5"
"Lumber Jack","Jack McGirl","2025","B","INFERRED_ADP_CARD","17","17","1","JAX","1","0.058823529411764705","0.44999485808309336","0.02647028576959373","2.222247614694624","0.5500051419169066","0.8331345816695097","0","0.44999485808309336","0","1","4","9"
"Lumber Jack","Jack McGirl","2025","B","INFERRED_ADP_CARD","17","17","1","KC","1","0.058823529411764705","0.6865087526852232","0.04038286780501313","1.456645667063357","0.31349124731477684","0.3890866205210206","1","0.5753976415741121","1.7379285693008848","0","4","13"
"Lumber Jack","Jack McGirl","2025","B","INFERRED_ADP_CARD","17","17","1","LV","2","0.11764705882352941","0.316107911696147","0.018594583040949825","6.326953315621103","1.683892088303853","3.0492050588215727","2","0.316107911696147","6.326953315621103","0","1","1"
"Lumber Jack","Jack McGirl","2025","B","INFERRED_ADP_CARD","17","17","1","LAC","1","0.058823529411764705","0.4382284382284382","0.02577814342520225","2.2819148936170213","0.5617715617715617","0.8669211977088914","1","0.39277389277389274","2.5459940652818993","0","4","8"
"Lumber Jack","Jack McGirl","2025","B","INFERRED_ADP_CARD","17","17","1","LAR","0","0","0.39157411216234744","0.023033771303667495","0","-0.39157411216234744","-0.6355654440179096","0","0.39157411216234744","0","0","15","16"
"Lumber Jack","Jack McGirl","2025","B","INFERRED_ADP_CARD","17","17","1","MIA","0","0","0.6296905708670415","0.03704062181570832","0","-0.6296905708670415","-0.8165136393304925","0","0.5185794597559303","0","0","15","24"
"Lumber Jack","Jack McGirl","2025","B","INFERRED_ADP_CARD","17","17","1","MIN","1","0.058823529411764705","0.7397675853558207","0.043515740315048276","1.3517759088065615","0.26023241464417934","0.310556817904236","1","0.6488584944467297","1.5411680798795468","0","4","14"
"Lumber Jack","Jack McGirl","2025","B","INFERRED_ADP_CARD","17","17","1","NE","0","0","0.5140974221856575","0.030241024834450438","0","-0.5140974221856575","-0.7313227673386962","0","0.5140974221856575","0","0","15","22"
"Lumber Jack","Jack McGirl","2025","B","INFERRED_ADP_CARD","17","17","1","NO","1","0.058823529411764705","0.13636363636363635","0.00802139037433155","7.333333333333334","0.8636363636363636","2.365776664185823","1","0.13636363636363635","7.333333333333334","0","4","3"
"Lumber Jack","Jack McGirl","2025","B","INFERRED_ADP_CARD","17","17","1","NYG","0","0","0.4382284382284382","0.02577814342520225","0","-0.4382284382284382","-0.676270477880795","0","0.39277389277389274","0","0","15","17"
"Lumber Jack","Jack McGirl","2025","B","INFERRED_ADP_CARD","17","17","1","NYJ","0","0","0.49177293294940355","0.028927819585259033","0","-0.49177293294940355","-0.7155827922586973","0","0.4463183874948581","0","0","15","20"
"Lumber Jack","Jack McGirl","2025","B","INFERRED_ADP_CARD","17","17","1","PHI","1","0.058823529411764705","0.6090372046254399","0.03582571791914352","1.641935816737179","0.39096279537456013","0.5145637967554854","1","0.45247154805978335","2.210083715292246","0","4","11"
"Lumber Jack","Jack McGirl","2025","B","INFERRED_ADP_CARD","17","17","1","PIT","1","0.058823529411764705","0.4905788655788656","0.028857580328168566","2.038408235992873","0.5094211344211343","0.7420987775823762","1","0.38956876456876455","2.566940912490651","0","4","10"
"Lumber Jack","Jack McGirl","2025","B","INFERRED_ADP_CARD","17","17","1","SEA","1","0.058823529411764705","0.62004662004662","0.03647333059097765","1.612781954887218","0.37995337995337997","0.496242537467681","1","0.5291375291375291","1.8898678414096919","0","4","12"
"Lumber Jack","Jack McGirl","2025","B","INFERRED_ADP_CARD","17","17","1","SF","0","0","0.8229209515974221","0.048407114799848355","0","-0.8229209515974221","-0.9320958737103492","0","0.7774664061428767","0","0","15","30"
"Lumber Jack","Jack McGirl","2025","B","INFERRED_ADP_CARD","17","17","1","TB","0","0","0.6459933040815393","0.03799960612244349","0","-0.6459933040815393","-0.8226934710655519","0","0.5904377485259837","0","0","15","25"
"Lumber Jack","Jack McGirl","2025","B","INFERRED_ADP_CARD","17","17","1","TEN","1","0.058823529411764705","0.3193130399012752","0.01878311999419266","3.1317230273752013","0.6806869600987249","1.2237115801692806","1","0.3193130399012752","3.1317230273752013","0","4","6"
"Lumber Jack","Jack McGirl","2025","B","INFERRED_ADP_CARD","17","17","1","WAS","0","0","0.7717845879610585","0.04539909340947403","0","-0.7717845879610585","-0.9023753726908761","0","0.7717845879610585","0","0","15","29"
"Blonx Bombers","Guy","2021","B","INFERRED_ADP_CARD","17","16","0.9411764705882353","ARI","0","0","0.282032279314888","0.0176270174571805","0","-0.282032279314888","-0.5449790152705651","0","0.1911231884057971","0","0","12","15"
"Blonx Bombers","Guy","2021","B","INFERRED_ADP_CARD","17","16","0.9411764705882353","ATL","1","0.0625","0.35215378421900156","0.022009611513687598","2.8396684767076312","0.6478462157809984","1.1218405917660557","1","0.35215378421900156","2.8396684767076312","0","4","6"
"Blonx Bombers","Guy","2021","B","INFERRED_ADP_CARD","17","16","0.9411764705882353","BAL","1","0.0625","0.9941593663561626","0.062134960397260165","1.0058749470572759","0.005840633643837356","0.006088457602794577","1","0.7699169421137384","1.2988414013264717","0","4","11"
"Blonx Bombers","Guy","2021","B","INFERRED_ADP_CARD","17","16","0.9411764705882353","BUF","0","0","0.8010137607963694","0.05006336004977309","0","-0.8010137607963694","-0.9316346488334335","0","0.4434380032206119","0","0","12","31"
"Blonx Bombers","Guy","2021","B","INFERRED_ADP_CARD","17","16","0.9411764705882353","CAR","0","0","0.2222222222222222","0.013888888888888888","0","-0.2222222222222222","-0.48507125007266594","0","0.2222222222222222","0","0","12","13"
"Blonx Bombers","Guy","2021","B","INFERRED_ADP_CARD","17","16","0.9411764705882353","CHI","0","0","0.4434380032206119","0.027714875201288243","0","-0.4434380032206119","-0.6798112592183742","0","0.4434380032206119","0","0","12","22"
"Blonx Bombers","Guy","2021","B","INFERRED_ADP_CARD","17","16","0.9411764705882353","CIN","1","0.0625","0.517512077294686","0.03234450483091787","1.9323220536756127","0.48248792270531404","0.6873736935787104","1","0.517512077294686","1.9323220536756127","0","4","9"
"Blonx Bombers","Guy","2021","B","INFERRED_ADP_CARD","17","16","0.9411764705882353","CLE","0","0","1.084517659431847","0.06778235371449044","0","-1.084517659431847","-1.084788984165662","0","0.7269419018560895","0","0","12","32"
"Blonx Bombers","Guy","2021","B","INFERRED_ADP_CARD","17","16","0.9411764705882353","DAL","3","0.1875","0.28148148148148144","0.01759259259259259","10.657894736842106","2.7185185185185183","5.260060986115081","2","0.14814814814814814","13.5","1","1","1"
"Blonx Bombers","Guy","2021","B","INFERRED_ADP_CARD","17","16","0.9411764705882353","DEN","0","0","0.6870835548467127","0.04294272217791954","0","-0.6870835548467127","-0.8587790145474794","0","0.46284113060428844","0","0","12","29"
"Blonx Bombers","Guy","2021","B","INFERRED_ADP_CARD","17","16","0.9411764705882353","DET","1","0.0625","0.5230263157894737","0.032689144736842105","1.9119496855345912","0.4769736842105263","0.6874972537972959","1","0.5230263157894737","1.9119496855345912","0","4","8"
"Blonx Bombers","Guy","2021","B","INFERRED_ADP_CARD","17","16","0.9411764705882353","GB","1","0.0625","0.7421296296296296","0.04638310185185185","1.3474734872114786","0.2578703703703704","0.3100439159133086","1","0.6087962962962963","1.6425855513307985","0","4","10"
"Blonx Bombers","Guy","2021","B","INFERRED_ADP_CARD","17","16","0.9411764705882353","HOU","0","0","0.2824074074074074","0.01765046296296296","0","-0.2824074074074074","-0.5411383586694073","0","0.2824074074074074","0","0","12","14"
"Blonx Bombers","Guy","2021","B","INFERRED_ADP_CARD","17","16","0.9411764705882353","IND","1","0.0625","0.10416666666666666","0.006510416666666666","9.600000000000001","0.8958333333333334","2.8050107141298017","0","0.10416666666666666","0","1","4","2"
"Blonx Bombers","Guy","2021","B","INFERRED_ADP_CARD","17","16","0.9411764705882353","JAX","0","0","0.46064814814814814","0.02879050925925926","0","-0.46064814814814814","-0.6979277630245995","0","0.46064814814814814","0","0","12","24"
"Blonx Bombers","Guy","2021","B","INFERRED_ADP_CARD","17","16","0.9411764705882353","KC","1","0.0625","0.5037937537079413","0.03148710960674633","1.9849392586548795","0.4962062462920587","0.7146933519857827","1","0.370460420374608","2.6993436950398215","0","4","7"
"Blonx Bombers","Guy","2021","B","INFERRED_ADP_CARD","17","16","0.9411764705882353","LV","0","0","0.6707993358451024","0.0419249584903189","0","-0.6707993358451024","-0.8474572693941963","0","0.5798902449360115","0","0","12","27"
"Blonx Bombers","Guy","2021","B","INFERRED_ADP_CARD","17","16","0.9411764705882353","LAC","1","0.0625","0.17824074074074073","0.011140046296296295","5.6103896103896105","0.8217592592592593","1.9660726920707676","1","0.17824074074074073","5.6103896103896105","0","4","5"
"Blonx Bombers","Guy","2021","B","INFERRED_ADP_CARD","17","16","0.9411764705882353","LAR","3","0.1875","0.8332993358451024","0.0520812084903189","3.6001468751412204","2.166700664154898","2.4853825680258725","3","0.47572357826934486","6.306183121958823","0","1","3"
"Blonx Bombers","Guy","2021","B","INFERRED_ADP_CARD","17","16","0.9411764705882353","MIA","0","0","0.7319909622541202","0.04574943514088251","0","-0.7319909622541202","-0.8873174412899257","0","0.6410818713450293","0","0","12","30"
"Blonx Bombers","Guy","2021","B","INFERRED_ADP_CARD","17","16","0.9411764705882353","MIN","0","0","0.36843800322061193","0.023027375201288246","0","-0.36843800322061193","-0.6225236633327069","0","0.23510466988727857","0","0","12","17"
"Blonx Bombers","Guy","2021","B","INFERRED_ADP_CARD","17","16","0.9411764705882353","NE","2","0.125","0.49293372319688106","0.030808357699805066","4.057340583292141","1.5070662768031189","2.2203092107423146","1","0.49293372319688106","2.0286702916460704","1","3","4"
"Blonx Bombers","Guy","2021","B","INFERRED_ADP_CARD","17","16","0.9411764705882353","NO","0","0","0.3416666666666667","0.021354166666666667","0","-0.3416666666666667","-0.6001571110635495","0","0.20833333333333331","0","0","12","16"
"Blonx Bombers","Guy","2021","B","INFERRED_ADP_CARD","17","16","0.9411764705882353","NYG","0","0","0.3744129895445685","0.02340081184653553","0","-0.3744129895445685","-0.6265797664516339","0","0.28350389863547754","0","0","12","18"
"Blonx Bombers","Guy","2021","B","INFERRED_ADP_CARD","17","16","0.9411764705882353","NYJ","0","0","0.17824074074074073","0.011140046296296295","0","-0.17824074074074073","-0.4264439360266172","0","0.17824074074074073","0","0","12","12"
"Blonx Bombers","Guy","2021","B","INFERRED_ADP_CARD","17","16","0.9411764705882353","PHI","0","0","0.4005530129672006","0.025034563310450036","0","-0.4005530129672006","-0.6476121780966049","0","0.4005530129672006","0","0","12","19"
"Blonx Bombers","Guy","2021","B","INFERRED_ADP_CARD","17","16","0.9411764705882353","PIT","0","0","0.442512077294686","0.027657004830917875","0","-0.442512077294686","-0.6848548841087102","0","0.30917874396135264","0","0","12","23"
"Blonx Bombers","Guy","2021","B","INFERRED_ADP_CARD","17","16","0.9411764705882353","SEA","0","0","0.6520275215927389","0.04075172009954618","0","-0.6520275215927389","-0.8547559853628065","0","0.47020933977455714","0","0","12","28"
"Blonx Bombers","Guy","2021","B","INFERRED_ADP_CARD","17","16","0.9411764705882353","SF","0","0","0.633635265700483","0.03960220410628019","0","-0.633635265700483","-0.8213751526261931","0","0.5003019323671497","0","0","12","26"
"Blonx Bombers","Guy","2021","B","INFERRED_ADP_CARD","17","16","0.9411764705882353","TB","0","0","0.6055650902618865","0.03784781814136791","0","-0.6055650902618865","-0.80181894553579","0","0.6055650902618865","0","0","12","25"
"Blonx Bombers","Guy","2021","B","INFERRED_ADP_CARD","17","16","0.9411764705882353","TEN","0","0","0.4133454106280193","0.025834088164251208","0","-0.4133454106280193","-0.6576392201535597","0","0.4133454106280193","0","0","12","21"
"Blonx Bombers","Guy","2021","B","INFERRED_ADP_CARD","17","16","0.9411764705882353","WAS","0","0","0.4005530129672006","0.025034563310450036","0","-0.4005530129672006","-0.6476121780966049","0","0.4005530129672006","0","0","12","20"
"Blonx Bombers","Guy","2022","B","INFERRED_ADP_CARD","17","17","1","ARI","2","0.11764705882352941","0.8195104895104897","0.04820649938296998","2.440481269732912","1.1804895104895103","1.366339715653836","2","0.6945104895104897","2.8797261239490504","0","1","5"
"Blonx Bombers","Guy","2022","B","INFERRED_ADP_CARD","17","17","1","ATL","1","0.058823529411764705","0.3243006993006993","0.019076511723570548","3.0835579514824794","0.6756993006993006","1.2034083832553102","0","0.3243006993006993","0","1","5","6"
"Blonx Bombers","Guy","2022","B","INFERRED_ADP_CARD","17","17","1","BAL","1","0.058823529411764705","0.34442307692307694","0.020260180995475115","2.9034059184812953","0.6555769230769231","1.1345264720147987","1","0.28192307692307694","3.5470668485675305","0","5","8"
"Blonx Bombers","Guy","2022","B","INFERRED_ADP_CARD","17","17","1","BUF","1","0.058823529411764705","0.9020638571954361","0.05306257983502566","1.1085689688411333","0.09793614280456386","0.10639024360797378","1","0.7343006993006993","1.3618399123851246","0","5","13"
"Blonx Bombers","Guy","2022","B","INFERRED_ADP_CARD","17","17","1","CAR","0","0","0.20192307692307693","0.011877828054298642","0","-0.20192307692307693","-0.45320792254188663","0","0.20192307692307693","0","0","14","14"
"Blonx Bombers","Guy","2022","B","INFERRED_ADP_CARD","17","17","1","CHI","0","0","0.20192307692307693","0.011877828054298642","0","-0.20192307692307693","-0.45320792254188663","0","0.20192307692307693","0","0","14","15"
"Blonx Bombers","Guy","2022","B","INFERRED_ADP_CARD","17","17","1","CIN","0","0","0.7946153846153847","0.04674208144796381","0","-0.7946153846153847","-0.9272541448966621","0","0.6696153846153847","0","0","14","30"
"Blonx Bombers","Guy","2022","B","INFERRED_ADP_CARD","17","17","1","CLE","1","0.058823529411764705","0.3269230769230769","0.019230769230769232","3.0588235294117645","0.6730769230769231","1.1958164520357115","1","0.3269230769230769","3.0588235294117645","0","5","7"
"Blonx Bombers","Guy","2022","B","INFERRED_ADP_CARD","17","17","1","DAL","1","0.058823529411764705","0.791486934118513","0.046558054948147826","1.2634447353369265","0.208513065881487","0.2414210891648133","1","0.6862237762237762","1.4572505859574036","0","5","12"
"Blonx Bombers","Guy","2022","B","INFERRED_ADP_CARD","17","17","1","DEN","0","0","0.5504637467795364","0.032380220398796254","0","-0.5504637467795364","-0.7589051025445467","0","0.4978321678321679","0","0","14","23"
"Blonx Bombers","Guy","2022","B","INFERRED_ADP_CARD","17","17","1","DET","0","0","0.3697552447552448","0.0217503085150144","0","-0.3697552447552448","-0.6209990909195219","0","0.3697552447552448","0","0","14","20"
"Blonx Bombers","Guy","2022","B","INFERRED_ADP_CARD","17","17","1","GB","1","0.058823529411764705","0.38263157894736843","0.022507739938080498","2.6134800550206325","0.6173684210526316","1.0180712033983657","1","0.33","3.0303030303030303","0","5","9"
"Blonx Bombers","Guy","2022","B","INFERRED_ADP_CARD","17","17","1","HOU","1","0.058823529411764705","0.125","0.007352941176470588","8","0.875","2.497271238044365","1","0.125","8","0","5","1"
"Blonx Bombers","Guy","2022","B","INFERRED_ADP_CARD","17","17","1","IND","2","0.11764705882352941","0.5045546558704453","0.02967968563943796","3.9638916750250752","1.4954453441295548","2.1674314406503763","2","0.3269230769230769","6.117647058823529","0","1","2"
"Blonx Bombers","Guy","2022","B","INFERRED_ADP_CARD","17","17","1","JAX","0","0","0.6857692307692308","0.040339366515837104","0","-0.6857692307692308","-0.8493978098766685","0","0.6857692307692308","0","0","14","27"
"Blonx Bombers","Guy","2022","B","INFERRED_ADP_CARD","17","17","1","KC","0","0","0.773986934118513","0.04552864318344194","0","-0.773986934118513","-0.9033162330611613","0","0.6062237762237762","0","0","14","29"
"Blonx Bombers","Guy","2022","B","INFERRED_ADP_CARD","17","17","1","LV","0","0","0.9573868237026133","0.056316871982506664","0","-0.9573868237026133","-1.0130627915802204","0","0.7797552447552448","0","0","14","32"
"Blonx Bombers","Guy","2022","B","INFERRED_ADP_CARD","17","17","1","LAC","0","0","0.6210323886639676","0.03653131698023339","0","-0.6210323886639676","-0.812470907181434","0","0.5157692307692308","0","0","14","26"
"Blonx Bombers","Guy","2022","B","INFERRED_ADP_CARD","17","17","1","LAR","0","0","0.3557692307692308","0.020927601809954753","0","-0.3557692307692308","-0.6075658865973791","0","0.3557692307692308","0","0","14","19"
"Blonx Bombers","Guy","2022","B","INFERRED_ADP_CARD","17","17","1","MIA","2","0.11764705882352941","0.6691783216783217","0.0393634306869601","2.9887399743971574","1.3308216783216782","1.6749178769309663","1","0.6066783216783217","1.648319981557259","1","1","4"
"Blonx Bombers","Guy","2022","B","INFERRED_ADP_CARD","17","17","1","MIN","0","0","0.7095546558704453","0.041738509168849726","0","-0.7095546558704453","-0.8690102678814162","0","0.6569230769230769","0","0","14","28"
"Blonx Bombers","Guy","2022","B","INFERRED_ADP_CARD","17","17","1","NE","0","0","0.5975","0.03514705882352941","0","-0.5975","-0.7979412241218866","0","0.535","0","0","14","25"
"Blonx Bombers","Guy","2022","B","INFERRED_ADP_CARD","17","17","1","NO","1","0.058823529411764705","0.6341093117408907","0.03730054774946416","1.5770151636073424","0.3658906882591093","0.47307063093440715","1","0.5288461538461539","1.8909090909090909","0","5","11"
"Blonx Bombers","Guy","2022","B","INFERRED_ADP_CARD","17","17","1","NYG","0","0","0.23076923076923078","0.013574660633484163","0","-0.23076923076923078","-0.4918693768379647","0","0.23076923076923078","0","0","14","16"
"Blonx Bombers","Guy","2022","B","INFERRED_ADP_CARD","17","17","1","NYJ","1","0.058823529411764705","0.5288461538461539","0.031108597285067874","1.8909090909090909","0.47115384615384615","0.6636475612192683","1","0.5288461538461539","1.8909090909090909","0","5","10"
"Blonx Bombers","Guy","2022","B","INFERRED_ADP_CARD","17","17","1","PHI","0","0","0.48122377622377627","0.02830728095433978","0","-0.48122377622377627","-0.7071663428354859","0","0.48122377622377627","0","0","14","21"
"Blonx Bombers","Guy","2022","B","INFERRED_ADP_CARD","17","17","1","PIT","0","0","0.5500092013249909","0.03235348243088182","0","-0.5500092013249909","-0.7598810912776278","0","0.4973776223776224","0","0","14","24"
"Blonx Bombers","Guy","2022","B","INFERRED_ADP_CARD","17","17","1","SEA","0","0","0.5262237762237763","0.03095433977786919","0","-0.5262237762237763","-0.7408089567978984","0","0.5262237762237763","0","0","14","22"
"Blonx Bombers","Guy","2022","B","INFERRED_ADP_CARD","17","17","1","SF","0","0","0.85091001104159","0.05005353006127","0","-0.85091001104159","-0.9496894645238315","0","0.6831468531468532","0","0","14","31"
"Blonx Bombers","Guy","2022","B","INFERRED_ADP_CARD","17","17","1","TB","2","0.11764705882352941","0.5793099006256901","0.03407705297798177","3.452383599589577","1.42069009937431","1.935467018802362","2","0.40167832167832174","4.979108635097492","0","1","3"
"Blonx Bombers","Guy","2022","B","INFERRED_ADP_CARD","17","17","1","TEN","0","0","0.28192307692307694","0.01658371040723982","0","-0.28192307692307694","-0.53730589280824","0","0.28192307692307694","0","0","14","17"
"Blonx Bombers","Guy","2022","B","INFERRED_ADP_CARD","17","17","1","WAS","0","0","0.3269230769230769","0.019230769230769232","0","-0.3269230769230769","-0.580825133845917","0","0.3269230769230769","0","0","14","18"
"Blonx Bombers","Guy","2023","B","INFERRED_ADP_CARD","17","17","1","ARI","0","0","0.5299007444168735","0.03117063202452197","0","-0.5299007444168735","-0.741876643505204","0","0.5299007444168735","0","0","15","21"
"Blonx Bombers","Guy","2023","B","INFERRED_ADP_CARD","17","17","1","ATL","0","0","0.49888910899347333","0.029346418176086665","0","-0.49888910899347333","-0.7236661609742133","0","0.4400655795817086","0","0","15","20"
"Blonx Bombers","Guy","2023","B","INFERRED_ADP_CARD","17","17","1","BAL","0","0","0.7157832363714717","0.04210489625714539","0","-0.7157832363714717","-0.8753405018682632","0","0.5736263736263736","0","0","15","28"
"Blonx Bombers","Guy","2023","B","INFERRED_ADP_CARD","17","17","1","BUF","0","0","0.7112281140744139","0.04183694788673023","0","-0.7112281140744139","-0.8646717185961741","0","0.5690712513293158","0","0","15","27"
"Blonx Bombers","Guy","2023","B","INFERRED_ADP_CARD","17","17","1","CAR","0","0","0.19697802197802197","0.011586942469295411","0","-0.19697802197802197","-0.44753075551791444","0","0.19697802197802197","0","0","15","16"
"Blonx Bombers","Guy","2023","B","INFERRED_ADP_CARD","17","17","1","CHI","1","0.058823529411764705","0.4222084367245657","0.02483579039556269","2.368498383779019","0.5777915632754342","0.9051661757039838","1","0.4222084367245657","2.368498383779019","0","3","9"
"Blonx Bombers","Guy","2023","B","INFERRED_ADP_CARD","17","17","1","CIN","0","0","0.6125337976381618","0.03603139986106835","0","-0.6125337976381618","-0.8010232873376861","0","0.5120436015597305","0","0","15","23"
"Blonx Bombers","Guy","2023","B","INFERRED_ADP_CARD","17","17","1","CLE","0","0","0.5447122769703415","0.032041898645314204","0","-0.5447122769703415","-0.7564800317300697","0","0.46137894363700815","0","0","15","22"
"Blonx Bombers","Guy","2023","B","INFERRED_ADP_CARD","17","17","1","DAL","0","0","0.8261225333805978","0.048595443140035166","0","-0.8261225333805978","-0.9352465090978251","0","0.7844558667139312","0","0","15","31"
"Blonx Bombers","Guy","2023","B","INFERRED_ADP_CARD","17","17","1","DEN","1","0.058823529411764705","0.6648587971168616","0.03910934100687421","1.504078767305881","0.3351412028831384","0.42129592215572115","1","0.623192130450195","1.6046415722188252","0","3","14"
"Blonx Bombers","Guy","2023","B","INFERRED_ADP_CARD","17","17","1","DET","0","0","0.6583569656150301","0.038726880330295886","0","-0.6583569656150301","-0.8320074957445364","0","0.6583569656150301","0","0","15","24"
"Blonx Bombers","Guy","2023","B","INFERRED_ADP_CARD","17","17","1","GB","1","0.058823529411764705","0.36959706959706956","0.02174100409394527","2.7056491575817643","0.6304029304029304","1.0586140904326313","1","0.28626373626373625","3.4932821497120923","0","3","5"
"Blonx Bombers","Guy","2023","B","INFERRED_ADP_CARD","17","17","1","HOU","0","0","0.15380184331797234","0.009047167253998373","0","-0.15380184331797234","-0.39972792166781435","0","0.15380184331797234","0","0","15","15"
"Blonx Bombers","Guy","2023","B","INFERRED_ADP_CARD","17","17","1","IND","1","0.058823529411764705","0.35769230769230764","0.02104072398190045","2.795698924731183","0.6423076923076924","1.0902133103245233","1","0.35769230769230764","2.795698924731183","0","3","4"
"Blonx Bombers","Guy","2023","B","INFERRED_ADP_CARD","17","17","1","JAX","1","0.058823529411764705","0.5582620889546885","0.032838946409099325","1.7912733459519679","0.44173791104531146","0.6070679556982699","1","0.44061503013115916","2.269554898529737","0","3","13"
"Blonx Bombers","Guy","2023","B","INFERRED_ADP_CARD","17","17","1","KC","1","0.058823529411764705","0.5459587060630704","0.032115218003710026","1.8316403583176448","0.4540412939369296","0.6330038796404096","1","0.40380184331797236","2.4764621968616263","0","3","12"
"Blonx Bombers","Guy","2023","B","INFERRED_ADP_CARD","17","17","1","LV","0","0","0.6748135482480834","0.03969491460282843","0","-0.6748135482480834","-0.8453553929150556","0","0.5154998227578873","0","0","15","26"
"Blonx Bombers","Guy","2023","B","INFERRED_ADP_CARD","17","17","1","LAC","0","0","0.4475274725274725","0.0263251454427925","0","-0.4475274725274725","-0.6831869161398969","0","0.4475274725274725","0","0","15","19"
"Blonx Bombers","Guy","2023","B","INFERRED_ADP_CARD","17","17","1","LAR","1","0.058823529411764705","0.44061503013115916","0.02591853118418583","2.269554898529737","0.5593849698688409","0.8573716784555176","1","0.44061503013115916","2.269554898529737","0","3","11"
"Blonx Bombers","Guy","2023","B","INFERRED_ADP_CARD","17","17","1","MIA","0","0","0.8229260935143289","0.04840741726554876","0","-0.8229260935143289","-0.933526931110199","0","0.6807692307692308","0","0","15","29"
"Blonx Bombers","Guy","2023","B","INFERRED_ADP_CARD","17","17","1","MIN","2","0.11764705882352941","0.44877390162020137","0.026398464801188317","4.456587142833912","1.5512260983797987","2.355518571723679","1","0.38995037220843665","2.564428889595928","1","2","2"
"Blonx Bombers","Guy","2023","B","INFERRED_ADP_CARD","17","17","1","NE","1","0.058823529411764705","0.195468509984639","0.011498147646155235","5.115913555992142","0.8045314900153611","1.8556335452398691","0","0.15380184331797234","0","1","3","3"
"Blonx Bombers","Guy","2023","B","INFERRED_ADP_CARD","17","17","1","NO","0","0","0.8647435897435897","0.050867269984917036","0","-0.8647435897435897","-0.959416578100937","0","0.823076923076923","0","0","15","32"
"Blonx Bombers","Guy","2023","B","INFERRED_ADP_CARD","17","17","1","NYG","1","0.058823529411764705","0.4361688596033947","0.02565699174137616","2.2926900396082677","0.5638311403966053","0.8770836255166645","1","0.31852180077986525","3.139502531856881","0","3","10"
"Blonx Bombers","Guy","2023","B","INFERRED_ADP_CARD","17","17","1","NYJ","0","0","0.8229260935143289","0.04840741726554876","0","-0.8229260935143289","-0.933526931110199","0","0.6807692307692308","0","0","15","30"
"Blonx Bombers","Guy","2023","B","INFERRED_ADP_CARD","17","17","1","PHI","0","0","0.41901199685829665","0.024647764521076275","0","-0.41901199685829665","-0.658624674661045","0","0.31852180077986525","0","0","15","17"
"Blonx Bombers","Guy","2023","B","INFERRED_ADP_CARD","17","17","1","PIT","0","0","0.6702617275197921","0.03942716044234071","0","-0.6702617275197921","-0.8386472258360164","0","0.5869283941864587","0","0","15","25"
"Blonx Bombers","Guy","2023","B","INFERRED_ADP_CARD","17","17","1","SEA","3","0.17647058823529413","0.7805591467356173","0.04591524392562455","3.8433986873977766","2.219440853264383","2.6004908895619203","3","0.6629120879120879","4.525486945710734","0","1","1"
"Blonx Bombers","Guy","2023","B","INFERRED_ADP_CARD","17","17","1","SF","1","0.058823529411764705","0.39700165425971884","0.023353038485865812","2.5188811917287355","0.6029983457402812","0.9790769947286526","1","0.35533498759305215","2.8142458100558656","0","3","7"
"Blonx Bombers","Guy","2023","B","INFERRED_ADP_CARD","17","17","1","TB","1","0.058823529411764705","0.41236263736263734","0.02425662572721396","2.4250499666888743","0.5876373626373627","0.9339857121376661","1","0.41236263736263734","2.4250499666888743","0","3","8"
"Blonx Bombers","Guy","2023","B","INFERRED_ADP_CARD","17","17","1","TEN","1","0.058823529411764705","0.36918645870258776","0.02171685051191693","2.708658393144338","0.6308135412974123","1.0560562479276405","1","0.36918645870258776","2.708658393144338","0","3","6"
"Blonx Bombers","Guy","2023","B","INFERRED_ADP_CARD","17","17","1","WAS","0","0","0.4307692307692308","0.025339366515837104","0","-0.4307692307692308","-0.6775074858941583","0","0.4307692307692308","0","0","15","18"
"Blonx Bombers","Guy","2024","B","INFERRED_ADP_CARD","17","17","1","ARI","1","0.058823529411764705","0.493689948263119","0.029040585191948177","2.025562812283624","0.506310051736881","0.7348737940683636","1","0.493689948263119","2.025562812283624","0","5","9"
"Blonx Bombers","Guy","2024","B","INFERRED_ADP_CARD","17","17","1","ATL","1","0.058823529411764705","0.47443643754619363","0.02790802573801139","2.107763908632407","0.5255635624538064","0.7760980583636692","1","0.42443643754619365","2.3560653882153195","0","5","8"
"Blonx Bombers","Guy","2024","B","INFERRED_ADP_CARD","17","17","1","BAL","0","0","0.6104323725055433","0.035907786617973135","0","-0.6104323725055433","-0.8014583254311897","0","0.48043237250554327","0","0","13","25"
"Blonx Bombers","Guy","2024","B","INFERRED_ADP_CARD","17","17","1","BUF","0","0","0.4338525498891353","0.025520738228772665","0","-0.4338525498891353","-0.6712144699856378","0","0.3538525498891353","0","0","13","19"
"Blonx Bombers","Guy","2024","B","INFERRED_ADP_CARD","17","17","1","CAR","0","0","0.29785661492978566","0.01752097734881092","0","-0.29785661492978566","-0.5533960349687037","0","0.29785661492978566","0","0","13","14"
"Blonx Bombers","Guy","2024","B","INFERRED_ADP_CARD","17","17","1","CHI","0","0","0.8890354767184034","0.052296204512847264","0","-0.8890354767184034","-0.9725088661469704","0","0.7090354767184035","0","0","13","32"
"Blonx Bombers","Guy","2024","B","INFERRED_ADP_CARD","17","17","1","CIN","2","0.11764705882352941","0.4619364375461936","0.02717273162036433","4.3296","1.5380635624538064","2.3173085174439265","2","0.36193643754619365","5.525832142127833","0","2","3"
"Blonx Bombers","Guy","2024","B","INFERRED_ADP_CARD","17","17","1","CLE","0","0","0.7607132298595713","0.04474783705056302","0","-0.7607132298595713","-0.8973457798359408","0","0.7207132298595713","0","0","13","30"
"Blonx Bombers","Guy","2024","B","INFERRED_ADP_CARD","17","17","1","DAL","0","0","0.7284515890613452","0.04285009347419678","0","-0.7284515890613452","-0.8731925160275419","0","0.6384515890613451","0","0","13","28"
"Blonx Bombers","Guy","2024","B","INFERRED_ADP_CARD","17","17","1","DEN","0","0","0.5628566149297857","0.03310921264292857","0","-0.5628566149297857","-0.7693179566598102","0","0.42285661492978566","0","0","13","22"
"Blonx Bombers","Guy","2024","B","INFERRED_ADP_CARD","17","17","1","DET","3","0.17647058823529413","0.7619475240206948","0.044820442589452635","3.937279019123788","2.2380524759793055","2.6331008540021084","2","0.6319475240206948","3.1648197421128037","1","1","2"
"Blonx Bombers","Guy","2024","B","INFERRED_ADP_CARD","17","17","1","GB","0","0","0.5043606799704361","0.029668275292378594","0","-0.5043606799704361","-0.7258307003654308","0","0.5043606799704361","0","0","13","21"
"Blonx Bombers","Guy","2024","B","INFERRED_ADP_CARD","17","17","1","HOU","1","0.058823529411764705","0.7068606799704361","0.041580039998260945","1.4147059361709358","0.2931393200295639","0.35764754781299174","1","0.5668606799704361","1.76410189546425","0","5","12"
"Blonx Bombers","Guy","2024","B","INFERRED_ADP_CARD","17","17","1","IND","0","0","0.39543237250554325","0.02326072779444372","0","-0.39543237250554325","-0.6412850599502979","0","0.35543237250554327","0","0","13","17"
"Blonx Bombers","Guy","2024","B","INFERRED_ADP_CARD","17","17","1","JAX","0","0","0.6336031042128603","0.037270770836050605","0","-0.6336031042128603","-0.8170777992873184","0","0.5536031042128603","0","0","13","26"
"Blonx Bombers","Guy","2024","B","INFERRED_ADP_CARD","17","17","1","KC","1","0.058823529411764705","0.5544364375461937","0.03261390809095257","1.8036332612368817","0.44556356245380635","0.6107724634364147","1","0.42443643754619365","2.3560653882153195","0","5","11"
"Blonx Bombers","Guy","2024","B","INFERRED_ADP_CARD","17","17","1","LV","0","0","0.5691980783444198","0.03348223990261293","0","-0.5691980783444198","-0.7727815623277667","0","0.5691980783444198","0","0","13","23"
"Blonx Bombers","Guy","2024","B","INFERRED_ADP_CARD","17","17","1","LAC","0","0","0.417110125646711","0.024535889743924177","0","-0.417110125646711","-0.6585506997834429","0","0.367110125646711","0","0","13","18"
"Blonx Bombers","Guy","2024","B","INFERRED_ADP_CARD","17","17","1","LAR","2","0.11764705882352941","0.29526977087952694","0.017368810051736877","6.773466833541928","1.7047302291204731","3.187157814142812","2","0.29526977087952694","6.773466833541928","0","2","1"
"Blonx Bombers","Guy","2024","B","INFERRED_ADP_CARD","17","17","1","MIA","2","0.11764705882352941","0.5302808573540281","0.031192991609060475","3.7715862684154042","1.469719142645972","2.057899911662157","1","0.4402808573540281","2.271277488668793","1","2","4"
"Blonx Bombers","Guy","2024","B","INFERRED_ADP_CARD","17","17","1","MIN","1","0.058823529411764705","0.4335273466371027","0.025501608625711922","2.306659563132659","0.5664726533628973","0.8751789366892199","1","0.4335273466371027","2.306659563132659","0","5","5"
"Blonx Bombers","Guy","2024","B","INFERRED_ADP_CARD","17","17","1","NE","0","0","0.21401515151515152","0.012589126559714794","0","-0.21401515151515152","-0.46985751612656806","0","0.21401515151515152","0","0","13","13"
"Blonx Bombers","Guy","2024","B","INFERRED_ADP_CARD","17","17","1","NO","0","0","0.46285661492978564","0.027226859701752096","0","-0.46285661492978564","-0.6936305319100403","0","0.42285661492978566","0","0","13","20"
"Blonx Bombers","Guy","2024","B","INFERRED_ADP_CARD","17","17","1","NYG","0","0","0.29785661492978566","0.01752097734881092","0","-0.29785661492978566","-0.5533960349687037","0","0.29785661492978566","0","0","13","15"
"Blonx Bombers","Guy","2024","B","INFERRED_ADP_CARD","17","17","1","NYJ","0","0","0.7361899482631189","0.04330529107430111","0","-0.7361899482631189","-0.883120595877856","0","0.556189948263119","0","0","13","29"
"Blonx Bombers","Guy","2024","B","INFERRED_ADP_CARD","17","17","1","PHI","0","0","0.7800314116777533","0.04588420068692666","0","-0.7800314116777533","-0.9075528484698873","0","0.6400314116777532","0","0","13","31"
"Blonx Bombers","Guy","2024","B","INFERRED_ADP_CARD","17","17","1","PIT","1","0.058823529411764705","0.5161141906873614","0.030359658275727144","1.9375557154671508","0.4838858093126386","0.6885578591696161","1","0.43611419068736146","2.2929774388306323","0","5","10"
"Blonx Bombers","Guy","2024","B","INFERRED_ADP_CARD","17","17","1","SEA","1","0.058823529411764705","0.4467849223946785","0.02628146602321638","2.238213399503722","0.5532150776053215","0.8451959577426982","1","0.4467849223946785","2.238213399503722","0","5","7"
"Blonx Bombers","Guy","2024","B","INFERRED_ADP_CARD","17","17","1","SF","0","0","0.646189948263119","0.0380111734272423","0","-0.646189948263119","-0.8225028816878776","0","0.556189948263119","0","0","13","27"
"Blonx Bombers","Guy","2024","B","INFERRED_ADP_CARD","17","17","1","TB","0","0","0.35776977087952694","0.021045280639972172","0","-0.35776977087952694","-0.6076669818986583","0","0.35776977087952694","0","0","13","16"
"Blonx Bombers","Guy","2024","B","INFERRED_ADP_CARD","17","17","1","TEN","1","0.058823529411764705","0.4441980783444198","0.026129298726142343","2.2512479201331113","0.5558019216555802","0.852230934319607","1","0.4441980783444198","2.2512479201331113","0","5","6"
"Blonx Bombers","Guy","2024","B","INFERRED_ADP_CARD","17","17","1","WAS","0","0","0.5827050997782706","0.034276770575192385","0","-0.5827050997782706","-0.7843789441640792","0","0.5827050997782706","0","0","13","24"
"Blonx Bombers","Guy","2025","B","INFERRED_ADP_CARD","17","17","1","ARI","0","0","0.704488268077512","0.0414404863575007","0","-0.704488268077512","-0.8607252057200372","0","0.6590337226229666","0","0","16","29"
"Blonx Bombers","Guy","2025","B","INFERRED_ADP_CARD","17","17","1","ATL","0","0","0.4133559127645467","0.024315053692032157","0","-0.4133559127645467","-0.6542652772198846","0","0.4133559127645467","0","0","16","18"
"Blonx Bombers","Guy","2025","B","INFERRED_ADP_CARD","17","17","1","BAL","0","0","0.4766057275014731","0.02803563102949842","0","-0.4766057275014731","-0.7040033187945159","0","0.3856966365923822","0","0","16","20"
"Blonx Bombers","Guy","2025","B","INFERRED_ADP_CARD","17","17","1","BUF","1","0.058823529411764705","0.6438966138934831","0.037876271405499005","1.5530443528088276","0.35610338610651693","0.4559028042739279","1","0.4418764118732811","2.2630762202504138","0","3","11"
"Blonx Bombers","Guy","2025","B","INFERRED_ADP_CARD","17","17","1","CAR","1","0.058823529411764705","0.1482850384387936","0.008722649319929035","6.743768693918247","0.8517149615612064","2.2256742857850105","1","0.1482850384387936","6.743768693918247","0","3","2"
"Blonx Bombers","Guy","2025","B","INFERRED_ADP_CARD","17","17","1","CHI","1","0.058823529411764705","0.3571761374836478","0.02101036102844987","2.7997391064395556","0.6428238625163523","1.0926273765797105","1","0.3571761374836478","2.7997391064395556","0","3","6"
"Blonx Bombers","Guy","2025","B","INFERRED_ADP_CARD","17","17","1","CIN","0","0","0.5562554968406014","0.032720911578858904","0","-0.5562554968406014","-0.7606378801179943","0","0.5006999412850458","0","0","16","24"
"Blonx Bombers","Guy","2025","B","INFERRED_ADP_CARD","17","17","1","CLE","1","0.058823529411764705","0.3553936062893519","0.02090550625231482","2.8137816277590173","0.6446063937106481","1.0954033245764763","1","0.3553936062893519","2.8137816277590173","0","3","5"
"Blonx Bombers","Guy","2025","B","INFERRED_ADP_CARD","17","17","1","DAL","0","0","0.6394703285683214","0.0376159016804895","0","-0.6394703285683214","-0.8209314446973528","0","0.5283592174572103","0","0","16","28"
"Blonx Bombers","Guy","2025","B","INFERRED_ADP_CARD","17","17","1","DEN","1","0.058823529411764705","0.768948661485274","0.04523227420501612","1.3004769370017961","0.23105133851472603","0.2714847171334922","1","0.5669284594650719","1.763890987133641","0","3","14"
"Blonx Bombers","Guy","2025","B","INFERRED_ADP_CARD","17","17","1","DET","0","0","0.9734134752049665","0.057259616188527436","0","-0.9734134752049665","-1.0188932561226955","0","0.7713932731847644","0","0","16","32"
"Blonx Bombers","Guy","2025","B","INFERRED_ADP_CARD","17","17","1","GB","0","0","0.48733095732782655","0.028666526901636857","0","-0.48733095732782655","-0.7092717291090083","0","0.4418764118732811","0","0","16","21"
"Blonx Bombers","Guy","2025","B","INFERRED_ADP_CARD","17","17","1","HOU","2","0.11764705882352941","0.5580380280348973","0.03282576635499396","3.5839851399427003","1.4419619719651027","1.972463998595243","2","0.4115733815702508","4.859400752229218","0","1","4"
"Blonx Bombers","Guy","2025","B","INFERRED_ADP_CARD","17","17","1","IND","0","0","0.16224038134150492","0.009543551843617937","0","-0.16224038134150492","-0.4109393954097508","0","0.11678583588695948","0","0","16","16"
"Blonx Bombers","Guy","2025","B","INFERRED_ADP_CARD","17","17","1","JAX","1","0.058823529411764705","0.47717768002493366","0.028069275295584332","2.0956554379235586","0.5228223199750663","0.7709395310865985","1","0.4216221244693781","2.3717920430729884","0","3","8"
"Blonx Bombers","Guy","2025","B","INFERRED_ADP_CARD","17","17","1","KC","1","0.058823529411764705","0.6427383024245306","0.03780813543673709","1.5558431732289963","0.35726169757546944","0.4558931028384479","0","0.587182746868975","0","1","3","12"
"Blonx Bombers","Guy","2025","B","INFERRED_ADP_CARD","17","17","1","LV","0","0","0.4159996668954125","0.024470568640906618","0","-0.4159996668954125","-0.6551184878917999","0","0.4159996668954125","0","0","16","19"
"Blonx Bombers","Guy","2025","B","INFERRED_ADP_CARD","17","17","1","LAC","0","0","0.5850586780596868","0.034415216356452165","0","-0.5850586780596868","-0.7822738108128011","0","0.5396041326051414","0","0","16","26"
"Blonx Bombers","Guy","2025","B","INFERRED_ADP_CARD","17","17","1","LAR","0","0","0.4115733815702508","0.024210198915897107","0","-0.4115733815702508","-0.6513129625001826","0","0.4115733815702508","0","0","16","17"
"Blonx Bombers","Guy","2025","B","INFERRED_ADP_CARD","17","17","1","MIA","1","0.058823529411764705","0.5455825342161307","0.03209309024800769","1.8329032498020792","0.4544174657838693","0.6332123543277586","1","0.4344714231050196","2.301647350827679","0","3","10"
"Blonx Bombers","Guy","2025","B","INFERRED_ADP_CARD","17","17","1","MIN","1","0.058823529411764705","0.6754480836472","0.03973224021454118","1.4804986855545215","0.3245519163528","0.40532528527529194","1","0.584538992738109","1.71074986001495","0","3","13"
"Blonx Bombers","Guy","2025","B","INFERRED_ADP_CARD","17","17","1","NE","0","0","0.5699071629081717","0.033523950759304214","0","-0.5699071629081717","-0.7717366694956049","0","0.5699071629081717","0","0","16","25"
"Blonx Bombers","Guy","2025","B","INFERRED_ADP_CARD","17","17","1","NO","1","0.058823529411764705","0.1482850384387936","0.008722649319929035","6.743768693918247","0.8517149615612064","2.2256742857850105","1","0.1482850384387936","6.743768693918247","0","3","3"
"Blonx Bombers","Guy","2025","B","INFERRED_ADP_CARD","17","17","1","NYG","0","0","0.5262351486479221","0.030955008743995416","0","-0.5262351486479221","-0.7425374442769744","0","0.4807806031933767","0","0","16","22"
"Blonx Bombers","Guy","2025","B","INFERRED_ADP_CARD","17","17","1","NYJ","0","0","0.5517769443135567","0.03245746731256216","0","-0.5517769443135567","-0.7583831856521731","0","0.5063223988590113","0","0","16","23"
"Blonx Bombers","Guy","2025","B","INFERRED_ADP_CARD","17","17","1","PHI","0","0","0.592819610864972","0.03487174181558659","0","-0.592819610864972","-0.7909937777160995","0","0.4362539542993155","0","0","16","27"
"Blonx Bombers","Guy","2025","B","INFERRED_ADP_CARD","17","17","1","PIT","2","0.11764705882352941","0.4278832081907185","0.02516960048180697","4.674172675429106","1.5721167918092815","2.4420472815712815","2","0.32687310718061746","6.118582275705163","0","1","1"
"Blonx Bombers","Guy","2025","B","INFERRED_ADP_CARD","17","17","1","SEA","0","0","0.7402290199451643","0.043542883526186134","0","-0.7402290199451643","-0.8867764969872647","0","0.6493199290360734","0","0","16","30"
"Blonx Bombers","Guy","2025","B","INFERRED_ADP_CARD","17","17","1","SF","1","0.058823529411764705","0.797270018162633","0.046898236362507825","1.2542802027154778","0.202729981837367","0.23343042915213805","0","0.797270018162633","0","1","3","15"
"Blonx Bombers","Guy","2025","B","INFERRED_ADP_CARD","17","17","1","TB","1","0.058823529411764705","0.5176862548327397","0.03045213263721998","1.9316719164643306","0.48231374516726033","0.6855594994352225","1","0.4621306992771841","2.163890002469202","0","3","9"
"Blonx Bombers","Guy","2025","B","INFERRED_ADP_CARD","17","17","1","TEN","1","0.058823529411764705","0.3580373604202177","0.021061021201189276","2.7930046150109304","0.6419626395797823","1.091940491035049","1","0.3580373604202177","2.7930046150109304","0","3","7"
"Blonx Bombers","Guy","2025","B","INFERRED_ADP_CARD","17","17","1","WAS","0","0","0.7713932731847644","0.04537607489322143","0","-0.7713932731847644","-0.9020388769523179","0","0.7713932731847644","0","0","16","31"
"Go Diego Go!!!","Diego Ruiz","2021","B","INFERRED_ADP_CARD","17","17","1","ARI","1","0.058823529411764705","0.1911231884057971","0.011242540494458652","5.2322274881516595","0.8088768115942029","1.8797250907819376","0","0.1911231884057971","0","1","3","3"
"Go Diego Go!!!","Diego Ruiz","2021","B","INFERRED_ADP_CARD","17","17","1","ATL","1","0.058823529411764705","0.3934643255295429","0.02314496032526723","2.541526474234107","0.6065356744704571","0.9918550294975119","1","0.3934643255295429","2.541526474234107","0","3","7"
"Go Diego Go!!!","Diego Ruiz","2021","B","INFERRED_ADP_CARD","17","17","1","BAL","0","0","1.0688032410000374","0.06287077888235515","0","-1.0688032410000374","-1.0799314498463797","0","0.9153941500909465","0","0","16","32"
"Go Diego Go!!!","Diego Ruiz","2021","B","INFERRED_ADP_CARD","17","17","1","BUF","0","0","0.7419681767507854","0.04364518686769326","0","-0.7419681767507854","-0.8888927757657327","0","0.5260590858416945","0","0","16","28"
"Go Diego Go!!!","Diego Ruiz","2021","B","INFERRED_ADP_CARD","17","17","1","CAR","1","0.058823529411764705","0.23076923076923078","0.013574660633484163","4.333333333333333","0.7692307692307692","1.6329931618554518","1","0.23076923076923078","4.333333333333333","0","3","4"
"Go Diego Go!!!","Diego Ruiz","2021","B","INFERRED_ADP_CARD","17","17","1","CHI","2","0.11764705882352941","0.3065078037904125","0.018029870811200735","6.525119345305751","1.6934921962095875","3.1004797859276607","2","0.3065078037904125","6.525119345305751","0","1","2"
"Go Diego Go!!!","Diego Ruiz","2021","B","INFERRED_ADP_CARD","17","17","1","CIN","1","0.058823529411764705","0.6414437012263099","0.037731982425077054","1.5589832717792744","0.3585562987736901","0.4594565280555555","1","0.6414437012263099","1.5589832717792744","0","3","12"
"Go Diego Go!!!","Diego Ruiz","2021","B","INFERRED_ADP_CARD","17","17","1","CLE","0","0","1.0667826166968044","0.06275191862922379","0","-1.0667826166968044","-1.069959438852735","0","0.8508735257877135","0","0","16","31"
"Go Diego Go!!!","Diego Ruiz","2021","B","INFERRED_ADP_CARD","17","17","1","DAL","0","0","0.592511655011655","0.03485362676539147","0","-0.592511655011655","-0.7898157264657789","0","0.4391025641025641","0","0","16","25"
"Go Diego Go!!!","Diego Ruiz","2021","B","INFERRED_ADP_CARD","17","17","1","DEN","0","0","0.6988713041344621","0.04111007671379189","0","-0.6988713041344621","-0.864522678591861","0","0.5454622132253711","0","0","16","26"
"Go Diego Go!!!","Diego Ruiz","2021","B","INFERRED_ADP_CARD","17","17","1","DET","1","0.058823529411764705","0.5230263157894737","0.030766253869969038","1.9119496855345912","0.4769736842105263","0.6874972537972959","1","0.5230263157894737","1.9119496855345912","0","3","9"
"Go Diego Go!!!","Diego Ruiz","2021","B","INFERRED_ADP_CARD","17","17","1","GB","0","0","0.9418016194331984","0.055400095260776376","0","-0.9418016194331984","-1.005495593588081","0","0.8793016194331984","0","0","16","30"
"Go Diego Go!!!","Diego Ruiz","2021","B","INFERRED_ADP_CARD","17","17","1","HOU","0","0","0.3237179487179487","0.019042232277526393","0","-0.3237179487179487","-0.5787894337583043","0","0.3237179487179487","0","0","16","19"
"Go Diego Go!!!","Diego Ruiz","2021","B","INFERRED_ADP_CARD","17","17","1","IND","0","0","0.16666666666666666","0.00980392156862745","0","-0.16666666666666666","-0.41590019592802907","0","0.10416666666666666","0","0","16","16"
"Go Diego Go!!!","Diego Ruiz","2021","B","INFERRED_ADP_CARD","17","17","1","JAX","0","0","0.5432692307692308","0.03195701357466064","0","-0.5432692307692308","-0.7571284874952732","0","0.5432692307692308","0","0","16","24"
"Go Diego Go!!!","Diego Ruiz","2021","B","INFERRED_ADP_CARD","17","17","1","KC","1","0.058823529411764705","0.48439241917502784","0.028493671716178108","2.0644418872266974","0.5156075808249722","0.7555879557778258","1","0.42189241917502784","2.3702725020644095","0","3","8"
"Go Diego Go!!!","Diego Ruiz","2021","B","INFERRED_ADP_CARD","17","17","1","LV","0","0","0.7121098771556438","0.041888816303273166","0","-0.7121098771556438","-0.8719319955020605","0","0.6212007862465528","0","0","16","27"
"Go Diego Go!!!","Diego Ruiz","2021","B","INFERRED_ADP_CARD","17","17","1","LAC","0","0","0.3065078037904125","0.018029870811200735","0","-0.3065078037904125","-0.5611606903228052","0","0.3065078037904125","0","0","16","18"
"Go Diego Go!!!","Diego Ruiz","2021","B","INFERRED_ADP_CARD","17","17","1","LAR","1","0.058823529411764705","0.9341878563846527","0.05495222684615604","1.0704485111485424","0.06581214361534726","0.07047386785819071","1","0.7182787654755618","1.3922171280365148","0","3","15"
"Go Diego Go!!!","Diego Ruiz","2021","B","INFERRED_ADP_CARD","17","17","1","MIA","0","0","0.8559225861857441","0.05034838742269083","0","-0.8559225861857441","-0.9588422339719231","0","0.7650134952766532","0","0","16","29"
"Go Diego Go!!!","Diego Ruiz","2021","B","INFERRED_ADP_CARD","17","17","1","MIN","0","0","0.3802257525083612","0.022366220735785952","0","-0.3802257525083612","-0.6305099477451728","0","0.3177257525083612","0","0","16","20"
"Go Diego Go!!!","Diego Ruiz","2021","B","INFERRED_ADP_CARD","17","17","1","NE","1","0.058823529411764705","0.5978407557354926","0.03516710327855838","1.672686230248307","0.40215924426450744","0.5474296429194924","1","0.5353407557354926","1.867969119268946","0","3","11"
"Go Diego Go!!!","Diego Ruiz","2021","B","INFERRED_ADP_CARD","17","17","1","NO","2","0.11764705882352941","0.10416666666666666","0.006127450980392156","19.200000000000003","1.8958333333333333","5.936185464786324","1","0.10416666666666666","9.600000000000001","1","1","1"
"Go Diego Go!!!","Diego Ruiz","2021","B","INFERRED_ADP_CARD","17","17","1","NYG","0","0","0.4157235308551098","0.024454325344418226","0","-0.4157235308551098","-0.65935567246774","0","0.3248144399460189","0","0","16","21"
"Go Diego Go!!!","Diego Ruiz","2021","B","INFERRED_ADP_CARD","17","17","1","NYJ","0","0","0.21955128205128205","0.012914781297134238","0","-0.21955128205128205","-0.4733179567247902","0","0.21955128205128205","0","0","16","17"
"Go Diego Go!!!","Diego Ruiz","2021","B","INFERRED_ADP_CARD","17","17","1","PHI","1","0.058823529411764705","0.31359649122807015","0.0184468524251806","3.188811188811189","0.6864035087719298","1.2545014608514689","1","0.31359649122807015","3.188811188811189","0","3","6"
"Go Diego Go!!!","Diego Ruiz","2021","B","INFERRED_ADP_CARD","17","17","1","PIT","0","0","0.4956103678929766","0.029153551052528034","0","-0.4956103678929766","-0.7245014714848937","0","0.4331103678929766","0","0","16","22"
"Go Diego Go!!!","Diego Ruiz","2021","B","INFERRED_ADP_CARD","17","17","1","SEA","1","0.058823529411764705","0.7018850714502889","0.04128735714413464","1.4247346761966644","0.2981149285497111","0.3744813930817986","1","0.520066889632107","1.9228295819935692","0","3","14"
"Go Diego Go!!!","Diego Ruiz","2021","B","INFERRED_ADP_CARD","17","17","1","SF","1","0.058823529411764705","0.5713489409141583","0.03360876123024461","1.7502439024390244","0.42865105908584167","0.582633353105852","1","0.5088489409141583","1.9652197726961522","0","3","10"
"Go Diego Go!!!","Diego Ruiz","2021","B","INFERRED_ADP_CARD","17","17","1","TB","1","0.058823529411764705","0.6425401924543801","0.037796481909081185","1.5563228755857157","0.3574598075456199","0.4572762280056389","1","0.6425401924543801","1.5563228755857157","0","3","13"
"Go Diego Go!!!","Diego Ruiz","2021","B","INFERRED_ADP_CARD","17","17","1","TEN","0","0","0.5372770345596433","0.0316045314446849","0","-0.5372770345596433","-0.7513403277292366","0","0.5372770345596433","0","0","16","23"
"Go Diego Go!!!","Diego Ruiz","2021","B","INFERRED_ADP_CARD","17","17","1","WAS","1","0.058823529411764705","0.29638634630053395","0.017434490958854937","3.373974585813093","0.703613653699466","1.3182312373855956","1","0.29638634630053395","3.373974585813093","0","3","5"
"Go Diego Go!!!","Diego Ruiz","2022","B","INFERRED_ADP_CARD","17","17","1","ARI","0","0","1.1558309234625024","0.06799005432132367","0","-1.1558309234625024","-1.1425343340511345","0","1.0308309234625024","0","0","16","32"
"Go Diego Go!!!","Diego Ruiz","2022","B","INFERRED_ADP_CARD","17","17","1","ATL","1","0.058823529411764705","0.3216093117408907","0.018918194808287686","3.109362706530291","0.6783906882591093","1.2162254586575312","1","0.2591093117408907","3.859375","0","3","7"
"Go Diego Go!!!","Diego Ruiz","2022","B","INFERRED_ADP_CARD","17","17","1","BAL","0","0","0.4299493927125506","0.025291140747797095","0","-0.4299493927125506","-0.6679963942793915","0","0.3674493927125506","0","0","16","20"
"Go Diego Go!!!","Diego Ruiz","2022","B","INFERRED_ADP_CARD","17","17","1","BUF","1","0.058823529411764705","0.9209769616348564","0.054175115390285675","1.085803490919976","0.07902303836514357","0.08531575783722754","1","0.7532138037401196","1.3276442824526735","0","3","15"
"Go Diego Go!!!","Diego Ruiz","2022","B","INFERRED_ADP_CARD","17","17","1","CAR","1","0.058823529411764705","0.10526315789473684","0.006191950464396284","9.5","0.8947368421052632","2.782278100508903","1","0.10526315789473684","9.5","0","3","3"
"Go Diego Go!!!","Diego Ruiz","2022","B","INFERRED_ADP_CARD","17","17","1","CHI","0","0","0.18218623481781376","0.010716837342224339","0","-0.18218623481781376","-0.43042727528476404","0","0.18218623481781376","0","0","16","16"
"Go Diego Go!!!","Diego Ruiz","2022","B","INFERRED_ADP_CARD","17","17","1","CIN","0","0","0.7748785425101214","0.0455810907358895","0","-0.7748785425101214","-0.9163771040993018","0","0.6498785425101214","0","0","16","28"
"Go Diego Go!!!","Diego Ruiz","2022","B","INFERRED_ADP_CARD","17","17","1","CLE","0","0","0.39271255060728744","0.02310073827101691","0","-0.39271255060728744","-0.6413750595810294","0","0.39271255060728744","0","0","16","19"
"Go Diego Go!!!","Diego Ruiz","2022","B","INFERRED_ADP_CARD","17","17","1","DAL","0","0","0.8787198766146135","0.05168940450674197","0","-0.8787198766146135","-0.9680358263321643","0","0.7734567187198766","0","0","16","30"
"Go Diego Go!!!","Diego Ruiz","2022","B","INFERRED_ADP_CARD","17","17","1","DEN","0","0","0.6105571621361094","0.03591512718447703","0","-0.6105571621361094","-0.8031726985473074","0","0.5579255831887411","0","0","16","26"
"Go Diego Go!!!","Diego Ruiz","2022","B","INFERRED_ADP_CARD","17","17","1","DET","0","0","0.44958550221708116","0.02644620601276948","0","-0.44958550221708116","-0.6897426714658901","0","0.44958550221708116","0","0","16","22"
"Go Diego Go!!!","Diego Ruiz","2022","B","INFERRED_ADP_CARD","17","17","1","GB","0","0","0.43839598997493734","0.025787999410290433","0","-0.43839598997493734","-0.6760542912668819","0","0.3857644110275689","0","0","16","21"
"Go Diego Go!!!","Diego Ruiz","2022","B","INFERRED_ADP_CARD","17","17","1","HOU","1","0.058823529411764705","0.07692307692307693","0.004524886877828055","13","0.9230769230769231","3.3541019662496847","1","0.07692307692307693","13","0","3","1"
"Go Diego Go!!!","Diego Ruiz","2022","B","INFERRED_ADP_CARD","17","17","1","IND","1","0.058823529411764705","0.5847672064777327","0.034398070969278396","1.7100822154911295","0.4152327935222673","0.5565020139869514","0","0.46963562753036436","0","1","3","11"
"Go Diego Go!!!","Diego Ruiz","2022","B","INFERRED_ADP_CARD","17","17","1","JAX","1","0.058823529411764705","0.5212955465587045","0.03066444391521791","1.9182976079527803","0.47870445344129553","0.6769512236008743","1","0.5212955465587045","1.9182976079527803","0","3","10"
"Go Diego Go!!!","Diego Ruiz","2022","B","INFERRED_ADP_CARD","17","17","1","KC","0","0","0.7842967996915365","0.046135105864208034","0","-0.7842967996915365","-0.9095552073270737","0","0.6165336417967997","0","0","16","27"
"Go Diego Go!!!","Diego Ruiz","2022","B","INFERRED_ADP_CARD","17","17","1","LV","0","0","0.9977433969539233","0.058690788056113136","0","-0.9977433969539233","-1.0362545819878235","0","0.8201118180065549","0","0","16","31"
"Go Diego Go!!!","Diego Ruiz","2022","B","INFERRED_ADP_CARD","17","17","1","LAC","0","0","0.6012955465587044","0.035370326268159086","0","-0.6012955465587044","-0.800010031739902","0","0.49603238866396765","0","0","16","25"
"Go Diego Go!!!","Diego Ruiz","2022","B","INFERRED_ADP_CARD","17","17","1","LAR","1","0.058823529411764705","0.2591093117408907","0.015241724220052393","3.859375","0.7408906882591093","1.4743433178370897","1","0.2591093117408907","3.859375","0","3","6"
"Go Diego Go!!!","Diego Ruiz","2022","B","INFERRED_ADP_CARD","17","17","1","MIA","1","0.058823529411764705","0.8016401580875265","0.047155303416913326","1.2474424963760558","0.19835984191247347","0.2288136118490966","1","0.6865085791401582","1.4566460352942496","0","3","14"
"Go Diego Go!!!","Diego Ruiz","2022","B","INFERRED_ADP_CARD","17","17","1","MIN","2","0.11764705882352941","0.42008097165991903","0.024710645391759944","4.760986892829607","1.579919028340081","2.4809480874587355","2","0.3674493927125506","5.442926399294843","0","1","4"
"Go Diego Go!!!","Diego Ruiz","2022","B","INFERRED_ADP_CARD","17","17","1","NE","0","0","0.5382894736842105","0.031664086687306504","0","-0.5382894736842105","-0.7575062610217699","0","0.47578947368421054","0","0","16","24"
"Go Diego Go!!!","Diego Ruiz","2022","B","INFERRED_ADP_CARD","17","17","1","NO","1","0.058823529411764705","0.6022672064777328","0.03542748273398428","1.6603925786501748","0.3977327935222672","0.5245405219707315","0","0.5496356275303644","0","1","3","12"
"Go Diego Go!!!","Diego Ruiz","2022","B","INFERRED_ADP_CARD","17","17","1","NYG","1","0.058823529411764705","0.15384615384615385","0.00904977375565611","6.5","0.8461538461538461","2.1912524504463886","1","0.15384615384615385","6.5","0","3","5"
"Go Diego Go!!!","Diego Ruiz","2022","B","INFERRED_ADP_CARD","17","17","1","NYJ","1","0.058823529411764705","0.46963562753036436","0.02762562514884496","2.1293103448275863","0.5303643724696356","0.7921345974897649","1","0.46963562753036436","2.1293103448275863","0","3","9"
"Go Diego Go!!!","Diego Ruiz","2022","B","INFERRED_ADP_CARD","17","17","1","PHI","2","0.11764705882352941","0.3543474069789859","0.020843965116410935","5.64417845484222","1.6456525930210142","2.808952487642953","2","0.3543474069789859","5.64417845484222","0","1","2"
"Go Diego Go!!!","Diego Ruiz","2022","B","INFERRED_ADP_CARD","17","17","1","PIT","1","0.058823529411764705","0.44534412955465585","0.02619671350321505","2.2454545454545456","0.5546558704453441","0.8510334617301454","1","0.39271255060728744","2.54639175257732","0","3","8"
"Go Diego Go!!!","Diego Ruiz","2022","B","INFERRED_ADP_CARD","17","17","1","SEA","0","0","0.5365336417967996","0.031560802458635275","0","-0.5365336417967996","-0.7483969252053488","0","0.5365336417967996","0","0","16","23"
"Go Diego Go!!!","Diego Ruiz","2022","B","INFERRED_ADP_CARD","17","17","1","SF","1","0.058823529411764705","0.7812198766146135","0.04595411038909491","1.2800493560576849","0.21878012338538655","0.2551250097892495","1","0.6134567187198766","1.6301068510370835","0","3","13"
"Go Diego Go!!!","Diego Ruiz","2022","B","INFERRED_ADP_CARD","17","17","1","TB","0","0","0.8610632350106033","0.05065077853003549","0","-0.8610632350106033","-0.9623696532499754","0","0.683431656063235","0","0","16","29"
"Go Diego Go!!!","Diego Ruiz","2022","B","INFERRED_ADP_CARD","17","17","1","TEN","0","0","0.2621862348178138","0.015422719695165517","0","-0.2621862348178138","-0.5182355017194186","0","0.2621862348178138","0","0","16","17"
"Go Diego Go!!!","Diego Ruiz","2022","B","INFERRED_ADP_CARD","17","17","1","WAS","0","0","0.2874493927125506","0.016908787806620623","0","-0.2874493927125506","-0.5443189231845862","0","0.2874493927125506","0","0","16","18"
"Go Diego Go!!!","Diego Ruiz","2023","B","INFERRED_ADP_CARD","17","17","1","ARI","1","0.058823529411764705","0.4360218728639781","0.025648345462586947","2.2934629252233893","0.5639781271360219","0.8720245898822324","1","0.4360218728639781","2.2934629252233893","0","3","9"
"Go Diego Go!!!","Diego Ruiz","2023","B","INFERRED_ADP_CARD","17","17","1","ATL","1","0.058823529411764705","0.426925602776996","0.025113270751588","2.3423284841559355","0.573074397223004","0.8963204437107473","1","0.36810207336523126","2.716637781629116","0","3","8"
"Go Diego Go!!!","Diego Ruiz","2023","B","INFERRED_ADP_CARD","17","17","1","BAL","0","0","0.7392300793835321","0.043484122316678364","0","-0.7392300793835321","-0.8909592218023867","0","0.5064935064935066","0","0","16","31"
"Go Diego Go!!!","Diego Ruiz","2023","B","INFERRED_ADP_CARD","17","17","1","BUF","1","0.058823529411764705","0.7056059120132346","0.041506230118425566","1.417221685610315","0.29439408798676536","0.36029945207009034","0","0.5316928685349738","0","1","3","13"
"Go Diego Go!!!","Diego Ruiz","2023","B","INFERRED_ADP_CARD","17","17","1","CAR","0","0","0.16108452950558214","0.00947556055915189","0","-0.16108452950558214","-0.40464308423271084","0","0.16108452950558214","0","0","16","16"
"Go Diego Go!!!","Diego Ruiz","2023","B","INFERRED_ADP_CARD","17","17","1","CHI","1","0.058823529411764705","0.4360218728639781","0.025648345462586947","2.2934629252233893","0.5639781271360219","0.8720245898822324","1","0.4360218728639781","2.2934629252233893","0","3","10"
"Go Diego Go!!!","Diego Ruiz","2023","B","INFERRED_ADP_CARD","17","17","1","CIN","2","0.11764705882352941","0.5168321874204227","0.030401893377671924","3.869728025226646","1.4831678125795773","2.1214768749740065","1","0.458008658008658","2.183364839319471","1","1","1"
"Go Diego Go!!!","Diego Ruiz","2023","B","INFERRED_ADP_CARD","17","17","1","CLE","0","0","0.6146968211041437","0.036158636535537865","0","-0.6146968211041437","-0.8065487079758378","0","0.44078377762588283","0","0","16","26"
"Go Diego Go!!!","Diego Ruiz","2023","B","INFERRED_ADP_CARD","17","17","1","DAL","2","0.11764705882352941","0.639383042586704","0.03761076721098259","3.1280153941974285","1.360616957413296","1.7427370349934115","2","0.5524265208475735","3.6203909923286313","0","1","2"
"Go Diego Go!!!","Diego Ruiz","2023","B","INFERRED_ADP_CARD","17","17","1","DEN","0","0","0.7083053483511148","0.041665020491242044","0","-0.7083053483511148","-0.8613091479052891","0","0.6213488266119844","0","0","16","29"
"Go Diego Go!!!","Diego Ruiz","2023","B","INFERRED_ADP_CARD","17","17","1","DET","0","0","0.601868307131465","0.03540401806655676","0","-0.601868307131465","-0.795207096776486","0","0.601868307131465","0","0","16","25"
"Go Diego Go!!!","Diego Ruiz","2023","B","INFERRED_ADP_CARD","17","17","1","GB","0","0","0.4753484501768255","0.027961673539813263","0","-0.4753484501768255","-0.7103716748405638","0","0.3014354066985646","0","0","16","21"
"Go Diego Go!!!","Diego Ruiz","2023","B","INFERRED_ADP_CARD","17","17","1","HOU","0","0","0.20350877192982456","0.01197110423116615","0","-0.20350877192982456","-0.4627725041842686","0","0.20350877192982456","0","0","16","17"
"Go Diego Go!!!","Diego Ruiz","2023","B","INFERRED_ADP_CARD","17","17","1","IND","1","0.058823529411764705","0.3026885395306448","0.017805208207684987","3.303726006774558","0.6973114604693552","1.2863959338935396","1","0.3026885395306448","3.303726006774558","0","3","4"
"Go Diego Go!!!","Diego Ruiz","2023","B","INFERRED_ADP_CARD","17","17","1","JAX","0","0","0.6445780225965985","0.03791635427038814","0","-0.6445780225965985","-0.8260677829663766","0","0.526930963773069","0","0","16","27"
"Go Diego Go!!!","Diego Ruiz","2023","B","INFERRED_ADP_CARD","17","17","1","KC","1","0.058823529411764705","0.6687584457540037","0.039338732103176684","1.4953082183097248","0.33124155424599633","0.4165214741085158","1","0.4360218728639781","2.2934629252233893","0","3","11"
"Go Diego Go!!!","Diego Ruiz","2023","B","INFERRED_ADP_CARD","17","17","1","LV","0","0","0.663614744836982","0.03903616146099894","0","-0.663614744836982","-0.8379528464809441","0","0.45901116427432215","0","0","16","28"
"Go Diego Go!!!","Diego Ruiz","2023","B","INFERRED_ADP_CARD","17","17","1","LAC","0","0","0.3948507632718159","0.023226515486577406","0","-0.3948507632718159","-0.6423047747325557","0","0.3948507632718159","0","0","16","19"
"Go Diego Go!!!","Diego Ruiz","2023","B","INFERRED_ADP_CARD","17","17","1","LAR","0","0","0.526930963773069","0.03099593904547465","0","-0.526930963773069","-0.7414529533362794","0","0.526930963773069","0","0","16","23"
"Go Diego Go!!!","Diego Ruiz","2023","B","INFERRED_ADP_CARD","17","17","1","MIA","0","0","0.8081523851479431","0.047538375596937826","0","-0.8081523851479431","-0.9269807454461229","0","0.5754158122579175","0","0","16","32"
"Go Diego Go!!!","Diego Ruiz","2023","B","INFERRED_ADP_CARD","17","17","1","MIN","0","0","0.5779113559299318","0.03399478564293717","0","-0.5779113559299318","-0.7800621965240331","0","0.4602642971064024","0","0","16","24"
"Go Diego Go!!!","Diego Ruiz","2023","B","INFERRED_ADP_CARD","17","17","1","NE","0","0","0.3774218154080854","0.02220128325929914","0","-0.3774218154080854","-0.6359827404949837","0","0.20350877192982456","0","0","16","18"
"Go Diego Go!!!","Diego Ruiz","2023","B","INFERRED_ADP_CARD","17","17","1","NO","1","0.058823529411764705","0.69233360080042","0.04072550592943647","1.444390390476327","0.30766639919958005","0.3806945548686911","1","0.6053770790612896","1.651863003387279","0","3","12"
"Go Diego Go!!!","Diego Ruiz","2023","B","INFERRED_ADP_CARD","17","17","1","NYG","1","0.058823529411764705","0.4120649216624449","0.024239113038967346","2.4268020581940712","0.5879350783375551","0.9454255295404276","1","0.29441786283891547","3.3965330444203685","0","3","7"
"Go Diego Go!!!","Diego Ruiz","2023","B","INFERRED_ADP_CARD","17","17","1","NYJ","1","0.058823529411764705","0.7172432942388521","0.042190782014050125","1.394227046850557","0.28275670576114786","0.34319888262122983","1","0.48450672134882655","2.063954855396191","0","3","14"
"Go Diego Go!!!","Diego Ruiz","2023","B","INFERRED_ADP_CARD","17","17","1","PHI","1","0.058823529411764705","0.35675016418050476","0.02098530377532381","2.803082101719876","0.6432498358194952","1.0955132583399505","0","0.29792663476874004","0","1","3","5"
"Go Diego Go!!!","Diego Ruiz","2023","B","INFERRED_ADP_CARD","17","17","1","PIT","0","0","0.7043527791811545","0.04143251642242085","0","-0.7043527791811545","-0.8618770989370897","0","0.5304397357028936","0","0","16","30"
"Go Diego Go!!!","Diego Ruiz","2023","B","INFERRED_ADP_CARD","17","17","1","SEA","1","0.058823529411764705","0.8748810528996287","0.051463591347036985","1.1430125234575468","0.1251189471003713","0.1395407470533101","1","0.7572339940760993","1.3205957574845797","0","3","15"
"Go Diego Go!!!","Diego Ruiz","2023","B","INFERRED_ADP_CARD","17","17","1","SF","0","0","0.5172595520421608","0.030427032473068282","0","-0.5172595520421608","-0.7395325363920071","0","0.4303030303030303","0","0","16","22"
"Go Diego Go!!!","Diego Ruiz","2023","B","INFERRED_ADP_CARD","17","17","1","TB","0","0","0.43381180223285487","0.025518341307814992","0","-0.43381180223285487","-0.6770527719618425","0","0.43381180223285487","0","0","16","20"
"Go Diego Go!!!","Diego Ruiz","2023","B","INFERRED_ADP_CARD","17","17","1","TEN","1","0.058823529411764705","0.3888357256778309","0.02287268974575476","2.571780147662018","0.611164274322169","0.9964615151570873","1","0.3888357256778309","2.571780147662018","0","3","6"
"Go Diego Go!!!","Diego Ruiz","2023","B","INFERRED_ADP_CARD","17","17","1","WAS","1","0.058823529411764705","0.2727272727272727","0.0160427807486631","3.666666666666667","0.7272727272727273","1.425393290199597","1","0.2727272727272727","3.666666666666667","0","3","3"
"Go Diego Go!!!","Diego Ruiz","2024","B","INFERRED_ADP_CARD","17","17","1","ARI","1","0.058823529411764705","0.48952328159645236","0.02879548715273249","2.042803759483637","0.5104767184035477","0.7435571797484192","1","0.48952328159645236","2.042803759483637","0","6","10"
"Go Diego Go!!!","Diego Ruiz","2024","B","INFERRED_ADP_CARD","17","17","1","ATL","0","0","0.5501940133037695","0.03236435372375115","0","-0.5501940133037695","-0.7551113272384804","0","0.5001940133037694","0","0","13","20"
"Go Diego Go!!!","Diego Ruiz","2024","B","INFERRED_ADP_CARD","17","17","1","BAL","0","0","0.6104323725055433","0.035907786617973135","0","-0.6104323725055433","-0.8014583254311897","0","0.48043237250554327","0","0","13","23"
"Go Diego Go!!!","Diego Ruiz","2024","B","INFERRED_ADP_CARD","17","17","1","BUF","1","0.058823529411764705","0.3713525498891353","0.02184426764053737","2.692858848817769","0.6286474501108648","1.0517755865494676","1","0.2913525498891353","3.4322678843226786","0","6","7"
"Go Diego Go!!!","Diego Ruiz","2024","B","INFERRED_ADP_CARD","17","17","1","CAR","0","0","0.29785661492978566","0.01752097734881092","0","-0.29785661492978566","-0.5533960349687037","0","0.29785661492978566","0","0","13","14"
"Go Diego Go!!!","Diego Ruiz","2024","B","INFERRED_ADP_CARD","17","17","1","CHI","0","0","0.8890354767184034","0.052296204512847264","0","-0.8890354767184034","-0.9725088661469704","0","0.7090354767184035","0","0","13","32"
"Go Diego Go!!!","Diego Ruiz","2024","B","INFERRED_ADP_CARD","17","17","1","CIN","0","0","0.6043606799704361","0.035550628233555065","0","-0.6043606799704361","-0.7985018675026472","0","0.5043606799704361","0","0","13","22"
"Go Diego Go!!!","Diego Ruiz","2024","B","INFERRED_ADP_CARD","17","17","1","CLE","0","0","0.7607132298595713","0.04474783705056302","0","-0.7607132298595713","-0.8973457798359408","0","0.7207132298595713","0","0","13","29"
"Go Diego Go!!!","Diego Ruiz","2024","B","INFERRED_ADP_CARD","17","17","1","DAL","0","0","0.7284515890613452","0.04285009347419678","0","-0.7284515890613452","-0.8731925160275419","0","0.6384515890613451","0","0","13","27"
"Go Diego Go!!!","Diego Ruiz","2024","B","INFERRED_ADP_CARD","17","17","1","DEN","1","0.058823529411764705","0.4896858832224686","0.028805051954262858","2.0421254405361147","0.5103141167775314","0.7485302222147927","1","0.34968588322246863","2.859709379128137","0","6","9"
"Go Diego Go!!!","Diego Ruiz","2024","B","INFERRED_ADP_CARD","17","17","1","DET","1","0.058823529411764705","0.8877050997782705","0.052217947045780616","1.1265002310449477","0.1122949002217295","0.12306196704432665","1","0.7077050997782706","1.413017936868489","0","6","12"
"Go Diego Go!!!","Diego Ruiz","2024","B","INFERRED_ADP_CARD","17","17","1","GB","0","0","0.5043606799704361","0.029668275292378594","0","-0.5043606799704361","-0.7258307003654308","0","0.5043606799704361","0","0","13","17"
"Go Diego Go!!!","Diego Ruiz","2024","B","INFERRED_ADP_CARD","17","17","1","HOU","0","0","0.7800314116777533","0.04588420068692666","0","-0.7800314116777533","-0.9075528484698873","0","0.6400314116777532","0","0","13","30"
"Go Diego Go!!!","Diego Ruiz","2024","B","INFERRED_ADP_CARD","17","17","1","IND","2","0.11764705882352941","0.2555949741315595","0.01503499847832703","7.8248799953733155","1.7444050258684405","3.4906774782730574","2","0.2155949741315595","9.276654096674665","0","1","1"
"Go Diego Go!!!","Diego Ruiz","2024","B","INFERRED_ADP_CARD","17","17","1","JAX","0","0","0.6336031042128603","0.037270770836050605","0","-0.6336031042128603","-0.8170777992873184","0","0.5536031042128603","0","0","13","25"
"Go Diego Go!!!","Diego Ruiz","2024","B","INFERRED_ADP_CARD","17","17","1","KC","0","0","0.6276071692535108","0.036918068779618285","0","-0.6276071692535108","-0.8108411566994944","0","0.4976071692535108","0","0","13","24"
"Go Diego Go!!!","Diego Ruiz","2024","B","INFERRED_ADP_CARD","17","17","1","LV","0","0","0.5691980783444198","0.03348223990261293","0","-0.5691980783444198","-0.7727815623277667","0","0.5691980783444198","0","0","13","21"
"Go Diego Go!!!","Diego Ruiz","2024","B","INFERRED_ADP_CARD","17","17","1","LAC","2","0.11764705882352941","0.2681818181818182","0.01577540106951872","7.4576271186440675","1.731818181818182","3.403791266506213","2","0.2181818181818182","9.166666666666666","0","1","2"
"Go Diego Go!!!","Diego Ruiz","2024","B","INFERRED_ADP_CARD","17","17","1","LAR","1","0.058823529411764705","0.36193643754619365","0.02129037867918786","2.7629160710639167","0.6380635624538064","1.077700236998274","1","0.36193643754619365","2.7629160710639167","0","6","6"
"Go Diego Go!!!","Diego Ruiz","2024","B","INFERRED_ADP_CARD","17","17","1","MIA","2","0.11764705882352941","0.5176940133037694","0.03045258901786879","3.8632859345554222","1.4823059866962307","2.1037800319095923","1","0.4376940133037694","2.2847011144883487","1","1","5"
"Go Diego Go!!!","Diego Ruiz","2024","B","INFERRED_ADP_CARD","17","17","1","MIN","0","0","0.5066980783444198","0.029805769314377638","0","-0.5066980783444198","-0.7269195825294498","0","0.5066980783444198","0","0","13","18"
"Go Diego Go!!!","Diego Ruiz","2024","B","INFERRED_ADP_CARD","17","17","1","NE","0","0","0.21401515151515152","0.012589126559714794","0","-0.21401515151515152","-0.46985751612656806","0","0.21401515151515152","0","0","13","13"
"Go Diego Go!!!","Diego Ruiz","2024","B","INFERRED_ADP_CARD","17","17","1","NO","2","0.11764705882352941","0.3271858832224686","0.019246228424851096","6.11273316654713","1.6728141167775314","2.965735118524564","2","0.28718588322246863","6.9641306096187865","0","1","3"
"Go Diego Go!!!","Diego Ruiz","2024","B","INFERRED_ADP_CARD","17","17","1","NYG","0","0","0.29785661492978566","0.01752097734881092","0","-0.29785661492978566","-0.5533960349687037","0","0.29785661492978566","0","0","13","15"
"Go Diego Go!!!","Diego Ruiz","2024","B","INFERRED_ADP_CARD","17","17","1","NYJ","0","0","0.7361899482631189","0.04330529107430111","0","-0.7361899482631189","-0.883120595877856","0","0.556189948263119","0","0","13","28"
"Go Diego Go!!!","Diego Ruiz","2024","B","INFERRED_ADP_CARD","17","17","1","PHI","0","0","0.7800314116777533","0.04588420068692666","0","-0.7800314116777533","-0.9075528484698873","0","0.6400314116777532","0","0","13","31"
"Go Diego Go!!!","Diego Ruiz","2024","B","INFERRED_ADP_CARD","17","17","1","PIT","1","0.058823529411764705","0.5386141906873615","0.03168318768749185","1.8566165119486238","0.4613858093126385","0.6427371455979085","0","0.49861419068736146","0","1","6","11"
"Go Diego Go!!!","Diego Ruiz","2024","B","INFERRED_ADP_CARD","17","17","1","SEA","0","0","0.5199556541019956","0.030585626711882096","0","-0.5199556541019956","-0.7387732465212301","0","0.5199556541019956","0","0","13","19"
"Go Diego Go!!!","Diego Ruiz","2024","B","INFERRED_ADP_CARD","17","17","1","SF","0","0","0.646189948263119","0.0380111734272423","0","-0.646189948263119","-0.8225028816878776","0","0.556189948263119","0","0","13","26"
"Go Diego Go!!!","Diego Ruiz","2024","B","INFERRED_ADP_CARD","17","17","1","TB","0","0","0.35776977087952694","0.021045280639972172","0","-0.35776977087952694","-0.6076669818986583","0","0.35776977087952694","0","0","13","16"
"Go Diego Go!!!","Diego Ruiz","2024","B","INFERRED_ADP_CARD","17","17","1","TEN","1","0.058823529411764705","0.4441980783444198","0.026129298726142343","2.2512479201331113","0.5558019216555802","0.852230934319607","1","0.4441980783444198","2.2512479201331113","0","6","8"
"Go Diego Go!!!","Diego Ruiz","2024","B","INFERRED_ADP_CARD","17","17","1","WAS","2","0.11764705882352941","0.4337767923133777","0.025516281900786923","4.6106662123019255","1.5662232076866223","2.4351698996832534","2","0.4337767923133777","4.6106662123019255","0","1","4"
"Go Diego Go!!!","Diego Ruiz","2025","B","INFERRED_ADP_CARD","17","17","1","ARI","2","0.11764705882352941","0.5542729329494035","0.032604290173494324","3.6083306275801292","1.4457270670505964","1.9805638977384123","2","0.5088183874948581","3.930675559597797","0","1","4"
"Go Diego Go!!!","Diego Ruiz","2025","B","INFERRED_ADP_CARD","17","17","1","ATL","0","0","0.4577505827505827","0.026926504867681337","0","-0.4577505827505827","-0.6903379049399245","0","0.4577505827505827","0","0","13","19"
"Go Diego Go!!!","Diego Ruiz","2025","B","INFERRED_ADP_CARD","17","17","1","BAL","0","0","0.4768013848896202","0.028047140287624717","0","-0.4768013848896202","-0.7041794853881266","0","0.38589229398052927","0","0","13","21"
"Go Diego Go!!!","Diego Ruiz","2025","B","INFERRED_ADP_CARD","17","17","1","BUF","0","0","0.7149178435943141","0.042053990799665535","0","-0.7149178435943141","-0.8700583414254487","0","0.5128976415741121","0","0","13","30"
"Go Diego Go!!!","Diego Ruiz","2025","B","INFERRED_ADP_CARD","17","17","1","CAR","0","0","0.20046620046620045","0.011792129439188262","0","-0.20046620046620045","-0.45217853137454067","0","0.20046620046620045","0","0","13","13"
"Go Diego Go!!!","Diego Ruiz","2025","B","INFERRED_ADP_CARD","17","17","1","CHI","0","0","0.4577505827505827","0.026926504867681337","0","-0.4577505827505827","-0.6903379049399245","0","0.4577505827505827","0","0","13","20"
"Go Diego Go!!!","Diego Ruiz","2025","B","INFERRED_ADP_CARD","17","17","1","CIN","2","0.11764705882352941","0.4503976415741121","0.02649397891612424","4.440520587563742","1.5496023584258878","2.354331624159186","1","0.4503976415741121","2.220260293781871","1","1","3"
"Go Diego Go!!!","Diego Ruiz","2025","B","INFERRED_ADP_CARD","17","17","1","CLE","0","0","0.38749485808309336","0.022793815181358434","0","-0.38749485808309336","-0.6325495092896813","0","0.38749485808309336","0","0","13","17"
"Go Diego Go!!!","Diego Ruiz","2025","B","INFERRED_ADP_CARD","17","17","1","DAL","1","0.058823529411764705","0.6317644773527127","0.03716261631486545","1.5828683565595636","0.3682355226472873","0.47671966420810974","1","0.5206533662416015","1.9206636600059255","0","6","9"
"Go Diego Go!!!","Diego Ruiz","2025","B","INFERRED_ADP_CARD","17","17","1","DEN","1","0.058823529411764705","0.7786176242058594","0.04580103671799173","1.2843274656413493","0.22138237579414055","0.2587160070082652","1","0.5765974221856575","1.7343122974941292","0","6","12"
"Go Diego Go!!!","Diego Ruiz","2025","B","INFERRED_ADP_CARD","17","17","1","DET","2","0.11764705882352941","0.860168426344897","0.050598142726170414","2.325126032001169","1.139831573655103","1.2657754727513408","1","0.7036027697792404","1.4212564858346934","1","1","5"
"Go Diego Go!!!","Diego Ruiz","2025","B","INFERRED_ADP_CARD","17","17","1","GB","0","0","0.4995286576168929","0.02938403868334664","0","-0.4995286576168929","-0.7183791158252153","0","0.45407411216234744","0","0","13","22"
"Go Diego Go!!!","Diego Ruiz","2025","B","INFERRED_ADP_CARD","17","17","1","HOU","0","0","0.6650441062205769","0.03912024154238687","0","-0.6650441062205769","-0.8371537201374796","0","0.5185794597559303","0","0","13","27"
"Go Diego Go!!!","Diego Ruiz","2025","B","INFERRED_ADP_CARD","17","17","1","IND","0","0","0.23863636363636365","0.014037433155080214","0","-0.23863636363636365","-0.49978755044717565","0","0.19318181818181818","0","0","13","15"
"Go Diego Go!!!","Diego Ruiz","2025","B","INFERRED_ADP_CARD","17","17","1","JAX","0","0","0.5055504136386489","0.029738259625802878","0","-0.5055504136386489","-0.7234819749746147","0","0.44999485808309336","0","0","13","23"
"Go Diego Go!!!","Diego Ruiz","2025","B","INFERRED_ADP_CARD","17","17","1","KC","0","0","0.7546905708670415","0.04439356299217891","0","-0.7546905708670415","-0.8944393465327194","0","0.6435794597559303","0","0","13","31"
"Go Diego Go!!!","Diego Ruiz","2025","B","INFERRED_ADP_CARD","17","17","1","LV","0","0","0.44839229398052927","0.02637601729297231","0","-0.44839229398052927","-0.6818417006406927","0","0.44839229398052927","0","0","13","18"
"Go Diego Go!!!","Diego Ruiz","2025","B","INFERRED_ADP_CARD","17","17","1","LAC","2","0.11764705882352941","0.36476758535582066","0.02145691678563651","5.482943332393572","1.6352324146441792","2.753056495357484","2","0.3193130399012752","6.2634460547504025","0","1","2"
"Go Diego Go!!!","Diego Ruiz","2025","B","INFERRED_ADP_CARD","17","17","1","LAR","1","0.058823529411764705","0.32339229398052927","0.01902307611650172","3.0922196311214756","0.6766077060194707","1.2050128732868337","1","0.32339229398052927","3.0922196311214756","0","6","6"
"Go Diego Go!!!","Diego Ruiz","2025","B","INFERRED_ADP_CARD","17","17","1","MIA","0","0","0.6296905708670415","0.03704062181570832","0","-0.6296905708670415","-0.8165136393304925","0","0.5185794597559303","0","0","13","26"
"Go Diego Go!!!","Diego Ruiz","2025","B","INFERRED_ADP_CARD","17","17","1","MIN","0","0","0.8079494035376388","0.04752643550221405","0","-0.8079494035376388","-0.924729896899289","0","0.7170403126285478","0","0","13","32"
"Go Diego Go!!!","Diego Ruiz","2025","B","INFERRED_ADP_CARD","17","17","1","NE","0","0","0.5140974221856575","0.030241024834450438","0","-0.5140974221856575","-0.7313227673386962","0","0.5140974221856575","0","0","13","24"
"Go Diego Go!!!","Diego Ruiz","2025","B","INFERRED_ADP_CARD","17","17","1","NO","0","0","0.20046620046620045","0.011792129439188262","0","-0.20046620046620045","-0.45217853137454067","0","0.20046620046620045","0","0","13","14"
"Go Diego Go!!!","Diego Ruiz","2025","B","INFERRED_ADP_CARD","17","17","1","NYG","2","0.11764705882352941","0.305944055944056","0.017996709173179765","6.5371428571428565","1.694055944055944","3.1152805814106386","2","0.2604895104895105","7.677852348993287","0","1","1"
"Go Diego Go!!!","Diego Ruiz","2025","B","INFERRED_ADP_CARD","17","17","1","NYJ","1","0.058823529411764705","0.43294940353763883","0.025467611972802284","2.3097387173396675","0.5670505964623611","0.8763797665354031","1","0.38749485808309336","2.58067940552017","0","6","7"
"Go Diego Go!!!","Diego Ruiz","2025","B","INFERRED_ADP_CARD","17","17","1","PHI","0","0","0.6772190228072581","0.0398364131063093","0","-0.6772190228072581","-0.8464932905346778","0","0.5206533662416015","0","0","13","28"
"Go Diego Go!!!","Diego Ruiz","2025","B","INFERRED_ADP_CARD","17","17","1","PIT","0","0","0.5546814296814296","0.032628319393025275","0","-0.5546814296814296","-0.7610375793476163","0","0.45367132867132864","0","0","13","25"
"Go Diego Go!!!","Diego Ruiz","2025","B","INFERRED_ADP_CARD","17","17","1","SEA","0","0","0.6882284382284382","0.04048402577814342","0","-0.6882284382284382","-0.8553250827258901","0","0.5973193473193472","0","0","13","29"
"Go Diego Go!!!","Diego Ruiz","2025","B","INFERRED_ADP_CARD","17","17","1","SF","1","0.058823529411764705","0.754739133415604","0.044396419612682585","1.3249611100387197","0.24526086658439605","0.2893938989778767","1","0.7092845879610585","1.409871322418897","0","6","11"
"Go Diego Go!!!","Diego Ruiz","2025","B","INFERRED_ADP_CARD","17","17","1","TB","1","0.058823529411764705","0.5778114858997212","0.03398891093527772","1.7306682618862812","0.4221885141002788","0.5665261530146453","1","0.5222559303441656","1.9147700234653189","0","6","8"
"Go Diego Go!!!","Diego Ruiz","2025","B","INFERRED_ADP_CARD","17","17","1","TEN","0","0","0.3781365693130399","0.022243327606649405","0","-0.3781365693130399","-0.6275791447580652","0","0.3781365693130399","0","0","13","16"
"Go Diego Go!!!","Diego Ruiz","2025","B","INFERRED_ADP_CARD","17","17","1","WAS","1","0.058823529411764705","0.7076820238584944","0.04162835434461732","1.413064012206641","0.29231797614150556","0.35628511121366063","1","0.7076820238584944","1.413064012206641","0","6","10"
"NALGATORZ","Raul Urias","2021","B","INFERRED_ADP_CARD","17","17","1","ARI","0","0","0.282032279314888","0.016590134077346354","0","-0.282032279314888","-0.5449790152705651","0","0.1911231884057971","0","0","13","16"
"NALGATORZ","Raul Urias","2021","B","INFERRED_ADP_CARD","17","17","1","ATL","0","0","0.5088489409141583","0.029932290642009314","0","-0.5088489409141583","-0.7324182172661321","0","0.5088489409141583","0","0","13","23"
"NALGATORZ","Raul Urias","2021","B","INFERRED_ADP_CARD","17","17","1","BAL","1","0.058823529411764705","0.981846719260907","0.05775568936828865","1.0184889152074144","0.018153280739092947","0.019094095191937086","1","0.8284376283518161","1.2070914765056107","0","5","12"
"NALGATORZ","Raul Urias","2021","B","INFERRED_ADP_CARD","17","17","1","BUF","1","0.058823529411764705","0.6794681767507854","0.039968716279457965","1.4717392722967493","0.3205318232492146","0.39881197436212407","0","0.5260590858416945","0","1","5","10"
"NALGATORZ","Raul Urias","2021","B","INFERRED_ADP_CARD","17","17","1","CAR","2","0.11764705882352941","0.11538461538461539","0.006787330316742082","17.333333333333332","1.8846153846153846","5.602287114655288","2","0.11538461538461539","17.333333333333332","0","2","1"
"NALGATORZ","Raul Urias","2021","B","INFERRED_ADP_CARD","17","17","1","CHI","0","0","0.5260590858416945","0.03094465210833497","0","-0.5260590858416945","-0.7404715503571092","0","0.5260590858416945","0","0","13","24"
"NALGATORZ","Raul Urias","2021","B","INFERRED_ADP_CARD","17","17","1","CIN","1","0.058823529411764705","0.6526616499442587","0.03839186176142698","1.5321874666381978","0.3473383500557413","0.444281552569678","1","0.6526616499442587","1.5321874666381978","0","5","9"
"NALGATORZ","Raul Urias","2021","B","INFERRED_ADP_CARD","17","17","1","CLE","3","0.17647058823529413","0.7602748129063919","0.04472204781802305","3.945941584637728","2.239725187093608","2.651929683836966","3","0.5443657219973009","5.511000929656027","0","1","2"
"NALGATORZ","Raul Urias","2021","B","INFERRED_ADP_CARD","17","17","1","DAL","0","0","0.592511655011655","0.03485362676539147","0","-0.592511655011655","-0.7898157264657789","0","0.4391025641025641","0","0","13","28"
"NALGATORZ","Raul Urias","2021","B","INFERRED_ADP_CARD","17","17","1","DEN","1","0.058823529411764705","0.6079622132253711","0.03576248313090419","1.6448390677025526","0.39203778677462886","0.5188802573521031","0","0.5454622132253711","0","1","5","8"
"NALGATORZ","Raul Urias","2021","B","INFERRED_ADP_CARD","17","17","1","DET","1","0.058823529411764705","0.5230263157894737","0.030766253869969038","1.9119496855345912","0.4769736842105263","0.6874972537972959","1","0.5230263157894737","1.9119496855345912","0","5","6"
"NALGATORZ","Raul Urias","2021","B","INFERRED_ADP_CARD","17","17","1","GB","2","0.11764705882352941","0.7222503373819164","0.042485313963642135","2.769122970921406","1.2777496626180835","1.5447890150824646","2","0.6597503373819164","3.031449757095372","0","2","4"
"NALGATORZ","Raul Urias","2021","B","INFERRED_ADP_CARD","17","17","1","HOU","0","0","0.3237179487179487","0.019042232277526393","0","-0.3237179487179487","-0.5787894337583043","0","0.3237179487179487","0","0","13","18"
"NALGATORZ","Raul Urias","2021","B","INFERRED_ADP_CARD","17","17","1","IND","0","0","0.16666666666666666","0.00980392156862745","0","-0.16666666666666666","-0.41590019592802907","0","0.10416666666666666","0","0","13","13"
"NALGATORZ","Raul Urias","2021","B","INFERRED_ADP_CARD","17","17","1","JAX","0","0","0.5432692307692308","0.03195701357466064","0","-0.5432692307692308","-0.7571284874952732","0","0.5432692307692308","0","0","13","26"
"NALGATORZ","Raul Urias","2021","B","INFERRED_ADP_CARD","17","17","1","KC","0","0","0.5896555770697647","0.034685622180574395","0","-0.5896555770697647","-0.7842006627910192","0","0.5271555770697647","0","0","13","27"
"NALGATORZ","Raul Urias","2021","B","INFERRED_ADP_CARD","17","17","1","LV","0","0","0.7121098771556438","0.041888816303273166","0","-0.7121098771556438","-0.8719319955020605","0","0.6212007862465528","0","0","13","30"
"NALGATORZ","Raul Urias","2021","B","INFERRED_ADP_CARD","17","17","1","LAC","0","0","0.3065078037904125","0.018029870811200735","0","-0.3065078037904125","-0.5611606903228052","0","0.3065078037904125","0","0","13","17"
"NALGATORZ","Raul Urias","2021","B","INFERRED_ADP_CARD","17","17","1","LAR","0","0","1.0394510142793896","0.06114417731055233","0","-1.0394510142793896","-1.060486692413596","0","0.8235419233702986","0","0","13","32"
"NALGATORZ","Raul Urias","2021","B","INFERRED_ADP_CARD","17","17","1","MIA","1","0.058823529411764705","0.7405379708011287","0.04356105710594875","1.3503696494025554","0.2594620291988713","0.3117785194692908","1","0.6496288798920378","1.5393404310568684","0","5","11"
"NALGATORZ","Raul Urias","2021","B","INFERRED_ADP_CARD","17","17","1","MIN","0","0","0.3802257525083612","0.022366220735785952","0","-0.3802257525083612","-0.6305099477451728","0","0.3177257525083612","0","0","13","19"
"NALGATORZ","Raul Urias","2021","B","INFERRED_ADP_CARD","17","17","1","NE","1","0.058823529411764705","0.5967442645074224","0.03510260379455426","1.6757597173144878","0.40325573549257765","0.5389800552779878","1","0.5342442645074224","1.8718029681086203","0","5","7"
"NALGATORZ","Raul Urias","2021","B","INFERRED_ADP_CARD","17","17","1","NO","0","0","0.2708333333333333","0.015931372549019607","0","-0.2708333333333333","-0.532948040099012","0","0.20833333333333331","0","0","13","15"
"NALGATORZ","Raul Urias","2021","B","INFERRED_ADP_CARD","17","17","1","NYG","0","0","0.4157235308551098","0.024454325344418226","0","-0.4157235308551098","-0.65935567246774","0","0.3248144399460189","0","0","13","21"
"NALGATORZ","Raul Urias","2021","B","INFERRED_ADP_CARD","17","17","1","NYJ","0","0","0.21955128205128205","0.012914781297134238","0","-0.21955128205128205","-0.4733179567247902","0","0.21955128205128205","0","0","13","14"
"NALGATORZ","Raul Urias","2021","B","INFERRED_ADP_CARD","17","17","1","PHI","1","0.058823529411764705","0.29528985507246375","0.01736999147485081","3.386503067484663","0.7047101449275363","1.3251006779066308","1","0.29528985507246375","3.386503067484663","0","5","5"
"NALGATORZ","Raul Urias","2021","B","INFERRED_ADP_CARD","17","17","1","PIT","0","0","0.4956103678929766","0.029153551052528034","0","-0.4956103678929766","-0.7245014714848937","0","0.4331103678929766","0","0","13","22"
"NALGATORZ","Raul Urias","2021","B","INFERRED_ADP_CARD","17","17","1","SEA","0","0","0.8172696868349043","0.048074687460876724","0","-0.8172696868349043","-0.9542010114037042","0","0.6354515050167224","0","0","13","31"
"NALGATORZ","Raul Urias","2021","B","INFERRED_ADP_CARD","17","17","1","SF","0","0","0.6867335562987736","0.04039609154698669","0","-0.6867335562987736","-0.8547097489045212","0","0.6242335562987736","0","0","13","29"
"NALGATORZ","Raul Urias","2021","B","INFERRED_ADP_CARD","17","17","1","TB","2","0.11764705882352941","0.5099454321422285","0.029996790126013445","3.9219882637210906","1.4900545678577715","2.1497980598220012","2","0.5099454321422285","3.9219882637210906","0","2","3"
"NALGATORZ","Raul Urias","2021","B","INFERRED_ADP_CARD","17","17","1","TEN","0","0","0.5372770345596433","0.0316045314446849","0","-0.5372770345596433","-0.7513403277292366","0","0.5372770345596433","0","0","13","25"
"NALGATORZ","Raul Urias","2021","B","INFERRED_ADP_CARD","17","17","1","WAS","0","0","0.4005530129672006","0.023561941939247093","0","-0.4005530129672006","-0.6476121780966049","0","0.4005530129672006","0","0","13","20"
"NALGATORZ","Raul Urias","2022","B","INFERRED_ADP_CARD","17","17","1","ARI","0","0","1.1367746621194899","0.06686909777173469","0","-1.1367746621194899","-1.1341040545777423","0","1.0117746621194899","0","0","15","32"
"NALGATORZ","Raul Urias","2022","B","INFERRED_ADP_CARD","17","17","1","ATL","0","0","0.39779114563597323","0.02339947915505725","0","-0.39779114563597323","-0.642661384457773","0","0.33529114563597323","0","0","15","23"
"NALGATORZ","Raul Urias","2022","B","INFERRED_ADP_CARD","17","17","1","BAL","0","0","0.39183687002652523","0.023049227648619133","0","-0.39183687002652523","-0.6376586008899952","0","0.32933687002652523","0","0","15","22"
"NALGATORZ","Raul Urias","2022","B","INFERRED_ADP_CARD","17","17","1","BUF","1","0.058823529411764705","0.9275229464022567","0.054560173317779806","1.0781404426476697","0.07247705359774326","0.07763248200742676","0","0.7539118352911457","0","1","3","14"
"NALGATORZ","Raul Urias","2022","B","INFERRED_ADP_CARD","17","17","1","CAR","1","0.058823529411764705","0.07692307692307693","0.004524886877828055","13","0.9230769230769231","3.3541019662496847","1","0.07692307692307693","13","0","3","2"
"NALGATORZ","Raul Urias","2022","B","INFERRED_ADP_CARD","17","17","1","CHI","0","0","0.16312997347480107","0.009595880792635358","0","-0.16312997347480107","-0.4072396726791125","0","0.16312997347480107","0","0","15","15"
"NALGATORZ","Raul Urias","2022","B","INFERRED_ADP_CARD","17","17","1","CIN","0","0","0.7558222811671088","0.044460134186300515","0","-0.7558222811671088","-0.9057610641161001","0","0.6308222811671088","0","0","15","30"
"NALGATORZ","Raul Urias","2022","B","INFERRED_ADP_CARD","17","17","1","CLE","0","0","0.33554376657824936","0.019737868622249962","0","-0.33554376657824936","-0.5922538426569613","0","0.33554376657824936","0","0","15","21"
"NALGATORZ","Raul Urias","2022","B","INFERRED_ADP_CARD","17","17","1","DAL","1","0.058823529411764705","0.8713595217043493","0.051256442453197014","1.1476319189627198","0.12864047829565073","0.1430299761938632","1","0.6491372994821271","1.540506146847187","0","3","13"
"NALGATORZ","Raul Urias","2022","B","INFERRED_ADP_CARD","17","17","1","DEN","1","0.058823529411764705","0.5509241716138268","0.03240730421257804","1.815131830340084","0.4490758283861732","0.6230665332793939","1","0.4398130605027157","2.2736932797242964","0","3","7"
"NALGATORZ","Raul Urias","2022","B","INFERRED_ADP_CARD","17","17","1","DET","1","0.058823529411764705","0.33529114563597323","0.019723008566821954","2.982482576756451","0.6647088543640267","1.1668097820901906","1","0.33529114563597323","2.982482576756451","0","3","4"
"NALGATORZ","Raul Urias","2022","B","INFERRED_ADP_CARD","17","17","1","GB","0","0","0.45876299945265464","0.026986058791332625","0","-0.45876299945265464","-0.6924697230771882","0","0.34765188834154354","0","0","15","24"
"NALGATORZ","Raul Urias","2022","B","INFERRED_ADP_CARD","17","17","1","HOU","0","0","0.16312997347480107","0.009595880792635358","0","-0.16312997347480107","-0.4072396726791125","0","0.16312997347480107","0","0","15","16"
"NALGATORZ","Raul Urias","2022","B","INFERRED_ADP_CARD","17","17","1","IND","1","0.058823529411764705","0.5860779546124374","0.03447517380073161","1.7062576609988371","0.4139220453875626","0.5541724960161045","0","0.4124668435013263","0","1","3","8"
"NALGATORZ","Raul Urias","2022","B","INFERRED_ADP_CARD","17","17","1","JAX","0","0","0.5693899204244033","0.033493524730847254","0","-0.5693899204244033","-0.773294991180146","0","0.5693899204244033","0","0","15","28"
"NALGATORZ","Raul Urias","2022","B","INFERRED_ADP_CARD","17","17","1","KC","1","0.058823529411764705","0.7769364447812724","0.045702143810663086","1.2871065667173403","0.22306355521872756","0.26135080046680453","1","0.4922142225590502","2.031635727226536","0","3","10"
"NALGATORZ","Raul Urias","2022","B","INFERRED_ADP_CARD","17","17","1","LV","0","0","0.9990541450886279","0.05876789088756634","0","-0.9990541450886279","-1.0369720747888234","0","0.7629430339775167","0","0","15","31"
"NALGATORZ","Raul Urias","2022","B","INFERRED_ADP_CARD","17","17","1","LAC","0","0","0.6991983495431772","0.041129314679010424","0","-0.6991983495431772","-0.8675359668887129","0","0.47697612732095496","0","0","15","29"
"NALGATORZ","Raul Urias","2022","B","INFERRED_ADP_CARD","17","17","1","LAR","0","0","0.3169761273209549","0.018645654548291465","0","-0.3169761273209549","-0.5741050303901063","0","0.3169761273209549","0","0","15","20"
"NALGATORZ","Raul Urias","2022","B","INFERRED_ADP_CARD","17","17","1","MIA","1","0.058823529411764705","0.8503472485369037","0.050020426384523746","1.1759901636897008","0.1496527514630963","0.1674583684006379","1","0.6767361374257926","1.477680804521326","0","3","11"
"NALGATORZ","Raul Urias","2022","B","INFERRED_ADP_CARD","17","17","1","MIN","3","0.17647058823529413","0.3604479811376363","0.02120282241986096","8.322976287816843","2.639552018862364","4.479957441043902","3","0.24933687002652521","12.03191489361702","0","1","1"
"NALGATORZ","Raul Urias","2022","B","INFERRED_ADP_CARD","17","17","1","NE","0","0","0.4811206896551724","0.028301217038539554","0","-0.4811206896551724","-0.7163870128172365","0","0.4186206896551724","0","0","15","25"
"NALGATORZ","Raul Urias","2022","B","INFERRED_ADP_CARD","17","17","1","NO","1","0.058823529411764705","0.6035779546124374","0.035504585565437494","1.6567868199263651","0.39642204538756265","0.5222890856512055","0","0.4924668435013263","0","1","3","9"
"NALGATORZ","Raul Urias","2022","B","INFERRED_ADP_CARD","17","17","1","NYG","0","0","0.23076923076923078","0.013574660633484163","0","-0.23076923076923078","-0.4918693768379647","0","0.23076923076923078","0","0","15","17"
"NALGATORZ","Raul Urias","2022","B","INFERRED_ADP_CARD","17","17","1","NYJ","0","0","0.49867374005305043","0.02933374941488532","0","-0.49867374005305043","-0.7272675575745797","0","0.49867374005305043","0","0","15","26"
"NALGATORZ","Raul Urias","2022","B","INFERRED_ADP_CARD","17","17","1","PHI","1","0.058823529411764705","0.41529114563597325","0.024428890919763132","2.407949243580931","0.5847088543640268","0.9229658695855734","1","0.41529114563597325","2.407949243580931","0","3","5"
"NALGATORZ","Raul Urias","2022","B","INFERRED_ADP_CARD","17","17","1","PIT","0","0","0.5418929729274558","0.03187605723102681","0","-0.5418929729274558","-0.7539212232268026","0","0.4307818618163446","0","0","15","27"
"NALGATORZ","Raul Urias","2022","B","INFERRED_ADP_CARD","17","17","1","SEA","1","0.058823529411764705","0.4214980421876974","0.024794002481629256","2.3724902607132154","0.5785019578123026","0.9075907188644218","1","0.4214980421876974","2.3724902607132154","0","3","6"
"NALGATORZ","Raul Urias","2022","B","INFERRED_ADP_CARD","17","17","1","SF","1","0.058823529411764705","0.8631433413329965","0.05077313772547038","1.1585561193760108","0.13685665866700347","0.15204283365061522","1","0.5784211191107743","1.7288442053037978","0","3","12"
"NALGATORZ","Raul Urias","2022","B","INFERRED_ADP_CARD","17","17","1","TB","2","0.11764705882352941","0.7283253336701614","0.04284266668648008","2.746025584365771","1.2716746663298386","1.534640601443272","2","0.4922142225590502","4.063271454453072","0","2","3"
"NALGATORZ","Raul Urias","2022","B","INFERRED_ADP_CARD","17","17","1","TEN","0","0","0.2431299734748011","0.014301763145576534","0","-0.2431299734748011","-0.4991442151853662","0","0.2431299734748011","0","0","15","18"
"NALGATORZ","Raul Urias","2022","B","INFERRED_ADP_CARD","17","17","1","WAS","0","0","0.24933687002652521","0.01466687470744266","0","-0.24933687002652521","-0.5066314439965341","0","0.24933687002652521","0","0","15","19"
"NALGATORZ","Raul Urias","2023","B","INFERRED_ADP_CARD","17","17","1","ARI","0","0","0.5325870646766169","0.03132865086333041","0","-0.5325870646766169","-0.7455413885659433","0","0.5325870646766169","0","0","12","20"
"NALGATORZ","Raul Urias","2023","B","INFERRED_ADP_CARD","17","17","1","ATL","0","0","0.5346408712738827","0.03144946301611075","0","-0.5346408712738827","-0.7509856918756214","0","0.475817341862118","0","0","12","23"
"NALGATORZ","Raul Urias","2023","B","INFERRED_ADP_CARD","17","17","1","BAL","1","0.058823529411764705","0.587144656694605","0.03453792098203559","1.7031577969722302","0.412855343305395","0.5557458747582066","0","0.44136460554371","0","1","5","9"
"NALGATORZ","Raul Urias","2023","B","INFERRED_ADP_CARD","17","17","1","BUF","0","0","0.7700855423285472","0.04529914954873807","0","-0.7700855423285472","-0.9024034140384707","0","0.5373489694385216","0","0","12","30"
"NALGATORZ","Raul Urias","2023","B","INFERRED_ADP_CARD","17","17","1","CAR","0","0","0.16391257995735606","0.009641916468079768","0","-0.16391257995735606","-0.4082478407231709","0","0.16391257995735606","0","0","12","12"
"NALGATORZ","Raul Urias","2023","B","INFERRED_ADP_CARD","17","17","1","CHI","0","0","0.5293887704335465","0.031140515907855677","0","-0.5293887704335465","-0.7465779919572257","0","0.5293887704335465","0","0","12","22"
"NALGATORZ","Raul Urias","2023","B","INFERRED_ADP_CARD","17","17","1","CIN","1","0.058823529411764705","0.5938433063037025","0.03493195919433544","1.6839458984969704","0.4061566936962975","0.5388540451677446","1","0.4480632551528073","2.231827735257961","0","5","10"
"NALGATORZ","Raul Urias","2023","B","INFERRED_ADP_CARD","17","17","1","CLE","1","0.058823529411764705","0.569968480578474","0.03352755768108671","1.7544829829626318","0.43003151942152595","0.5867491129268475","1","0.3960554371002132","2.524899057873486","0","5","8"
"NALGATORZ","Raul Urias","2023","B","INFERRED_ADP_CARD","17","17","1","DAL","3","0.17647058823529413","0.5226901208244491","0.03074647769555583","5.739538362171534","2.477309879175551","3.5082023323634375","2","0.5226901208244491","3.826358908114356","1","1","2"
"NALGATORZ","Raul Urias","2023","B","INFERRED_ADP_CARD","17","17","1","DEN","0","0","0.7167894997064368","0.0421640882180257","0","-0.7167894997064368","-0.8667773283249115","0","0.6298329779673063","0","0","12","28"
"NALGATORZ","Raul Urias","2023","B","INFERRED_ADP_CARD","17","17","1","DET","0","0","0.6266346837242359","0.03686086374848446","0","-0.6266346837242359","-0.8120985170547963","0","0.6266346837242359","0","0","12","25"
"NALGATORZ","Raul Urias","2023","B","INFERRED_ADP_CARD","17","17","1","GB","0","0","0.5163970520070456","0.03037629717688503","0","-0.5163970520070456","-0.7408838824755022","0","0.34248400852878463","0","0","12","19"
"NALGATORZ","Raul Urias","2023","B","INFERRED_ADP_CARD","17","17","1","HOU","0","0","0.2226190476190476","0.013095238095238094","0","-0.2226190476190476","-0.48334292630842496","0","0.2226190476190476","0","0","12","13"
"NALGATORZ","Raul Urias","2023","B","INFERRED_ADP_CARD","17","17","1","IND","0","0","0.39925373134328357","0.023485513608428446","0","-0.39925373134328357","-0.6427300049395541","0","0.39925373134328357","0","0","12","16"
"NALGATORZ","Raul Urias","2023","B","INFERRED_ADP_CARD","17","17","1","JAX","0","0","0.6502341235001463","0.038249066088243903","0","-0.6502341235001463","-0.8297417834471722","0","0.5325870646766169","0","0","12","26"
"NALGATORZ","Raul Urias","2023","B","INFERRED_ADP_CARD","17","17","1","KC","0","0","0.779982486180715","0.04588132271651264","0","-0.779982486180715","-0.9101020291299824","0","0.5472459132906894","0","0","12","31"
"NALGATORZ","Raul Urias","2023","B","INFERRED_ADP_CARD","17","17","1","LV","0","0","0.6883811214297528","0.04049300714292664","0","-0.6883811214297528","-0.8540074267983573","0","0.48377754086709307","0","0","12","27"
"NALGATORZ","Raul Urias","2023","B","INFERRED_ADP_CARD","17","17","1","LAC","2","0.11764705882352941","0.23534115138592748","0.013843597140348676","8.498301245753115","1.7646588486140726","3.6789130349027177","2","0.23534115138592748","8.498301245753115","0","3","1"
"NALGATORZ","Raul Urias","2023","B","INFERRED_ADP_CARD","17","17","1","LAR","0","0","0.5325870646766169","0.03132865086333041","0","-0.5325870646766169","-0.7455413885659433","0","0.5325870646766169","0","0","12","21"
"NALGATORZ","Raul Urias","2023","B","INFERRED_ADP_CARD","17","17","1","MIA","2","0.11764705882352941","0.6173314556192366","0.03631361503642568","3.239750674933335","1.3826685443807634","1.8084090742144583","2","0.38459488272921105","5.200277200277201","0","3","4"
"NALGATORZ","Raul Urias","2023","B","INFERRED_ADP_CARD","17","17","1","MIN","0","0","0.5835674568334797","0.03432749746079292","0","-0.5835674568334797","-0.783951070255539","0","0.4659203980099502","0","0","12","24"
"NALGATORZ","Raul Urias","2023","B","INFERRED_ADP_CARD","17","17","1","NE","0","0","0.39653209109730847","0.023325417123371085","0","-0.39653209109730847","-0.6510805724220766","0","0.2226190476190476","0","0","12","17"
"NALGATORZ","Raul Urias","2023","B","INFERRED_ADP_CARD","17","17","1","NO","1","0.058823529411764705","0.7215514044683415","0.04244420026284362","1.3859026450607865","0.27844859553165846","0.33687862171960065","1","0.634594882729211","1.5758084838303235","0","5","11"
"NALGATORZ","Raul Urias","2023","B","INFERRED_ADP_CARD","17","17","1","NYG","1","0.058823529411764705","0.4148929721142188","0.024405468947895224","2.4102601567439974","0.5851070278857812","0.9375763744694874","1","0.2972459132906894","3.3642178253332538","0","5","7"
"NALGATORZ","Raul Urias","2023","B","INFERRED_ADP_CARD","17","17","1","NYJ","3","0.17647058823529413","0.5763650690646147","0.03390382759203616","5.205034380151997","2.4236349309353855","3.283466994635538","2","0.4024520255863539","4.96953642384106","1","1","3"
"NALGATORZ","Raul Urias","2023","B","INFERRED_ADP_CARD","17","17","1","PHI","1","0.058823529411764705","0.3763592977749179","0.022138782222053992","2.657035460295845","0.623640702225082","1.0334076661518294","1","0.23057924662402274","4.336903752793404","0","5","6"
"NALGATORZ","Raul Urias","2023","B","INFERRED_ADP_CARD","17","17","1","PIT","0","0","0.7291191557739254","0.04288936210434855","0","-0.7291191557739254","-0.8774904288502949","0","0.5552061122956645","0","0","12","29"
"NALGATORZ","Raul Urias","2023","B","INFERRED_ADP_CARD","17","17","1","SEA","0","0","0.8868368242819515","0.05216687201658538","0","-0.8868368242819515","-0.9815546215256595","0","0.7691897654584221","0","0","12","32"
"NALGATORZ","Raul Urias","2023","B","INFERRED_ADP_CARD","17","17","1","SF","1","0.058823529411764705","0.37750378542072244","0.022206105024748377","2.648980059592024","0.6224962145792776","1.0353728590628728","1","0.290547263681592","3.4417808219178085","0","5","5"
"NALGATORZ","Raul Urias","2023","B","INFERRED_ADP_CARD","17","17","1","TB","0","0","0.38779317697228144","0.022811363351310673","0","-0.38779317697228144","-0.6389305381734098","0","0.38779317697228144","0","0","12","15"
"NALGATORZ","Raul Urias","2023","B","INFERRED_ADP_CARD","17","17","1","TEN","0","0","0.4611584932480455","0.0271269701910615","0","-0.4611584932480455","-0.6940903147840274","0","0.4611584932480455","0","0","12","18"
"NALGATORZ","Raul Urias","2023","B","INFERRED_ADP_CARD","17","17","1","WAS","0","0","0.29850746268656714","0.017559262510974536","0","-0.29850746268656714","-0.563436169819011","0","0.29850746268656714","0","0","12","14"
"NALGATORZ","Raul Urias","2024","B","INFERRED_ADP_CARD","17","17","1","ARI","0","0","0.5240777818225943","0.030828104813093785","0","-0.5240777818225943","-0.7409780038065206","0","0.5240777818225943","0","0","16","25"
"NALGATORZ","Raul Urias","2024","B","INFERRED_ADP_CARD","17","17","1","ATL","1","0.058823529411764705","0.4555818468632447","0.02679893216842616","2.1949952722768984","0.5444181531367553","0.8214281523237615","1","0.4055818468632447","2.4655935854475826","0","3","8"
"NALGATORZ","Raul Urias","2024","B","INFERRED_ADP_CARD","17","17","1","BAL","1","0.058823529411764705","0.6310429559519476","0.037120173879526326","1.5846781753414385","0.3689570440480524","0.47792030144706293","0","0.46437628928528096","0","1","3","12"
"NALGATORZ","Raul Urias","2024","B","INFERRED_ADP_CARD","17","17","1","BUF","0","0","0.4884070501152773","0.028729826477369252","0","-0.4884070501152773","-0.7155533048460958","0","0.3217403834486106","0","0","16","24"
"NALGATORZ","Raul Urias","2024","B","INFERRED_ADP_CARD","17","17","1","CAR","1","0.058823529411764705","0.19257371678194396","0.011327865693055527","5.19281663516068","0.8074262832180561","1.861610066939119","1","0.19257371678194396","5.19281663516068","0","3","2"
"NALGATORZ","Raul Urias","2024","B","INFERRED_ADP_CARD","17","17","1","CHI","2","0.11764705882352941","0.7870859119038952","0.046299171288464426","2.541018673758455","1.2129140880961047","1.4045495148370037","1","0.6037525785705619","1.6563076258284302","1","1","3"
"NALGATORZ","Raul Urias","2024","B","INFERRED_ADP_CARD","17","17","1","CIN","1","0.058823529411764705","0.4990777818225943","0.029357516577799666","2.0036956891730897","0.5009222181774057","0.7283067402681794","1","0.39907778182259435","2.5057771831671127","0","3","9"
"NALGATORZ","Raul Urias","2024","B","INFERRED_ADP_CARD","17","17","1","CLE","1","0.058823529411764705","0.680120737774542","0.04000710222203188","1.4703271705435","0.31987926222545804","0.397821871578625","1","0.5967874044412086","1.6756385817765918","0","3","13"
"NALGATORZ","Raul Urias","2024","B","INFERRED_ADP_CARD","17","17","1","DAL","0","0","0.7236166727338916","0.04256568663140539","0","-0.7236166727338916","-0.8701495222331079","0","0.5902833394005582","0","0","16","30"
"NALGATORZ","Raul Urias","2024","B","INFERRED_ADP_CARD","17","17","1","DEN","1","0.058823529411764705","0.5115777818225944","0.03009281069544673","1.9547369638245573","0.4884222181774056","0.6984456327500266","1","0.32824444848926104","3.04651001594233","0","3","10"
"NALGATORZ","Raul Urias","2024","B","INFERRED_ADP_CARD","17","17","1","DET","1","0.058823529411764705","0.9101474335638878","0.053538084327287516","1.0987230893837432","0.08985256643611217","0.09735971982941684","1","0.6434807668972212","1.5540480018103215","0","3","15"
"NALGATORZ","Raul Urias","2024","B","INFERRED_ADP_CARD","17","17","1","GB","1","0.058823529411764705","0.412547020992598","0.024267471823093998","2.423966115653862","0.587452979007402","0.9350173516437584","1","0.412547020992598","2.423966115653862","0","3","5"
"NALGATORZ","Raul Urias","2024","B","INFERRED_ADP_CARD","17","17","1","HOU","0","0","0.7912525785705619","0.04654426932768011","0","-0.7912525785705619","-0.9142103852890637","0","0.6079192452372285","0","0","16","31"
"NALGATORZ","Raul Urias","2024","B","INFERRED_ADP_CARD","17","17","1","IND","0","0","0.4227096226186143","0.024865271918742018","0","-0.4227096226186143","-0.6634969843382892","0","0.33937628928528096","0","0","16","20"
"NALGATORZ","Raul Urias","2024","B","INFERRED_ADP_CARD","17","17","1","JAX","0","0","0.7042136876592646","0.041424334568192035","0","-0.7042136876592646","-0.8637561696350138","0","0.537547020992598","0","0","16","29"
"NALGATORZ","Raul Urias","2024","B","INFERRED_ADP_CARD","17","17","1","KC","0","0","0.698217752699915","0.04107163251175971","0","-0.698217752699915","-0.8578330720786019","0","0.4815510860332484","0","0","16","28"
"NALGATORZ","Raul Urias","2024","B","INFERRED_ADP_CARD","17","17","1","LV","0","0","0.5370859119038952","0.031593288935523246","0","-0.5370859119038952","-0.7510171289165384","0","0.5370859119038952","0","0","16","26"
"NALGATORZ","Raul Urias","2024","B","INFERRED_ADP_CARD","17","17","1","LAC","0","0","0.36894187598592404","0.021702463293289648","0","-0.36894187598592404","-0.6189500854146415","0","0.31894187598592405","0","0","16","19"
"NALGATORZ","Raul Urias","2024","B","INFERRED_ADP_CARD","17","17","1","LAR","1","0.058823529411764705","0.3324111151559277","0.01955359500917222","3.008322990435862","0.6675888848440723","1.1745476710123928","1","0.3324111151559277","3.008322990435862","0","3","4"
"NALGATORZ","Raul Urias","2024","B","INFERRED_ADP_CARD","17","17","1","MIA","0","0","0.6819500060672248","0.04011470623924852","0","-0.6819500060672248","-0.8476247704438187","0","0.46528333940055816","0","0","16","27"
"NALGATORZ","Raul Urias","2024","B","INFERRED_ADP_CARD","17","17","1","MIN","1","0.058823529411764705","0.41488441936658177","0.024404965845093045","2.4103098437071564","0.5851155806334183","0.9277468006045967","1","0.41488441936658177","2.4103098437071564","0","3","6"
"NALGATORZ","Raul Urias","2024","B","INFERRED_ADP_CARD","17","17","1","NE","0","0","0.18190298507462688","0.01070017559262511","0","-0.18190298507462688","-0.43312003413468503","0","0.18190298507462688","0","0","16","16"
"NALGATORZ","Raul Urias","2024","B","INFERRED_ADP_CARD","17","17","1","NO","0","0","0.47407778182259436","0.02788692834250555","0","-0.47407778182259436","-0.7023108752157009","0","0.39074444848926104","0","0","16","21"
"NALGATORZ","Raul Urias","2024","B","INFERRED_ADP_CARD","17","17","1","NYG","0","0","0.26574444848926104","0.015632026381721238","0","-0.26574444848926104","-0.522565588720624","0","0.26574444848926104","0","0","16","17"
"NALGATORZ","Raul Urias","2024","B","INFERRED_ADP_CARD","17","17","1","NYJ","0","0","0.790744448489261","0.0465143793228977","0","-0.790744448489261","-0.9173513928850514","0","0.5240777818225943","0","0","16","32"
"NALGATORZ","Raul Urias","2024","B","INFERRED_ADP_CARD","17","17","1","PHI","1","0.058823529411764705","0.7245859119038952","0.04262270070022913","1.3800985964141048","0.2754140880961048","0.33177680206544485","1","0.5412525785705619","1.8475662557414168","0","3","14"
"NALGATORZ","Raul Urias","2024","B","INFERRED_ADP_CARD","17","17","1","PIT","1","0.058823529411764705","0.5337792743599078","0.03139878084470046","1.8734335483504305","0.4662207256400922","0.6522607199760758","0","0.4504459410265744","0","1","3","11"
"NALGATORZ","Raul Urias","2024","B","INFERRED_ADP_CARD","17","17","1","SEA","0","0","0.4717874044412086","0.027752200261247563","0","-0.4717874044412086","-0.703697555486422","0","0.4717874044412086","0","0","16","22"
"NALGATORZ","Raul Urias","2024","B","INFERRED_ADP_CARD","17","17","1","SF","2","0.11764705882352941","0.5245388909112971","0.030855228877135127","3.8128726671254825","1.4754611090887029","2.086446265916222","2","0.3912055575779638","5.112401808354723","0","1","1"
"NALGATORZ","Raul Urias","2024","B","INFERRED_ADP_CARD","17","17","1","TB","0","0","0.34171368765926463","0.020100805156427332","0","-0.34171368765926463","-0.5940928330448406","0","0.34171368765926463","0","0","16","18"
"NALGATORZ","Raul Urias","2024","B","INFERRED_ADP_CARD","17","17","1","TEN","0","0","0.4717874044412086","0.027752200261247563","0","-0.4717874044412086","-0.703697555486422","0","0.4717874044412086","0","0","16","23"
"NALGATORZ","Raul Urias","2024","B","INFERRED_ADP_CARD","17","17","1","WAS","1","0.058823529411764705","0.45181410023055457","0.026577300013562035","2.2132996723424827","0.5481858997694454","0.8342647452313348","1","0.45181410023055457","2.2132996723424827","0","3","7"
"NALGATORZ","Raul Urias","2025","B","INFERRED_ADP_CARD","17","17","1","ARI","2","0.11764705882352941","0.5525933363838189","0.03250549037551876","3.619298077475992","1.447406663616181","1.9931049065228763","1","0.5525933363838189","1.809649038737996","1","2","2"
"NALGATORZ","Raul Urias","2025","B","INFERRED_ADP_CARD","17","17","1","ATL","0","0","0.4217444540478248","0.02480849729693087","0","-0.4217444540478248","-0.6627373044232895","0","0.4217444540478248","0","0","13","18"
"NALGATORZ","Raul Urias","2025","B","INFERRED_ADP_CARD","17","17","1","BAL","0","0","0.5523643986548812","0.03249202345028713","0","-0.5523643986548812","-0.7625326095177786","0","0.36188820817869066","0","0","13","25"
"NALGATORZ","Raul Urias","2025","B","INFERRED_ADP_CARD","17","17","1","BUF","0","0","0.7784788144586559","0.04579287143874446","0","-0.7784788144586559","-0.9110465687574564","0","0.47689151287135423","0","0","13","31"
"NALGATORZ","Raul Urias","2025","B","INFERRED_ADP_CARD","17","17","1","CAR","0","0","0.17646211466436185","0.010380124392021284","0","-0.17646211466436185","-0.4241150522769022","0","0.17646211466436185","0","0","13","13"
"NALGATORZ","Raul Urias","2025","B","INFERRED_ADP_CARD","17","17","1","CHI","0","0","0.4217444540478248","0.02480849729693087","0","-0.4217444540478248","-0.6627373044232895","0","0.4217444540478248","0","0","13","19"
"NALGATORZ","Raul Urias","2025","B","INFERRED_ADP_CARD","17","17","1","CIN","1","0.058823529411764705","0.4736235390151451","0.027860208177361477","2.1113815459413283","0.5263764609848549","0.777889706310929","1","0.4180679834595895","2.391955470315655","0","5","8"
"NALGATORZ","Raul Urias","2025","B","INFERRED_ADP_CARD","17","17","1","CLE","0","0","0.36349077228125476","0.021381810134191458","0","-0.36349077228125476","-0.6128034835222912","0","0.36349077228125476","0","0","13","16"
"NALGATORZ","Raul Urias","2025","B","INFERRED_ADP_CARD","17","17","1","DAL","0","0","0.6478588698515995","0.0381093452853882","0","-0.6478588698515995","-0.8277472509002716","0","0.5367477587404884","0","0","13","27"
"NALGATORZ","Raul Urias","2025","B","INFERRED_ADP_CARD","17","17","1","DEN","3","0.17647058823529413","0.6997105165892344","0.04115944215230791","4.287487366380621","2.3002894834107654","2.8154216510299865","1","0.5489168657955836","1.8217694924542536","2","1","1"
"NALGATORZ","Raul Urias","2025","B","INFERRED_ADP_CARD","17","17","1","DET","1","0.058823529411764705","0.9612611538421187","0.05654477375541875","1.0403000225308636","0.03873884615788126","0.04086735922551046","1","0.6596738522548172","1.5159006175277694","0","5","12"
"NALGATORZ","Raul Urias","2025","B","INFERRED_ADP_CARD","17","17","1","GB","0","0","0.5133060786976847","0.03019447521751087","0","-0.5133060786976847","-0.728758025138643","0","0.4180679834595895","0","0","13","23"
"NALGATORZ","Raul Urias","2025","B","INFERRED_ADP_CARD","17","17","1","HOU","0","0","0.7166030341839992","0.04215311965788231","0","-0.7166030341839992","-0.8721771418952589","0","0.47057128815225313","0","0","13","30"
"NALGATORZ","Raul Urias","2025","B","INFERRED_ADP_CARD","17","17","1","IND","0","0","0.27641787051899414","0.01625987473641142","0","-0.27641787051899414","-0.538550075151047","0","0.18117977528089887","0","0","13","15"
"NALGATORZ","Raul Urias","2025","B","INFERRED_ADP_CARD","17","17","1","JAX","0","0","0.4815463278368103","0.028326254578635898","0","-0.4815463278368103","-0.7062837006326509","0","0.42599077228125476","0","0","13","21"
"NALGATORZ","Raul Urias","2025","B","INFERRED_ADP_CARD","17","17","1","KC","0","0","0.7066823992633642","0.041569552897844954","0","-0.7066823992633642","-0.8657978402145073","0","0.5955712881522531","0","0","13","29"
"NALGATORZ","Raul Urias","2025","B","INFERRED_ADP_CARD","17","17","1","LV","0","0","0.42438820817869066","0.02496401224580533","0","-0.42438820817869066","-0.6635657222871612","0","0.42438820817869066","0","0","13","20"
"NALGATORZ","Raul Urias","2025","B","INFERRED_ADP_CARD","17","17","1","LAC","1","0.058823529411764705","0.45872886751935","0.02698405103055","2.1799369318256785","0.5412711324806501","0.8136497665228252","1","0.36349077228125476","2.7511014756276664","0","5","7"
"NALGATORZ","Raul Urias","2025","B","INFERRED_ADP_CARD","17","17","1","LAR","1","0.058823529411764705","0.29938820817869066","0.017611071069334745","3.340144911128722","0.7006117918213093","1.2968826323879732","1","0.29938820817869066","3.340144911128722","0","5","5"
"NALGATORZ","Raul Urias","2025","B","INFERRED_ADP_CARD","17","17","1","MIA","1","0.058823529411764705","0.5255026239824654","0.030911919057792083","1.9029400698736898","0.4744973760175346","0.6728813748619629","1","0.41439151287135423","2.4131768362506136","0","5","10"
"NALGATORZ","Raul Urias","2025","B","INFERRED_ADP_CARD","17","17","1","MIN","1","0.058823529411764705","0.791326513319243","0.046548618430543705","1.263700865784807","0.20867348668075703","0.24157669458394393","1","0.6008503228430525","1.6643080014807763","0","5","11"
"NALGATORZ","Raul Urias","2025","B","INFERRED_ADP_CARD","17","17","1","NE","0","0","0.49009333638381886","0.02882901978728346","0","-0.49009333638381886","-0.7143155815309286","0","0.49009333638381886","0","0","13","22"
"NALGATORZ","Raul Urias","2025","B","INFERRED_ADP_CARD","17","17","1","NO","0","0","0.17646211466436185","0.010380124392021284","0","-0.17646211466436185","-0.4241150522769022","0","0.17646211466436185","0","0","13","14"
"NALGATORZ","Raul Urias","2025","B","INFERRED_ADP_CARD","17","17","1","NYG","1","0.058823529411764705","0.39990533810758533","0.023523843418093254","2.500591776874389","0.6000946618924147","0.9665768969770925","1","0.3046672428694901","3.282269503546099","0","5","6"
"NALGATORZ","Raul Urias","2025","B","INFERRED_ADP_CARD","17","17","1","NYJ","0","0","0.5175523969311147","0.030444258643006743","0","-0.5175523969311147","-0.7347450819015208","0","0.4223143016930195","0","0","13","24"
"NALGATORZ","Raul Urias","2025","B","INFERRED_ADP_CARD","17","17","1","PHI","0","0","0.6789944009871306","0.039940847116890034","0","-0.6789944009871306","-0.8476514203677479","0","0.4726451946379243","0","0","13","28"
"NALGATORZ","Raul Urias","2025","B","INFERRED_ADP_CARD","17","17","1","PIT","0","0","0.5804608936631409","0.03414475845077299","0","-0.5804608936631409","-0.7790856824167072","0","0.4296672428694901","0","0","13","26"
"NALGATORZ","Raul Urias","2025","B","INFERRED_ADP_CARD","17","17","1","SEA","2","0.11764705882352941","0.6075029839074783","0.03573546964161637","3.2921648995630233","1.3924970160925216","1.8413954058990594","2","0.4170267934312878","4.795854922279793","0","2","3"
"NALGATORZ","Raul Urias","2025","B","INFERRED_ADP_CARD","17","17","1","SF","0","0","0.8126942868763755","0.047805546286845614","0","-0.8126942868763755","-0.9259373598416145","0","0.7174561916382802","0","0","13","32"
"NALGATORZ","Raul Urias","2025","B","INFERRED_ADP_CARD","17","17","1","TB","1","0.058823529411764705","0.5234830895769429","0.030793122916290758","1.9102813823616693","0.4765169104230571","0.6741674644552005","1","0.4679275340213873","2.1370830466118576","0","5","9"
"NALGATORZ","Raul Urias","2025","B","INFERRED_ADP_CARD","17","17","1","TEN","0","0","0.36613452641212063","0.021537325083065918","0","-0.36613452641212063","-0.6178340263454523","0","0.36613452641212063","0","0","13","17"
"NALGATORZ","Raul Urias","2025","B","INFERRED_ADP_CARD","17","17","1","WAS","2","0.11764705882352941","0.6034940769739183","0.03549965158670108","3.3140341824538497","1.3965059230260817","1.840563685293825","2","0.6034940769739183","3.3140341824538497","0","2","4"
