season,adp_name,adp_team,adp_overall,adp_rb_rank,adp_start_date,adp_end_date,adp_drafts,ppr_points,ppr_ppg,games,actual_rb_rank,rank_outperformance,adp_expected_ppr,adp_residual_ppr,workload_expected_ppr,workload_residual_ppr,prior_available,prior_carries,prior_targets,prior_touches,prior_touch_share,prior_target_share,prior_i20_carries,prior_i10_carries,prior_i5_carries,prior_i20_targets,prior_i10_targets,prior_i20_share,prior_i10_share,prior_i5_share,prior_i20_rb_share,prior_i10_rb_share,prior_i5_rb_share,prior_i5_td_conversion,prior_team_i20_carries,prior_team_i10_carries,prior_team_i5_carries,prior_team_rb_i20_carries,prior_team_rb_i10_carries,prior_team_rb_i5_carries,prior_offensive_tds_per_game,prior_red_zone_trips,prior_i10_rush_rate,touch_share_delta,target_share_delta,i20_share_delta,i10_share_delta,i5_share_delta,i20_rb_share_delta,i10_rb_share_delta,i5_rb_share_delta,teammate_i5_delta,team_changed,head_coach_change
2022,Jonathan Taylor,IND,1.300000,1,2022-09-03,2022-09-04,1633,152.400000,13.854545,11.000000,30,-29,242.425788,-90.025788,239.781039,-87.381039,1,332.000000,52.000000,372.000000,0.458693,0.102767,89.000000,41.000000,30.000000,4.000000,2.000000,0.816514,0.820000,0.833333,0.898990,0.931818,0.967742,0.400000,109.000000,50.000000,36.000000,99.000000,44.000000,31.000000,2.882353,81.000000,0.555556,0.127829,0.030141,0.294775,0.309796,0.333333,0.334284,0.363636,0.375149,-0.107639,0,0
2022,Christian McCaffrey,SF,2.400000,2,2022-09-03,2022-09-04,1633,351.000000,31.909091,11.000000,2,0,241.276673,109.723327,213.590054,137.409946,1,99.000000,41.000000,136.000000,0.171285,0.070934,19.000000,9.000000,3.000000,3.000000,0.000000,0.253333,0.236842,0.136364,0.380000,0.428571,0.333333,0.000000,75.000000,38.000000,22.000000,50.000000,21.000000,9.000000,1.823529,56.000000,0.567164,0.072455,0.035017,0.110476,0.049342,-0.037549,0.164615,0.171429,0.098039,-0.205534,1,0
2022,Austin Ekeler,LAC,2.700000,3,2022-09-03,2022-09-04,1633,377.300000,22.194118,17.000000,1,2,240.963278,136.336722,281.716556,95.583444,1,208.000000,95.000000,278.000000,0.325527,0.142429,50.000000,27.000000,18.000000,17.000000,4.000000,0.505051,0.551020,0.642857,0.602410,0.627907,0.720000,0.500000,99.000000,49.000000,28.000000,83.000000,43.000000,25.000000,3.294118,85.000000,0.462264,0.130125,0.036566,0.295748,0.351020,0.568783,0.341540,0.350129,0.602353,-0.226190,0,1
2022,Derrick Henry,TEN,4.300000,4,2022-09-03,2022-09-04,1633,304.600000,19.037500,16.000000,4,0,239.291837,65.308163,236.143422,68.456578,1,220.000000,20.000000,238.000000,0.265625,0.038241,35.000000,18.000000,10.000000,2.000000,0.000000,0.411765,0.409091,0.370370,0.530303,0.545455,0.555556,0.400000,85.000000,44.000000,27.000000,66.000000,33.000000,18.000000,2.647059,74.000000,0.556962,-0.216842,-0.027576,-0.275735,-0.251623,-0.258201,-0.294697,-0.295455,-0.290598,0.059259,0,0
2022,Najee Harris,PIT,7.100000,5,2022-09-03,2022-09-04,1633,227.700000,13.394118,17.000000,14,-9,236.366816,-8.666816,274.290747,-46.590747,1,307.000000,94.000000,381.000000,0.463504,0.142857,29.000000,17.000000,11.000000,14.000000,6.000000,0.725000,0.739130,0.647059,0.935484,1.000000,1.000000,0.363636,40.000000,23.000000,17.000000,31.000000,17.000000,11.000000,1.941176,58.000000,0.323944,0.000000,0.000000,0.000000,0.000000,0.000000,0.000000,0.000000,0.000000,0.000000,0,0
2022,Dalvin Cook,MIN,7.500000,6,2022-09-03,2022-09-04,1633,245.800000,14.458824,17.000000,10,-4,235.948956,9.851044,245.747231,0.052769,1,251.000000,49.000000,285.000000,0.338480,0.084337,47.000000,28.000000,17.000000,3.000000,0.000000,0.522222,0.560000,0.653846,0.552941,0.583333,0.680000,0.176471,90.000000,50.000000,26.000000,85.000000,48.000000,25.000000,2.588235,71.000000,0.588235,-0.102552,-0.025419,-0.086869,-0.007164,-0.036630,-0.103922,-0.050000,-0.063590,0.049451,0,0
2022,Joe Mixon,CIN,10.100000,7,2022-09-03,2022-09-04,1633,239.500000,17.107143,14.000000,11,-4,233.232865,6.267135,232.175415,7.324585,1,294.000000,48.000000,336.000000,0.414303,0.088398,44.000000,28.000000,17.000000,7.000000,5.000000,0.733333,0.777778,0.809524,0.880000,0.933333,0.944444,0.411765,60.000000,36.000000,21.000000,50.000000,30.000000,18.000000,3.058824,76.000000,0.529412,0.233658,0.042461,0.460606,0.527778,0.559524,0.540377,0.615152,0.611111,-0.157143,0,0
2022,Alvin Kamara,NO,10.900000,8,2022-09-03,2022-09-04,1633,219.700000,14.646667,15.000000,16,-8,232.397145,-12.697145,223.142664,-3.442664,1,241.000000,67.000000,288.000000,0.364557,0.140167,42.000000,18.000000,12.000000,14.000000,5.000000,0.552632,0.600000,0.666667,0.750000,0.818182,0.800000,0.166667,76.000000,30.000000,18.000000,56.000000,22.000000,15.000000,2.411765,66.000000,0.500000,0.045030,-0.070049,0.132071,0.148387,0.166667,0.133562,0.135255,-0.033333,-0.133333,0,0
2022,D'Andre Swift,DET,12.800000,9,2022-09-03,2022-09-04,1633,187.700000,13.407143,14.000000,21,-12,230.412309,-42.712309,239.732769,-52.032769,1,151.000000,78.000000,213.000000,0.259124,0.136602,20.000000,11.000000,6.000000,11.000000,3.000000,0.357143,0.379310,0.428571,0.384615,0.423077,0.461538,0.333333,56.000000,29.000000,14.000000,52.000000,26.000000,13.000000,2.058824,59.000000,0.483333,0.041733,0.035896,0.075453,-0.035324,0.049261,0.072115,0.008443,0.082228,-0.160099,0,1
2022,Aaron Jones Sr.,GB,14.900000,10,2022-09-03,2022-09-04,1633,252.600000,14.858824,17.000000,7,3,228.218544,24.381456,235.322751,17.277249,1,171.000000,65.000000,223.000000,0.268999,0.113636,33.000000,15.000000,8.000000,15.000000,4.000000,0.362637,0.340909,0.320000,0.397590,0.384615,0.380952,0.500000,91.000000,44.000000,25.000000,83.000000,39.000000,21.000000,3.058824,84.000000,0.458333,-0.043815,-0.012112,-0.143692,-0.159091,-0.203810,-0.150355,-0.168016,-0.169048,0.059048,0,0
2022,Saquon Barkley,NYG,15.500000,11,2022-09-03,2022-09-04,1633,282.000000,17.625000,16.000000,5,6,227.591754,54.408246,225.184951,56.815049,1,162.000000,57.000000,203.000000,0.265707,0.100707,12.000000,6.000000,3.000000,3.000000,1.000000,0.240000,0.230769,0.187500,0.375000,0.375000,0.300000,0.333333,50.000000,26.000000,16.000000,32.000000,16.000000,10.000000,1.352941,47.000000,0.464286,0.230094,0.082850,0.180000,0.189103,0.131944,0.286765,0.325000,0.237500,-0.243056,0,0
2022,Nick Chubb,CLE,18.800000,12,2022-09-03,2022-09-04,1633,281.400000,16.552941,17.000000,6,6,224.144408,57.255592,211.988104,69.411896,1,228.000000,25.000000,248.000000,0.312343,0.049801,41.000000,22.000000,11.000000,1.000000,1.000000,0.445652,0.511628,0.478261,0.506173,0.564103,0.550000,0.363636,92.000000,43.000000,23.000000,81.000000,39.000000,20.000000,2.411765,64.000000,0.581081,0.053549,0.011339,0.043478,0.064819,0.033816,0.037818,0.025641,0.070000,-0.264090,0,0
2022,Javonte Williams,DEN,20.200000,13,2022-09-03,2022-09-04,1633,44.000000,11.000000,4.000000,73,-60,222.681897,-178.681897,217.831327,-173.831327,1,203.000000,53.000000,246.000000,0.306351,0.101923,31.000000,21.000000,10.000000,8.000000,3.000000,0.364706,0.466667,0.434783,0.418919,0.500000,0.476190,0.300000,85.000000,45.000000,23.000000,74.000000,42.000000,21.000000,2.117647,60.000000,0.562500,0.000000,0.000000,0.000000,0.000000,0.000000,0.000000,0.000000,0.000000,0.000000,0,0
2022,Leonard Fournette,TB,21.900000,14,2022-09-03,2022-09-04,1633,228.100000,14.256250,16.000000,12,2,220.905992,7.194008,261.185717,-33.085717,1,180.000000,84.000000,249.000000,0.289535,0.117155,41.000000,25.000000,14.000000,18.000000,5.000000,0.569444,0.531915,0.538462,0.630769,0.625000,0.636364,0.428571,72.000000,47.000000,26.000000,65.000000,40.000000,22.000000,3.588235,86.000000,0.443396,0.113376,0.039852,0.246864,0.231915,0.129371,0.267133,0.282143,0.162679,-0.262238,0,0
2022,Ezekiel Elliott,DAL,27.700000,15,2022-09-03,2022-09-04,1633,185.800000,12.386667,15.000000,22,-7,214.847020,-29.047020,249.578940,-63.778940,1,240.000000,65.000000,287.000000,0.318182,0.101246,41.000000,20.000000,17.000000,17.000000,5.000000,0.512500,0.555556,0.607143,0.640625,0.833333,0.850000,0.411765,80.000000,36.000000,28.000000,64.000000,24.000000,20.000000,3.235294,91.000000,0.467532,-0.034550,-0.015071,-0.109122,-0.161836,-0.085165,-0.113473,-0.058559,-0.050000,0.086081,0,0
2022,James Conner,ARI,28.400000,16,2022-09-03,2022-09-04,1633,202.200000,15.553846,13.000000,19,-3,214.115765,-11.915765,221.516519,-19.316519,1,202.000000,39.000000,239.000000,0.267338,0.068182,42.000000,28.000000,18.000000,2.000000,0.000000,0.424242,0.509091,0.600000,0.646154,0.682927,0.782609,0.555556,99.000000,55.000000,30.000000,65.000000,41.000000,23.000000,2.941176,82.000000,0.572917,0.005799,0.002733,-0.025758,0.150117,0.266667,0.126923,0.271162,0.382609,-0.333333,0,1
2022,Cam Akers,LAR,33.100000,17,2022-09-03,2022-09-04,1633,145.300000,9.686667,15.000000,33,-16,209.205908,-63.905908,188.955866,-43.655866,1,5.000000,3.000000,8.000000,0.009889,0.004959,2.000000,0.000000,0.000000,1.000000,0.000000,0.024390,0.000000,0.000000,0.026667,0.000000,0.000000,0.000000,82.000000,40.000000,17.000000,75.000000,37.000000,16.000000,3.000000,80.000000,0.421053,-0.174074,-0.019908,-0.298526,-0.323077,-0.236842,-0.351382,-0.381818,-0.310345,0.239938,0,0
2022,Travis Etienne Jr.,JAX,33.600000,18,2022-09-03,2022-09-04,1633,208.900000,12.288235,17.000000,17,1,208.683583,0.216417,183.822133,25.077867,0,0.000000,0.000000,0.000000,0.000000,0.000000,0.000000,0.000000,0.000000,0.000000,0.000000,0.000000,0.000000,0.000000,0.000000,0.000000,0.000000,0.000000,0.000000,0.000000,0.000000,0.000000,0.000000,0.000000,0.000000,0.000000,0.000000,0.000000,0.000000,0.000000,0.000000,0.000000,0.000000,0.000000,0.000000,0.000000,0,0
2022,J.K. Dobbins,BAL,38.800000,19,2022-09-03,2022-09-04,1633,81.200000,10.150000,8.000000,52,-33,203.251401,-122.051401,179.347046,-98.147046,0,0.000000,0.000000,0.000000,0.000000,0.000000,0.000000,0.000000,0.000000,0.000000,0.000000,0.000000,0.000000,0.000000,0.000000,0.000000,0.000000,0.000000,0.000000,0.000000,0.000000,0.000000,0.000000,0.000000,0.000000,0.000000,0.000000,-0.191250,-0.063613,-0.287129,-0.254545,-0.370370,-0.414286,-0.358974,-0.416667,-0.370370,0,1
2022,David Montgomery,CHI,39.300000,20,2022-09-03,2022-09-04,1633,181.700000,11.356250,16.000000,24,-4,202.729076,-21.029076,201.921145,-20.221145,1,225.000000,51.000000,267.000000,0.334586,0.096591,43.000000,24.000000,13.000000,8.000000,2.000000,0.505882,0.545455,0.541667,0.682540,0.727273,0.650000,0.461538,85.000000,44.000000,24.000000,63.000000,33.000000,20.000000,1.764706,59.000000,0.594595,-0.049637,-0.017121,-0.146895,-0.103194,-0.140152,-0.239029,-0.232727,-0.287500,0.075758,0,0
2022,Elijah Mitchell,SF,42.400000,21,2022-09-03,2022-09-04,1633,43.600000,8.720000,5.000000,75,-54,199.490660,-155.890660,193.008812,-149.408812,1,207.000000,20.000000,226.000000,0.272618,0.040080,21.000000,11.000000,5.000000,2.000000,1.000000,0.333333,0.282051,0.250000,0.538462,0.458333,0.384615,0.600000,63.000000,39.000000,20.000000,39.000000,24.000000,13.000000,2.823529,68.000000,0.549296,0.000000,0.000000,0.000000,0.000000,0.000000,0.000000,0.000000,0.000000,0.000000,0,0
2022,Breece Hall,NYJ,44.400000,22,2022-09-03,2022-09-04,1633,117.100000,16.728571,7.000000,41,-19,197.401359,-80.301359,174.527722,-57.427722,0,0.000000,0.000000,0.000000,0.000000,0.000000,0.000000,0.000000,0.000000,0.000000,0.000000,0.000000,0.000000,0.000000,0.000000,0.000000,0.000000,0.000000,0.000000,0.000000,0.000000,0.000000,0.000000,0.000000,0.000000,0.000000,0.000000,0.000000,0.000000,0.000000,0.000000,0.000000,0.000000,0.000000,0.000000,0.000000,0,0
2022,Josh Jacobs,LV,46.800000,23,2022-09-03,2022-09-04,1633,330.300000,19.429412,17.000000,3,20,194.894199,135.405801,213.836698,116.463302,1,217.000000,64.000000,271.000000,0.325330,0.105785,38.000000,21.000000,13.000000,6.000000,3.000000,0.493506,0.583333,0.590909,0.593750,0.700000,0.722222,0.538462,77.000000,36.000000,22.000000,64.000000,30.000000,18.000000,2.176471,68.000000,0.500000,-0.048753,0.019907,-0.156494,-0.161348,-0.186869,-0.153376,-0.133333,-0.232323,-0.011785,0,0
2022,AJ Dillon,GB,48.700000,24,2022-09-03,2022-09-04,1633,0.000000,0.000000,0.000000,154,-130,192.909363,-192.909363,170.827170,-170.827170,0,0.000000,0.000000,0.000000,0.000000,0.000000,0.000000,0.000000,0.000000,0.000000,0.000000,0.000000,0.000000,0.000000,0.000000,0.000000,0.000000,0.000000,0.000000,0.000000,0.000000,0.000000,0.000000,0.000000,0.000000,0.000000,0.000000,0.000000,0.000000,0.000000,0.000000,0.000000,0.000000,0.000000,0.000000,0.000000,0,0
2022,Clyde Edwards-Helaire,KC,54.300000,25,2022-09-03,2022-09-04,1633,98.300000,10.922222,9.000000,45,-20,187.059321,-88.759321,189.823302,-91.523302,1,119.000000,24.000000,138.000000,0.160465,0.037618,14.000000,7.000000,3.000000,4.000000,3.000000,0.166667,0.166667,0.120000,0.225806,0.225806,0.150000,1.000000,84.000000,42.000000,25.000000,62.000000,31.000000,20.000000,3.117647,86.000000,0.466667,-0.108766,-0.050330,-0.279487,-0.274510,-0.380000,-0.391215,-0.456012,-0.542308,0.393333,0,0
2022,Damien Harris,NE,59.800000,26,2022-09-03,2022-09-04,1633,90.900000,8.263636,11.000000,47,-21,181.313745,-90.413745,181.216293,-90.316293,1,202.000000,21.000000,220.000000,0.262843,0.039924,46.000000,30.000000,16.000000,2.000000,0.000000,0.464646,0.588235,0.571429,0.528736,0.612245,0.571429,0.562500,99.000000,51.000000,28.000000,87.000000,49.000000,28.000000,2.823529,75.000000,0.621951,0.079618,0.023297,0.254646,0.410816,0.483193,0.139847,0.219388,0.271429,-0.491597,0,0
2022,Miles Sanders,PHI,61.700000,27,2022-09-03,2022-09-04,1633,220.700000,12.982353,17.000000,15,12,179.328909,41.371091,175.283201,45.416799,1,138.000000,34.000000,164.000000,0.193625,0.072187,22.000000,11.000000,7.000000,3.000000,0.000000,0.198198,0.157143,0.159091,0.275000,0.220000,0.225806,0.000000,111.000000,70.000000,44.000000,80.000000,50.000000,31.000000,2.647059,74.000000,0.700000,-0.070883,-0.019524,-0.216088,-0.277640,-0.400909,-0.329167,-0.446667,-0.597723,0.095455,0,1
2022,Rashaad Penny,SEA,63.300000,28,2022-09-03,2022-09-04,1633,52.200000,10.440000,5.000000,64,-36,177.657469,-125.457469,161.650689,-109.450689,1,119.000000,8.000000,125.000000,0.171468,0.016807,19.000000,8.000000,4.000000,1.000000,0.000000,0.322034,0.285714,0.222222,0.358491,0.307692,0.250000,0.250000,59.000000,28.000000,18.000000,53.000000,26.000000,16.000000,2.823529,68.000000,0.571429,0.157401,0.016807,0.289776,0.256303,0.222222,0.322127,0.274359,0.250000,-0.125604,0,0
2022,Kareem Hunt,CLE,68.900000,29,2022-09-03,2022-09-04,1633,126.800000,7.458824,17.000000,39,-10,171.807427,-45.007427,163.714916,-36.914916,1,79.000000,27.000000,101.000000,0.127204,0.053785,18.000000,8.000000,5.000000,4.000000,1.000000,0.195652,0.186047,0.217391,0.222222,0.205128,0.250000,0.600000,92.000000,43.000000,23.000000,81.000000,39.000000,20.000000,2.411765,64.000000,0.581081,-0.169278,-0.055189,-0.250000,-0.175656,-0.264090,-0.296765,-0.230769,-0.270000,0.033816,0,0
2022,Chase Edmonds,DEN,69.600000,30,2022-09-03,2022-09-04,1633,0.000000,0.000000,0.000000,154,-124,171.076172,-171.076172,169.632454,-169.632454,1,116.000000,53.000000,159.000000,0.177852,0.092657,20.000000,12.000000,5.000000,7.000000,1.000000,0.202020,0.218182,0.166667,0.307692,0.292683,0.217391,0.200000,99.000000,55.000000,30.000000,65.000000,41.000000,23.000000,2.941176,82.000000,0.572917,0.002823,-0.029829,0.047381,0.161578,0.135417,0.096425,0.213736,0.173913,-0.087500,1,0
2022,Dameon Pierce,HOU,70.500000,31,2022-09-03,2022-09-04,1633,170.400000,13.107692,13.000000,25,6,170.135986,0.264014,152.066229,18.333771,0,0.000000,0.000000,0.000000,0.000000,0.000000,0.000000,0.000000,0.000000,0.000000,0.000000,0.000000,0.000000,0.000000,0.000000,0.000000,0.000000,0.000000,0.000000,0.000000,0.000000,0.000000,0.000000,0.000000,0.000000,0.000000,0.000000,0.000000,0.000000,0.000000,0.000000,0.000000,0.000000,0.000000,0.000000,0.000000,0,0
2022,Tony Pollard,DAL,70.800000,32,2022-09-03,2022-09-04,1633,248.800000,15.550000,16.000000,9,23,169.822591,78.977409,190.685938,58.114062,1,130.000000,47.000000,169.000000,0.187361,0.073209,16.000000,3.000000,2.000000,8.000000,1.000000,0.200000,0.083333,0.071429,0.250000,0.125000,0.100000,0.500000,80.000000,36.000000,28.000000,64.000000,24.000000,20.000000,3.235294,91.000000,0.467532,0.034155,0.008588,0.010811,-0.003623,-0.005495,0.020492,0.016892,0.000000,-0.085165,0,0
2022,Devin Singletary,BUF,74.400000,33,2022-09-03,2022-09-04,1633,183.900000,11.493750,16.000000,23,10,166.061850,17.838150,188.395268,-4.495268,1,188.000000,50.000000,228.000000,0.266979,0.079745,40.000000,18.000000,8.000000,6.000000,2.000000,0.363636,0.310345,0.333333,0.563380,0.500000,0.615385,0.500000,110.000000,58.000000,24.000000,71.000000,36.000000,13.000000,3.294118,85.000000,0.517857,0.022338,-0.007515,0.088636,0.110345,0.139785,0.163380,0.192308,0.315385,0.061828,0,0
2022,Rhamondre Stevenson,NE,76.000000,34,2022-09-03,2022-09-04,1633,251.100000,14.770588,17.000000,8,26,164.390410,86.709590,163.182964,87.917036,1,133.000000,18.000000,147.000000,0.175627,0.034221,25.000000,11.000000,6.000000,2.000000,1.000000,0.252525,0.215686,0.214286,0.287356,0.224490,0.214286,0.666667,99.000000,51.000000,28.000000,87.000000,49.000000,28.000000,2.823529,75.000000,0.621951,0.000000,0.000000,0.000000,0.000000,0.000000,0.000000,0.000000,0.000000,0.000000,0,0
2022,Melvin Gordon III,KC,85.400000,35,2022-09-03,2022-09-04,1633,0.000000,0.000000,0.000000,154,-119,154.570697,-154.570697,143.699569,-143.699569,1,203.000000,38.000000,231.000000,0.287671,0.073077,40.000000,21.000000,11.000000,8.000000,3.000000,0.470588,0.466667,0.478261,0.540541,0.500000,0.523810,0.363636,85.000000,45.000000,23.000000,74.000000,42.000000,21.000000,2.117647,60.000000,0.562500,-0.042985,-0.008707,-0.121248,-0.200000,-0.021739,-0.203049,-0.318182,-0.142857,0.184783,1,0
2022,Cordarrelle Patterson,ATL,91.400000,36,2022-09-03,2022-09-04,1633,150.700000,11.592308,13.000000,32,4,148.302795,2.397205,160.520747,-9.820747,1,153.000000,69.000000,205.000000,0.269382,0.124324,33.000000,13.000000,7.000000,12.000000,2.000000,0.500000,0.419355,0.437500,0.578947,0.565217,0.636364,0.285714,66.000000,31.000000,16.000000,57.000000,23.000000,11.000000,1.823529,61.000000,0.462687,0.161240,0.082518,0.388889,0.284220,0.346591,0.422085,0.365217,0.511364,-0.369318,0,1
2022,James Cook III,BUF,92.000000,37,2022-09-03,2022-09-04,1633,107.700000,7.180000,15.000000,43,-6,147.676005,-39.976005,133.563467,-25.863467,0,0.000000,0.000000,0.000000,0.000000,0.000000,0.000000,0.000000,0.000000,0.000000,0.000000,0.000000,0.000000,0.000000,0.000000,0.000000,0.000000,0.000000,0.000000,0.000000,0.000000,0.000000,0.000000,0.000000,0.000000,0.000000,0.000000,0.000000,0.000000,0.000000,0.000000,0.000000,0.000000,0.000000,0.000000,0.000000,0,0
2022,Kenneth Walker,SEA,92.900000,38,2022-09-03,2022-09-04,1633,202.500000,13.500000,15.000000,18,20,146.735819,55.764181,132.788933,69.711067,0,0.000000,0.000000,0.000000,0.000000,0.000000,0.000000,0.000000,0.000000,0.000000,0.000000,0.000000,0.000000,0.000000,0.000000,0.000000,0.000000,0.000000,0.000000,0.000000,0.000000,0.000000,0.000000,0.000000,0.000000,0.000000,0.000000,0.000000,0.000000,0.000000,0.000000,0.000000,0.000000,0.000000,0.000000,0.000000,0,0
2022,Nyheim Hines,BUF,93.900000,39,2022-09-03,2022-09-04,1633,0.000000,0.000000,0.000000,154,-115,145.691169,-145.691169,134.030127,-134.030127,1,56.000000,57.000000,96.000000,0.118372,0.112648,5.000000,2.000000,0.000000,5.000000,1.000000,0.045872,0.040000,0.000000,0.050505,0.045455,0.000000,0.000000,109.000000,50.000000,36.000000,99.000000,44.000000,31.000000,2.882353,81.000000,0.555556,-0.069282,-0.028879,-0.247607,-0.266122,-0.218750,-0.267142,-0.295455,-0.259259,0.333333,1,0
2022,James Robinson,NYJ,101.500000,40,2022-09-03,2022-09-04,1633,0.000000,0.000000,0.000000,154,-114,137.751827,-137.751827,132.268188,-132.268188,1,164.000000,46.000000,195.000000,0.261044,0.078231,24.000000,17.000000,10.000000,2.000000,1.000000,0.393443,0.500000,0.454545,0.521739,0.629630,0.625000,0.700000,61.000000,34.000000,22.000000,46.000000,27.000000,16.000000,1.470588,50.000000,0.500000,-0.140062,-0.026322,-0.387045,-0.323529,-0.420455,-0.367150,-0.245370,-0.250000,0.147727,1,1
2022,Raheem Mostert,MIA,101.900000,41,2022-09-03,2022-09-04,1633,170.300000,10.643750,16.000000,26,15,137.333966,32.966034,112.407044,57.892956,1,2.000000,0.000000,2.000000,0.002413,0.000000,0.000000,0.000000,0.000000,0.000000,0.000000,0.000000,0.000000,0.000000,0.000000,0.000000,0.000000,0.000000,63.000000,39.000000,20.000000,39.000000,24.000000,13.000000,2.823529,68.000000,0.549296,-0.147775,-0.034111,-0.154930,-0.175000,-0.240000,-0.166667,-0.184211,-0.250000,-0.070000,1,0
2022,Kenny Gainwell,PHI,105.800000,42,2022-09-03,2022-09-04,1633,0.000000,0.000000,0.000000,154,-112,133.259830,-133.259830,121.687275,-121.687275,0,0.000000,0.000000,0.000000,0.000000,0.000000,0.000000,0.000000,0.000000,0.000000,0.000000,0.000000,0.000000,0.000000,0.000000,0.000000,0.000000,0.000000,0.000000,0.000000,0.000000,0.000000,0.000000,0.000000,0.000000,0.000000,0.000000,0.000000,0.000000,0.000000,0.000000,0.000000,0.000000,0.000000,0.000000,0.000000,0,0
2022,Tyler Allgeier,ATL,107.600000,43,2022-09-03,2022-09-04,1633,157.400000,9.837500,16.000000,29,14,131.379460,26.020540,120.138207,37.261793,0,0.000000,0.000000,0.000000,0.000000,0.000000,0.000000,0.000000,0.000000,0.000000,0.000000,0.000000,0.000000,0.000000,0.000000,0.000000,0.000000,0.000000,0.000000,0.000000,0.000000,0.000000,0.000000,0.000000,0.000000,0.000000,0.000000,0.000000,0.000000,0.000000,0.000000,0.000000,0.000000,0.000000,0.000000,0.000000,0,0
2022,J.D. McKissic,WAS,110.200000,44,2022-09-03,2022-09-04,1633,53.800000,6.725000,8.000000,62,-18,128.663369,-74.863369,138.496928,-84.696928,1,49.000000,54.000000,92.000000,0.111111,0.100372,7.000000,5.000000,4.000000,4.000000,3.000000,0.084337,0.104167,0.125000,0.107692,0.138889,0.160000,0.250000,83.000000,48.000000,32.000000,65.000000,36.000000,25.000000,2.000000,64.000000,0.640000,-0.101518,-0.090600,-0.115663,0.006606,0.031250,-0.125641,0.021242,0.044615,0.156250,0,0
2022,Darrell Henderson Jr.,JAX,111.900000,45,2022-09-03,2022-09-04,1633,0.000000,0.000000,0.000000,154,-109,126.887463,-126.887463,127.870676,-127.870676,1,149.000000,40.000000,178.000000,0.220025,0.066116,26.000000,13.000000,9.000000,9.000000,4.000000,0.317073,0.325000,0.529412,0.346667,0.351351,0.562500,0.555556,82.000000,40.000000,17.000000,75.000000,37.000000,16.000000,3.000000,80.000000,0.421053,0.038421,0.023487,-0.016260,0.001923,0.239938,-0.043577,-0.030467,0.183190,0.174923,1,0
2022,Brian Robinson,WAS,112.700000,46,2022-09-03,2022-09-04,1633,112.700000,9.391667,12.000000,42,4,126.051743,-13.351743,115.749179,-3.049179,0,0.000000,0.000000,0.000000,0.000000,0.000000,0.000000,0.000000,0.000000,0.000000,0.000000,0.000000,0.000000,0.000000,0.000000,0.000000,0.000000,0.000000,0.000000,0.000000,0.000000,0.000000,0.000000,0.000000,0.000000,0.000000,0.000000,0.000000,0.000000,0.000000,0.000000,0.000000,0.000000,0.000000,0.000000,0.000000,0,0
2022,Michael Carter,NYJ,113.300000,47,2022-09-03,2022-09-04,1633,128.000000,8.000000,16.000000,38,9,125.424953,2.575047,140.492043,-12.492043,1,148.000000,55.000000,184.000000,0.251023,0.093857,26.000000,17.000000,10.000000,2.000000,1.000000,0.333333,0.340000,0.285714,0.433333,0.472222,0.416667,0.300000,78.000000,50.000000,35.000000,60.000000,36.000000,24.000000,2.000000,60.000000,0.641026,0.000000,0.000000,0.000000,0.000000,0.000000,0.000000,0.000000,0.000000,0.000000,0,0
2022,Antonio Gibson,WAS,114.700000,48,2022-09-03,2022-09-04,1633,165.900000,11.060000,15.000000,28,20,123.962442,41.937558,145.858740,20.041260,1,259.000000,53.000000,301.000000,0.363527,0.098513,48.000000,26.000000,18.000000,7.000000,5.000000,0.578313,0.541667,0.562500,0.738462,0.722222,0.720000,0.333333,83.000000,48.000000,32.000000,65.000000,36.000000,25.000000,2.000000,64.000000,0.640000,0.098063,0.022124,0.164028,0.127033,0.156250,0.255128,0.222222,0.220000,-0.125000,0,0
2022,Isiah Pacheco,KC,118.000000,49,2022-09-03,2022-09-04,1633,139.000000,8.176471,17.000000,36,13,120.515096,18.484904,111.188033,27.811967,0,0.000000,0.000000,0.000000,0.000000,0.000000,0.000000,0.000000,0.000000,0.000000,0.000000,0.000000,0.000000,0.000000,0.000000,0.000000,0.000000,0.000000,0.000000,0.000000,0.000000,0.000000,0.000000,0.000000,0.000000,0.000000,0.000000,0.000000,0.000000,0.000000,0.000000,0.000000,0.000000,0.000000,0.000000,0.000000,0,0
2022,Jamaal Williams,DET,121.700000,50,2022-09-03,2022-09-04,1633,227.900000,13.405882,17.000000,13,37,116.649890,111.250110,127.298693,100.601307,1,153.000000,28.000000,179.000000,0.217762,0.049037,24.000000,10.000000,5.000000,0.000000,0.000000,0.428571,0.344828,0.357143,0.461538,0.384615,0.384615,0.600000,56.000000,29.000000,14.000000,52.000000,26.000000,13.000000,2.058824,59.000000,0.483333,0.026807,-0.020824,0.099458,0.011494,-0.023810,0.105374,0.016194,-0.015385,-0.095238,0,1
2022,Rachaad White,TB,123.300000,51,2022-09-03,2022-09-04,1633,144.100000,9.006250,16.000000,34,17,114.978450,29.121550,106.626887,37.473113,0,0.000000,0.000000,0.000000,0.000000,0.000000,0.000000,0.000000,0.000000,0.000000,0.000000,0.000000,0.000000,0.000000,0.000000,0.000000,0.000000,0.000000,0.000000,0.000000,0.000000,0.000000,0.000000,0.000000,0.000000,0.000000,0.000000,0.000000,0.000000,0.000000,0.000000,0.000000,0.000000,0.000000,0.000000,0.000000,0,0
2022,Alexander Mattison,MIN,128.900000,52,2022-09-03,2022-09-04,1633,88.400000,5.200000,17.000000,48,4,109.128408,-20.728408,127.798238,-39.398238,1,135.000000,39.000000,167.000000,0.198337,0.067126,32.000000,15.000000,5.000000,8.000000,3.000000,0.355556,0.300000,0.192308,0.376471,0.312500,0.200000,0.200000,90.000000,50.000000,26.000000,85.000000,48.000000,25.000000,2.588235,71.000000,0.588235,0.064431,0.036638,0.137374,0.091045,0.049451,0.141176,0.079167,0.046154,-0.036630,0,0
2022,Zamir White,LV,130.500000,53,2022-09-03,2022-09-04,1633,7.000000,0.636364,11.000000,124,-71,107.456967,-100.456967,100.430613,-93.430613,0,0.000000,0.000000,0.000000,0.000000,0.000000,0.000000,0.000000,0.000000,0.000000,0.000000,0.000000,0.000000,0.000000,0.000000,0.000000,0.000000,0.000000,0.000000,0.000000,0.000000,0.000000,0.000000,0.000000,0.000000,0.000000,0.000000,0.000000,0.000000,0.000000,0.000000,0.000000,0.000000,0.000000,0.000000,0.000000,0,0
2023,Christian McCaffrey,SF,2.400000,1,2023-08-30,2023-09-01,3146,395.300000,24.706250,16.000000,1,0,241.454031,153.845969,391.590089,3.709911,1,246.000000,108.000000,331.000000,0.255758,0.128968,40.000000,23.000000,14.000000,13.000000,3.000000,0.306931,0.350877,0.323529,0.469697,0.540541,0.523810,0.363636,101.000000,57.000000,34.000000,66.000000,37.000000,21.000000,2.941176,83.000000,0.655172,0.084473,0.058034,0.053597,0.114035,0.187166,0.089697,0.111969,0.190476,-0.096257,0,1
2023,Austin Ekeler,LAC,5.000000,2,2023-08-30,2023-09-01,3146,192.200000,13.728571,14.000000,25,-23,238.511019,-46.311019,310.047306,-117.847306,1,204.000000,127.000000,311.000000,0.356651,0.184325,51.000000,24.000000,11.000000,25.000000,13.000000,0.645570,0.631579,0.550000,0.708333,0.685714,0.611111,0.545455,79.000000,38.000000,20.000000,72.000000,35.000000,18.000000,2.411765,73.000000,0.441860,0.031124,0.041896,0.140519,0.080559,-0.092857,0.105924,0.057807,-0.108889,0.092857,0,0
2023,Bijan Robinson,ATL,8.800000,3,2023-08-30,2023-09-01,3146,252.300000,14.841176,17.000000,8,-5,234.209693,18.090307,200.864216,51.435784,0,0.000000,0.000000,0.000000,0.000000,0.000000,0.000000,0.000000,0.000000,0.000000,0.000000,0.000000,0.000000,0.000000,0.000000,0.000000,0.000000,0.000000,0.000000,0.000000,0.000000,0.000000,0.000000,0.000000,0.000000,0.000000,0.000000,0.000000,0.000000,0.000000,0.000000,0.000000,0.000000,0.000000,0.000000,0.000000,0,0
2023,Saquon Barkley,NYG,9.000000,4,2023-08-30,2023-09-01,3146,225.200000,16.085714,14.000000,13,-9,233.983307,-8.783307,240.702886,-15.502886,1,295.000000,77.000000,352.000000,0.412178,0.155870,38.000000,23.000000,15.000000,3.000000,2.000000,0.487179,0.547619,0.600000,0.716981,0.766667,0.833333,0.466667,78.000000,42.000000,25.000000,53.000000,30.000000,18.000000,2.235294,57.000000,0.626866,0.146471,0.055164,0.247179,0.316850,0.412500,0.341981,0.391667,0.533333,-0.072500,0,1
2023,Nick Chubb,CLE,12.500000,5,2023-08-30,2023-09-01,3146,23.100000,11.550000,2.000000,86,-81,230.021560,-206.921560,243.201182,-220.101182,1,303.000000,37.000000,330.000000,0.386417,0.072835,42.000000,21.000000,13.000000,1.000000,1.000000,0.525000,0.567568,0.619048,0.617647,0.636364,0.722222,0.461538,80.000000,37.000000,21.000000,68.000000,33.000000,18.000000,2.235294,66.000000,0.544118,0.074074,0.023034,0.079348,0.055940,0.140787,0.111474,0.072261,0.172222,0.020704,0,0
2023,Tony Pollard,DAL,15.200000,6,2023-08-30,2023-09-01,3146,222.600000,13.094118,17.000000,14,-8,226.965355,-4.365355,235.848369,-13.248369,1,193.000000,55.000000,232.000000,0.265750,0.100733,23.000000,12.000000,7.000000,9.000000,5.000000,0.302632,0.285714,0.259259,0.353846,0.307692,0.269231,0.285714,76.000000,42.000000,27.000000,65.000000,39.000000,26.000000,3.058824,72.000000,0.538462,0.078389,0.027524,0.102632,0.202381,0.187831,0.103846,0.182692,0.169231,0.096561,0,0
2023,Derrick Henry,TEN,17.900000,7,2023-08-30,2023-09-01,3146,238.100000,14.005882,17.000000,10,-3,223.909150,14.190850,206.810368,31.289632,1,349.000000,41.000000,382.000000,0.503294,0.093822,40.000000,17.000000,15.000000,6.000000,3.000000,0.800000,0.809524,0.789474,0.930233,1.000000,1.000000,0.666667,50.000000,21.000000,19.000000,43.000000,17.000000,15.000000,1.882353,52.000000,0.456522,0.237669,0.055581,0.388235,0.400433,0.419103,0.399930,0.454545,0.444444,-0.101365,0,0
2023,Josh Jacobs,LV,21.900000,8,2023-08-30,2023-09-01,3146,183.100000,14.084615,13.000000,27,-19,219.381439,-36.281439,235.650453,-52.550453,1,341.000000,64.000000,394.000000,0.503193,0.114082,44.000000,24.000000,13.000000,4.000000,1.000000,0.771930,0.857143,0.866667,0.880000,0.888889,0.866667,0.384615,57.000000,28.000000,15.000000,50.000000,27.000000,15.000000,2.352941,66.000000,0.437500,0.177863,0.008297,0.278423,0.273810,0.275758,0.286250,0.188889,0.144444,-0.003030,0,1
2023,Rhamondre Stevenson,NE,23.400000,9,2023-08-30,2023-09-01,3146,147.700000,12.308333,12.000000,35,-26,217.683548,-69.983548,208.486869,-60.786869,1,210.000000,90.000000,279.000000,0.366623,0.172414,32.000000,19.000000,12.000000,9.000000,4.000000,0.516129,0.593750,0.600000,0.615385,0.678571,0.666667,0.166667,62.000000,32.000000,20.000000,52.000000,28.000000,18.000000,1.823529,63.000000,0.500000,0.190996,0.138193,0.263604,0.378064,0.385714,0.328028,0.454082,0.452381,-0.371429,0,0
2023,Jonathan Taylor,IND,25.900000,10,2023-08-30,2023-09-01,3146,156.400000,15.640000,10.000000,33,-23,214.853728,-58.453728,224.734143,-68.334143,1,192.000000,42.000000,220.000000,0.264741,0.072041,32.000000,16.000000,9.000000,5.000000,3.000000,0.421053,0.484848,0.500000,0.516129,0.640000,0.642857,0.333333,76.000000,33.000000,18.000000,62.000000,25.000000,14.000000,1.470588,54.000000,0.478261,-0.193952,-0.030726,-0.395461,-0.335152,-0.333333,-0.382861,-0.291818,-0.324885,0.055556,0,0
2023,Najee Harris,PIT,30.400000,11,2023-08-30,2023-09-01,3146,197.500000,11.617647,17.000000,23,-12,209.760053,-12.260053,230.839092,-33.339092,1,272.000000,53.000000,313.000000,0.366082,0.096189,42.000000,22.000000,12.000000,7.000000,5.000000,0.538462,0.550000,0.461538,0.700000,0.758621,0.750000,0.333333,78.000000,40.000000,26.000000,60.000000,29.000000,16.000000,1.647059,55.000000,0.555556,-0.097422,-0.046668,-0.186538,-0.189130,-0.185520,-0.235484,-0.241379,-0.250000,0.074661,0,0
2023,Joe Mixon,CIN,31.400000,12,2023-08-30,2023-09-01,3146,265.000000,15.588235,17.000000,6,6,208.628125,56.371875,226.758868,38.241132,1,210.000000,75.000000,270.000000,0.340050,0.125209,39.000000,29.000000,17.000000,13.000000,6.000000,0.520000,0.617021,0.607143,0.684211,0.805556,0.894737,0.352941,75.000000,47.000000,28.000000,57.000000,36.000000,19.000000,3.062500,70.000000,0.540230,-0.074253,0.036811,-0.213333,-0.160757,-0.202381,-0.195789,-0.127778,-0.049708,0.142857,0,0
2023,Travis Etienne Jr.,JAX,34.700000,13,2023-08-30,2023-09-01,3146,278.400000,16.376471,17.000000,3,10,204.892764,73.507236,219.014600,59.385400,1,221.000000,45.000000,256.000000,0.307692,0.077586,44.000000,23.000000,14.000000,6.000000,2.000000,0.494382,0.479167,0.466667,0.830189,0.821429,0.777778,0.214286,89.000000,48.000000,30.000000,53.000000,28.000000,18.000000,2.411765,72.000000,0.558140,0.000000,0.000000,0.000000,0.000000,0.000000,0.000000,0.000000,0.000000,0.000000,0,0
2023,Breece Hall,NYJ,36.600000,14,2023-08-30,2023-09-01,3146,288.500000,16.970588,17.000000,2,12,202.742101,85.757899,191.710540,96.789460,1,80.000000,31.000000,99.000000,0.131824,0.052721,15.000000,9.000000,7.000000,5.000000,2.000000,0.238095,0.300000,0.350000,0.306122,0.409091,0.500000,0.285714,63.000000,30.000000,20.000000,49.000000,22.000000,14.000000,1.647059,58.000000,0.517241,0.000000,0.000000,0.000000,0.000000,0.000000,0.000000,0.000000,0.000000,0.000000,0,0
2023,Jahmyr Gibbs,DET,36.700000,15,2023-08-30,2023-09-01,3146,244.100000,16.273333,15.000000,9,6,202.628908,41.471092,175.027795,69.072205,0,0.000000,0.000000,0.000000,0.000000,0.000000,0.000000,0.000000,0.000000,0.000000,0.000000,0.000000,0.000000,0.000000,0.000000,0.000000,0.000000,0.000000,0.000000,0.000000,0.000000,0.000000,0.000000,0.000000,0.000000,0.000000,0.000000,0.000000,0.000000,0.000000,0.000000,0.000000,0.000000,0.000000,0.000000,0.000000,0,0
2023,Aaron Jones Sr.,GB,38.900000,16,2023-08-30,2023-09-01,3146,136.900000,12.445455,11.000000,37,-21,200.138667,-63.238667,206.393958,-69.493958,1,213.000000,73.000000,272.000000,0.337888,0.134438,31.000000,9.000000,3.000000,11.000000,6.000000,0.469697,0.321429,0.214286,0.516667,0.333333,0.230769,0.000000,66.000000,28.000000,14.000000,60.000000,27.000000,13.000000,2.294118,71.000000,0.444444,0.068889,0.020802,0.107060,-0.019481,-0.105714,0.119076,-0.051282,-0.150183,0.274286,0,0
2023,Kenneth Walker,SEA,47.900000,17,2023-08-30,2023-09-01,3146,199.400000,13.293333,15.000000,22,-5,189.951317,9.448683,199.007603,0.392397,1,228.000000,35.000000,255.000000,0.314039,0.063063,51.000000,16.000000,10.000000,1.000000,0.000000,0.750000,0.761905,1.000000,0.836066,0.842105,1.000000,0.200000,68.000000,21.000000,10.000000,61.000000,19.000000,10.000000,2.470588,74.000000,0.420000,0.000000,0.000000,0.000000,0.000000,0.000000,0.000000,0.000000,0.000000,0.000000,0,0
2023,Miles Sanders,CAR,52.900000,18,2023-08-30,2023-09-01,3146,91.600000,5.725000,16.000000,50,-32,184.291678,-92.691678,187.748473,-96.148473,1,260.000000,26.000000,280.000000,0.320000,0.051383,50.000000,27.000000,15.000000,0.000000,0.000000,0.396825,0.360000,0.312500,0.632911,0.613636,0.600000,0.466667,126.000000,75.000000,48.000000,79.000000,44.000000,25.000000,3.352941,80.000000,0.781250,0.126375,-0.020803,0.198627,0.202857,0.153409,0.357911,0.393636,0.374194,0.162879,1,0
2023,J.K. Dobbins,BAL,55.100000,19,2023-08-30,2023-09-01,3146,11.700000,11.700000,1.000000,105,-86,181.801437,-170.101437,165.999487,-154.299487,1,92.000000,8.000000,99.000000,0.122525,0.017167,14.000000,7.000000,4.000000,2.000000,2.000000,0.152174,0.170732,0.210526,0.245614,0.269231,0.333333,0.500000,92.000000,41.000000,19.000000,57.000000,26.000000,12.000000,1.941176,65.000000,0.577465,0.000000,0.000000,0.000000,0.000000,0.000000,0.000000,0.000000,0.000000,0.000000,0,0
2023,Alexander Mattison,MIN,56.900000,20,2023-08-30,2023-09-01,3146,137.200000,8.575000,16.000000,36,-16,179.763967,-42.563967,173.912512,-36.712512,1,74.000000,18.000000,89.000000,0.105701,0.027907,14.000000,12.000000,4.000000,5.000000,1.000000,0.200000,0.266667,0.142857,0.241379,0.315789,0.173913,0.500000,70.000000,45.000000,28.000000,58.000000,38.000000,23.000000,2.823529,75.000000,0.445545,-0.092637,-0.039219,-0.155556,-0.033333,-0.049451,-0.135091,0.003289,-0.026087,-0.046703,0,1
2023,Dameon Pierce,HOU,57.000000,21,2023-08-30,2023-09-01,3146,76.700000,5.900000,13.000000,55,-34,179.650774,-102.950774,180.186126,-103.486126,1,220.000000,39.000000,250.000000,0.336474,0.069395,33.000000,16.000000,9.000000,2.000000,1.000000,0.532258,0.500000,0.500000,0.622642,0.592593,0.600000,0.333333,62.000000,32.000000,18.000000,53.000000,27.000000,15.000000,1.588235,54.000000,0.524590,0.000000,0.000000,0.000000,0.000000,0.000000,0.000000,0.000000,0.000000,0.000000,0,0
2023,Cam Akers,MIN,63.100000,22,2023-08-30,2023-09-01,3146,46.700000,7.783333,6.000000,66,-44,172.746015,-126.046015,152.234681,-105.534681,1,188.000000,18.000000,201.000000,0.269437,0.034816,28.000000,14.000000,8.000000,3.000000,3.000000,0.509091,0.538462,0.533333,0.848485,0.823529,0.727273,0.625000,55.000000,26.000000,15.000000,33.000000,17.000000,11.000000,1.823529,51.000000,0.400000,0.259548,0.029858,0.484701,0.538462,0.533333,0.821818,0.823529,0.727273,-0.329412,1,0
2023,James Conner,ARI,66.200000,23,2023-08-30,2023-09-01,3146,201.500000,15.500000,13.000000,18,5,169.237039,32.262961,202.495705,-0.995705,1,183.000000,58.000000,229.000000,0.265661,0.090484,25.000000,15.000000,8.000000,4.000000,2.000000,0.337838,0.416667,0.347826,0.625000,0.714286,0.666667,0.500000,74.000000,36.000000,23.000000,40.000000,21.000000,12.000000,1.882353,55.000000,0.514286,-0.001677,0.022302,-0.086405,-0.092424,-0.252174,-0.021154,0.031359,-0.115942,0.094203,0,0
2023,Rachaad White,TB,68.100000,24,2023-08-30,2023-09-01,3146,271.900000,15.994118,17.000000,4,20,167.086376,104.813624,204.118186,67.781814,1,130.000000,58.000000,180.000000,0.207135,0.079452,12.000000,6.000000,4.000000,8.000000,2.000000,0.250000,0.200000,0.235294,0.292683,0.230769,0.266667,0.250000,48.000000,30.000000,17.000000,41.000000,26.000000,15.000000,1.823529,60.000000,0.352941,0.000000,0.000000,0.000000,0.000000,0.000000,0.000000,0.000000,0.000000,0.000000,0,0
2023,Alvin Kamara,NO,69.200000,25,2023-08-30,2023-09-01,3146,227.000000,17.461538,13.000000,12,13,165.841256,61.158744,164.457075,62.542925,1,223.000000,77.000000,280.000000,0.353090,0.155556,25.000000,8.000000,4.000000,11.000000,1.000000,0.396825,0.285714,0.285714,0.625000,0.615385,0.500000,0.500000,63.000000,28.000000,14.000000,40.000000,13.000000,8.000000,2.117647,63.000000,0.549020,-0.011467,0.015388,-0.155806,-0.314286,-0.380952,-0.125000,-0.202797,-0.300000,0.119048,0,1
2023,Javonte Williams,DEN,72.800000,26,2023-08-30,2023-09-01,3146,177.200000,11.075000,16.000000,29,-3,161.766316,15.433684,148.783980,28.416020,1,47.000000,23.000000,63.000000,0.080666,0.042435,4.000000,4.000000,2.000000,7.000000,4.000000,0.097561,0.137931,0.100000,0.200000,0.250000,0.200000,0.000000,41.000000,29.000000,20.000000,20.000000,16.000000,10.000000,1.705882,46.000000,0.508772,-0.225685,-0.059488,-0.267145,-0.328736,-0.334783,-0.218919,-0.250000,-0.276190,-0.078261,0,1
2023,D'Andre Swift,PHI,75.900000,27,2023-08-30,2023-09-01,3146,201.300000,12.581250,16.000000,19,8,158.257339,43.042661,157.744068,43.555932,1,100.000000,70.000000,148.000000,0.173709,0.124113,25.000000,12.000000,5.000000,14.000000,3.000000,0.250000,0.187500,0.116279,0.274725,0.196721,0.121951,0.400000,100.000000,64.000000,43.000000,91.000000,61.000000,41.000000,3.058824,78.000000,0.603774,-0.085415,-0.012489,-0.107143,-0.191810,-0.312292,-0.109890,-0.226356,-0.339587,0.433555,1,0
2023,David Montgomery,DET,76.800000,28,2023-08-30,2023-09-01,3146,207.200000,14.800000,14.000000,17,11,157.238604,49.961396,103.729341,103.470659,1,201.000000,40.000000,235.000000,0.305592,0.110193,34.000000,16.000000,4.000000,3.000000,1.000000,0.395349,0.380952,0.166667,0.566667,0.571429,0.285714,0.500000,86.000000,42.000000,24.000000,60.000000,28.000000,14.000000,2.176471,61.000000,0.666667,-0.028995,0.013602,-0.110534,-0.164502,-0.375000,-0.115873,-0.155844,-0.364286,0.250000,1,1
2023,James Cook III,BUF,77.600000,29,2023-08-30,2023-09-01,3146,236.700000,13.923529,17.000000,11,18,156.333062,80.366938,151.596384,85.103616,1,89.000000,32.000000,110.000000,0.142487,0.057971,13.000000,4.000000,0.000000,6.000000,2.000000,0.164557,0.105263,0.000000,0.254902,0.173913,0.000000,0.000000,79.000000,38.000000,22.000000,51.000000,23.000000,11.000000,3.125000,84.000000,0.520548,0.000000,0.000000,0.000000,0.000000,0.000000,0.000000,0.000000,0.000000,0.000000,0,0
2023,Isiah Pacheco,KC,79.200000,30,2023-08-30,2023-09-01,3146,215.900000,15.421429,14.000000,15,15,154.521978,61.378022,163.560756,52.339244,1,170.000000,14.000000,183.000000,0.217857,0.022690,31.000000,20.000000,10.000000,1.000000,0.000000,0.348315,0.444444,0.344828,0.469697,0.606061,0.500000,0.400000,89.000000,45.000000,29.000000,66.000000,33.000000,20.000000,3.470588,83.000000,0.401786,0.000000,0.000000,0.000000,0.000000,0.000000,0.000000,0.000000,0.000000,0.000000,0,0
2023,Antonio Gibson,WAS,88.900000,31,2023-08-30,2023-09-01,3146,131.400000,8.212500,16.000000,39,-8,143.542278,-12.142278,156.420827,-25.020827,1,149.000000,58.000000,195.000000,0.223624,0.108209,26.000000,16.000000,10.000000,6.000000,2.000000,0.320988,0.372093,0.416667,0.406250,0.470588,0.500000,0.300000,81.000000,43.000000,24.000000,64.000000,34.000000,20.000000,1.941176,59.000000,0.565789,-0.139903,0.009696,-0.257326,-0.169574,-0.145833,-0.332212,-0.251634,-0.220000,0.187500,0,0
2023,AJ Dillon,GB,91.700000,32,2023-08-30,2023-09-01,3146,117.600000,7.840000,15.000000,42,-10,140.372881,-22.772881,124.095784,-6.495784,0,0.000000,0.000000,0.000000,0.000000,0.000000,0.000000,0.000000,0.000000,0.000000,0.000000,0.000000,0.000000,0.000000,0.000000,0.000000,0.000000,0.000000,0.000000,0.000000,0.000000,0.000000,0.000000,0.000000,0.000000,0.000000,0.000000,0.000000,0.000000,0.000000,0.000000,0.000000,0.000000,0.000000,0.000000,0.000000,0,0
2023,Brian Robinson,WAS,94.200000,33,2023-08-30,2023-09-01,3146,200.100000,13.340000,15.000000,21,12,137.543061,62.556939,155.313106,44.786894,1,205.000000,12.000000,214.000000,0.245413,0.022388,24.000000,14.000000,9.000000,1.000000,0.000000,0.296296,0.325581,0.375000,0.375000,0.411765,0.450000,0.222222,81.000000,43.000000,24.000000,64.000000,34.000000,20.000000,1.941176,59.000000,0.565789,0.000000,0.000000,0.000000,0.000000,0.000000,0.000000,0.000000,0.000000,0.000000,0,0
2023,Khalil Herbert,CHI,94.400000,34,2023-08-30,2023-09-01,3146,112.500000,9.375000,12.000000,43,-9,137.316676,-24.816676,122.035863,-9.535863,1,129.000000,12.000000,138.000000,0.179454,0.033058,20.000000,8.000000,8.000000,2.000000,0.000000,0.232558,0.190476,0.333333,0.333333,0.285714,0.571429,0.250000,86.000000,42.000000,24.000000,60.000000,28.000000,14.000000,2.176471,61.000000,0.666667,0.032837,0.002755,0.091382,0.076840,0.208333,0.142857,0.134199,0.421429,-0.125000,0,1
2023,Rashaad Penny,PHI,97.300000,35,2023-08-30,2023-09-01,3146,4.800000,1.600000,3.000000,116,-81,134.034085,-129.234085,112.054648,-107.254648,1,57.000000,5.000000,61.000000,0.075123,0.009009,5.000000,1.000000,0.000000,1.000000,0.000000,0.073529,0.047619,0.000000,0.081967,0.052632,0.000000,0.000000,68.000000,21.000000,10.000000,61.000000,19.000000,10.000000,2.470588,74.000000,0.420000,-0.096345,-0.007798,-0.248504,-0.238095,-0.222222,-0.276523,-0.255061,-0.250000,0.777778,1,0
2023,Samaje Perine,DEN,99.300000,36,2023-08-30,2023-09-01,3146,125.300000,7.370588,17.000000,40,-4,131.770230,-6.470230,130.656457,-5.356457,1,96.000000,51.000000,134.000000,0.168766,0.085142,18.000000,7.000000,2.000000,8.000000,2.000000,0.240000,0.148936,0.071429,0.315789,0.194444,0.105263,0.000000,75.000000,47.000000,28.000000,57.000000,36.000000,19.000000,3.062500,70.000000,0.540230,0.067656,0.028052,0.206667,0.121158,0.071429,0.275789,0.161111,0.105263,-0.202381,1,0
2023,Jamaal Williams,NO,104.200000,37,2023-08-30,2023-09-01,3146,60.800000,4.676923,13.000000,61,-24,126.223783,-65.423783,141.334428,-80.534428,1,263.000000,16.000000,275.000000,0.322770,0.028369,59.000000,46.000000,34.000000,2.000000,1.000000,0.590000,0.718750,0.790698,0.648352,0.754098,0.829268,0.411765,100.000000,64.000000,43.000000,91.000000,61.000000,41.000000,3.058824,78.000000,0.603774,0.105008,-0.020668,0.161429,0.373922,0.433555,0.186813,0.369483,0.444653,-0.312292,1,0
2023,Zach Charbonnet,SEA,107.200000,38,2023-08-30,2023-09-01,3146,106.100000,6.631250,16.000000,45,-7,122.828000,-16.728000,109.742218,-3.642218,0,0.000000,0.000000,0.000000,0.000000,0.000000,0.000000,0.000000,0.000000,0.000000,0.000000,0.000000,0.000000,0.000000,0.000000,0.000000,0.000000,0.000000,0.000000,0.000000,0.000000,0.000000,0.000000,0.000000,0.000000,0.000000,0.000000,0.000000,0.000000,0.000000,0.000000,0.000000,0.000000,0.000000,0.000000,0.000000,0,0
2023,Damien Harris,BUF,110.600000,39,2023-08-30,2023-09-01,3146,19.000000,3.166667,6.000000,91,-52,118.979446,-99.979446,102.736194,-83.736194,1,106.000000,23.000000,123.000000,0.161629,0.044061,13.000000,6.000000,4.000000,7.000000,6.000000,0.209677,0.187500,0.200000,0.250000,0.214286,0.222222,0.750000,62.000000,32.000000,20.000000,52.000000,28.000000,18.000000,1.823529,63.000000,0.500000,-0.101214,0.004137,-0.254969,-0.400735,-0.371429,-0.278736,-0.397959,-0.349206,0.385714,1,0
2023,Jerick McKinnon,KC,111.300000,40,2023-08-30,2023-09-01,3146,80.200000,6.683333,12.000000,54,-14,118.187096,-37.987096,143.746855,-63.546855,1,72.000000,72.000000,128.000000,0.152381,0.116694,20.000000,7.000000,5.000000,17.000000,12.000000,0.224719,0.155556,0.172414,0.303030,0.212121,0.250000,0.000000,89.000000,45.000000,29.000000,66.000000,33.000000,20.000000,3.470588,83.000000,0.401786,0.123311,0.085346,0.200910,0.155556,0.172414,0.270772,0.212121,0.250000,-0.215172,0,0
2023,Elijah Mitchell,SF,115.100000,41,2023-08-30,2023-09-01,3146,47.500000,4.318182,11.000000,64,-23,113.885771,-66.385771,107.021189,-59.521189,1,45.000000,4.000000,48.000000,0.058182,0.007937,12.000000,7.000000,3.000000,1.000000,1.000000,0.118812,0.122807,0.088235,0.181818,0.189189,0.142857,0.333333,101.000000,57.000000,34.000000,66.000000,37.000000,21.000000,2.941176,83.000000,0.655172,-0.214436,-0.032144,-0.214521,-0.159244,-0.161765,-0.356643,-0.269144,-0.241758,0.123529,0,0
2023,De'Von Achane,MIA,117.800000,42,2023-08-30,2023-09-01,3146,192.700000,17.518182,11.000000,24,18,110.829566,81.870434,99.926230,92.773770,0,0.000000,0.000000,0.000000,0.000000,0.000000,0.000000,0.000000,0.000000,0.000000,0.000000,0.000000,0.000000,0.000000,0.000000,0.000000,0.000000,0.000000,0.000000,0.000000,0.000000,0.000000,0.000000,0.000000,0.000000,0.000000,0.000000,0.000000,0.000000,0.000000,0.000000,0.000000,0.000000,0.000000,0.000000,0.000000,0,0
2023,Jaylen Warren,PIT,119.800000,43,2023-08-30,2023-09-01,3146,200.400000,11.788235,17.000000,20,23,108.565710,91.834290,113.281107,87.118893,1,77.000000,33.000000,105.000000,0.122807,0.059891,13.000000,4.000000,2.000000,5.000000,1.000000,0.166667,0.100000,0.076923,0.216667,0.137931,0.125000,0.500000,78.000000,40.000000,26.000000,60.000000,29.000000,16.000000,1.647059,55.000000,0.555556,0.000000,0.000000,0.000000,0.000000,0.000000,0.000000,0.000000,0.000000,0.000000,0,0
2023,Raheem Mostert,MIA,122.800000,44,2023-08-30,2023-09-01,3146,269.700000,17.980000,15.000000,5,39,105.169927,164.530073,117.441832,152.258168,1,181.000000,42.000000,212.000000,0.285330,0.074468,21.000000,8.000000,5.000000,7.000000,4.000000,0.411765,0.380952,0.357143,0.552632,0.470588,0.500000,0.200000,51.000000,21.000000,14.000000,38.000000,17.000000,10.000000,2.470588,65.000000,0.388889,0.282917,0.074468,0.411765,0.380952,0.357143,0.552632,0.470588,0.500000,-0.035714,0,1
2023,Tyler Allgeier,ATL,125.000000,45,2023-08-30,2023-09-01,3146,135.600000,7.976471,17.000000,38,7,102.679686,32.920314,106.497451,29.102549,1,211.000000,17.000000,227.000000,0.281289,0.042289,40.000000,18.000000,11.000000,0.000000,0.000000,0.353982,0.382979,0.407407,0.430108,0.461538,0.500000,0.272727,113.000000,47.000000,27.000000,93.000000,39.000000,22.000000,2.000000,64.000000,0.610390,0.000000,0.000000,0.000000,0.000000,0.000000,0.000000,0.000000,0.000000,0.000000,0,0
2023,Devin Singletary,HOU,130.700000,46,2023-08-30,2023-09-01,3146,163.100000,10.193750,16.000000,32,14,96.227697,66.872303,100.272770,62.827230,1,177.000000,52.000000,215.000000,0.278497,0.094203,35.000000,17.000000,10.000000,8.000000,3.000000,0.443038,0.447368,0.454545,0.686275,0.739130,0.909091,0.400000,79.000000,38.000000,22.000000,51.000000,23.000000,11.000000,3.125000,84.000000,0.520548,0.011518,0.014458,0.079402,0.137024,0.121212,0.122894,0.239130,0.293706,0.037879,1,0
2023,Kenny Gainwell,PHI,131.100000,47,2023-08-30,2023-09-01,3146,0.000000,0.000000,0.000000,139,-92,95.774926,-95.774926,87.609944,-87.609944,0,0.000000,0.000000,0.000000,0.000000,0.000000,0.000000,0.000000,0.000000,0.000000,0.000000,0.000000,0.000000,0.000000,0.000000,0.000000,0.000000,0.000000,0.000000,0.000000,0.000000,0.000000,0.000000,0.000000,0.000000,0.000000,0.000000,0.000000,0.000000,0.000000,0.000000,0.000000,0.000000,0.000000,0.000000,0.000000,0,0
2023,Cordarrelle Patterson,ATL,132.400000,48,2023-08-30,2023-09-01,3146,36.900000,3.354545,11.000000,78,-30,94.303420,-57.403420,85.213453,-48.313453,1,144.000000,31.000000,165.000000,0.204461,0.077114,31.000000,12.000000,8.000000,4.000000,2.000000,0.274336,0.255319,0.296296,0.333333,0.307692,0.363636,0.750000,113.000000,47.000000,27.000000,93.000000,39.000000,22.000000,2.000000,64.000000,0.610390,-0.064921,-0.047210,-0.225664,-0.164036,-0.141204,-0.245614,-0.257525,-0.272727,0.094907,0,0
2023,Jeff Wilson Jr.,MIA,133.200000,49,2023-08-30,2023-09-01,3146,41.300000,5.162500,8.000000,73,-24,93.397878,-52.097878,85.665267,-44.365267,0,0.000000,0.000000,0.000000,0.000000,0.000000,0.000000,0.000000,0.000000,0.000000,0.000000,0.000000,0.000000,0.000000,0.000000,0.000000,0.000000,0.000000,0.000000,0.000000,0.000000,0.000000,0.000000,0.000000,0.000000,0.000000,0.000000,0.000000,0.000000,0.000000,0.000000,0.000000,0.000000,0.000000,0.000000,0.000000,0,0
2023,D'Onta Foreman,CHI,137.100000,50,2023-08-30,2023-09-01,3146,91.200000,10.133333,9.000000,52,-2,88.983360,2.216640,81.647020,9.552980,1,204.000000,9.000000,209.000000,0.279786,0.021028,36.000000,17.000000,11.000000,1.000000,0.000000,0.450000,0.472222,0.523810,0.610169,0.607143,0.733333,0.272727,80.000000,36.000000,21.000000,59.000000,28.000000,15.000000,1.882353,56.000000,0.666667,0.121304,-0.000004,0.191176,0.222222,0.301587,0.276836,0.273810,0.400000,-0.227513,1,1
2023,Tank Bigsby,JAX,137.700000,51,2023-08-30,2023-09-01,3146,26.800000,2.061538,13.000000,84,-33,88.304203,-61.504203,81.498102,-54.698102,0,0.000000,0.000000,0.000000,0.000000,0.000000,0.000000,0.000000,0.000000,0.000000,0.000000,0.000000,0.000000,0.000000,0.000000,0.000000,0.000000,0.000000,0.000000,0.000000,0.000000,0.000000,0.000000,0.000000,0.000000,0.000000,0.000000,0.000000,0.000000,0.000000,0.000000,0.000000,0.000000,0.000000,0.000000,0.000000,0,0
2023,Tyjae Spears,TEN,150.900000,52,2023-08-30,2023-09-01,3146,153.800000,9.047059,17.000000,34,18,73.362756,80.437244,69.274420,84.525580,0,0.000000,0.000000,0.000000,0.000000,0.000000,0.000000,0.000000,0.000000,0.000000,0.000000,0.000000,0.000000,0.000000,0.000000,0.000000,0.000000,0.000000,0.000000,0.000000,0.000000,0.000000,0.000000,0.000000,0.000000,0.000000,0.000000,0.000000,0.000000,0.000000,0.000000,0.000000,0.000000,0.000000,0.000000,0.000000,0,0
2023,Zamir White,LV,153.700000,53,2023-08-30,2023-09-01,3146,75.900000,5.838462,13.000000,56,-3,70.193359,5.706641,67.071036,8.828964,1,17.000000,0.000000,17.000000,0.021711,0.000000,2.000000,0.000000,0.000000,0.000000,0.000000,0.035088,0.000000,0.000000,0.040000,0.000000,0.000000,0.000000,57.000000,28.000000,15.000000,50.000000,27.000000,15.000000,2.352941,66.000000,0.437500,0.000000,0.000000,0.000000,0.000000,0.000000,0.000000,0.000000,0.000000,0.000000,0,0
2023,Jerome Ford,CLE,157.400000,54,2023-08-30,2023-09-01,3146,211.200000,12.423529,17.000000,16,38,66.005226,145.194774,62.967587,148.232413,1,8.000000,0.000000,8.000000,0.009368,0.000000,0.000000,0.000000,0.000000,0.000000,0.000000,0.000000,0.000000,0.000000,0.000000,0.000000,0.000000,0.000000,80.000000,37.000000,21.000000,68.000000,33.000000,18.000000,2.235294,66.000000,0.544118,0.000000,0.000000,0.000000,0.000000,0.000000,0.000000,0.000000,0.000000,0.000000,0,0
2023,Roschon Johnson,CHI,157.700000,55,2023-08-30,2023-09-01,3146,102.100000,6.806667,15.000000,47,8,65.665648,36.434352,62.977371,39.122629,0,0.000000,0.000000,0.000000,0.000000,0.000000,0.000000,0.000000,0.000000,0.000000,0.000000,0.000000,0.000000,0.000000,0.000000,0.000000,0.000000,0.000000,0.000000,0.000000,0.000000,0.000000,0.000000,0.000000,0.000000,0.000000,0.000000,0.000000,0.000000,0.000000,0.000000,0.000000,0.000000,0.000000,0.000000,0.000000,0,0
2023,Clyde Edwards-Helaire,KC,157.900000,56,2023-08-30,2023-09-01,3146,70.100000,4.673333,15.000000,58,-2,65.439262,4.660738,81.245507,-11.145507,1,71.000000,23.000000,88.000000,0.104762,0.037277,11.000000,5.000000,4.000000,6.000000,5.000000,0.123596,0.111111,0.137931,0.166667,0.151515,0.200000,0.500000,89.000000,45.000000,29.000000,66.000000,33.000000,20.000000,3.470588,83.000000,0.401786,-0.055703,-0.000340,-0.043071,-0.055556,0.017931,-0.059140,-0.074291,0.050000,-0.215172,0,0
2023,Gus Edwards,BAL,160.600000,57,2023-08-30,2023-09-01,3146,189.000000,11.117647,17.000000,26,31,62.383057,126.616943,70.155475,118.844525,1,87.000000,2.000000,87.000000,0.107673,0.004292,14.000000,7.000000,2.000000,0.000000,0.000000,0.152174,0.170732,0.105263,0.245614,0.269231,0.166667,1.000000,92.000000,41.000000,19.000000,57.000000,26.000000,12.000000,1.941176,65.000000,0.577465,0.000000,0.000000,0.000000,0.000000,0.000000,0.000000,0.000000,0.000000,0.000000,0,0
2023,Chuba Hubbard,CAR,160.700000,58,2023-08-30,2023-09-01,3146,182.500000,10.735294,17.000000,28,30,62.269864,120.230136,58.470079,124.029921,1,95.000000,17.000000,109.000000,0.145917,0.039720,16.000000,5.000000,1.000000,1.000000,0.000000,0.200000,0.138889,0.047619,0.271186,0.178571,0.066667,1.000000,80.000000,36.000000,21.000000,59.000000,28.000000,15.000000,1.882353,56.000000,0.666667,-0.102194,-0.024294,-0.120000,-0.097953,-0.179654,-0.208814,-0.250000,-0.488889,0.251082,0,0
2023,Zack Moss,IND,163.000000,59,2023-08-30,2023-09-01,3146,167.600000,11.971429,14.000000,31,28,59.666430,107.933570,100.224184,67.375816,1,93.000000,13.000000,104.000000,0.096270,0.008576,17.000000,7.000000,3.000000,0.000000,0.000000,0.210526,0.212121,0.166667,0.258065,0.280000,0.214286,0.000000,76.000000,33.000000,18.000000,62.000000,25.000000,14.000000,1.470588,54.000000,0.478261,-0.043075,-0.042460,-0.025837,-0.063741,-0.041667,-0.108133,-0.164444,-0.170330,0.083333,0,1
2024,Christian McCaffrey,SF,1.400000,1,2024-08-31,2024-09-01,1371,49.800000,12.450000,4.000000,68,-67,232.890612,-183.090612,216.309832,-166.509832,1,272.000000,83.000000,339.000000,0.418002,0.176221,65.000000,34.000000,18.000000,17.000000,8.000000,0.619048,0.607143,0.529412,0.738636,0.680000,0.620690,0.500000,105.000000,56.000000,34.000000,88.000000,50.000000,29.000000,3.529412,85.000000,0.682927,0.162245,0.047253,0.312117,0.256266,0.205882,0.268939,0.139459,0.096880,0.088235,0,0
2024,Breece Hall,NYJ,2.200000,2,2024-08-31,2024-09-01,1371,240.900000,15.056250,16.000000,16,-14,232.083259,8.816741,228.298836,12.601164,1,224.000000,95.000000,300.000000,0.404858,0.168440,25.000000,11.000000,2.000000,7.000000,3.000000,0.595238,0.647059,0.400000,0.961538,0.916667,0.666667,0.500000,42.000000,17.000000,5.000000,26.000000,12.000000,3.000000,1.058824,50.000000,0.346939,0.273034,0.115719,0.357143,0.347059,0.050000,0.655416,0.507576,0.166667,0.000000,0,0
2024,Bijan Robinson,ATL,4.900000,3,2024-08-31,2024-09-01,1371,339.700000,19.982353,17.000000,3,0,229.358444,110.341556,232.926489,106.773511,1,214.000000,86.000000,272.000000,0.323424,0.168297,23.000000,12.000000,3.000000,12.000000,6.000000,0.277108,0.324324,0.187500,0.328571,0.428571,0.250000,0.666667,83.000000,37.000000,16.000000,70.000000,28.000000,12.000000,1.823529,58.000000,0.544118,0.000000,0.000000,0.000000,0.000000,0.000000,0.000000,0.000000,0.000000,0.000000,0,0
2024,Jahmyr Gibbs,DET,9.400000,4,2024-08-31,2024-09-01,1371,354.800000,20.870588,17.000000,1,3,224.817085,129.982915,244.400655,110.399345,1,182.000000,72.000000,234.000000,0.263811,0.124352,38.000000,21.000000,11.000000,8.000000,6.000000,0.355140,0.344262,0.305556,0.387755,0.368421,0.323529,0.454545,107.000000,61.000000,36.000000,98.000000,57.000000,34.000000,3.352941,87.000000,0.603960,0.000000,0.000000,0.000000,0.000000,0.000000,0.000000,0.000000,0.000000,0.000000,0,0
2024,Jonathan Taylor,IND,9.800000,5,2024-08-31,2024-09-01,1371,246.700000,17.621429,14.000000,13,-8,224.413409,22.286591,215.459492,31.240508,1,169.000000,23.000000,188.000000,0.228710,0.041742,34.000000,14.000000,12.000000,4.000000,3.000000,0.343434,0.297872,0.387097,0.425000,0.388889,0.521739,0.500000,99.000000,47.000000,31.000000,80.000000,36.000000,23.000000,2.176471,70.000000,0.610390,-0.036031,-0.030299,-0.077618,-0.186976,-0.112903,-0.091129,-0.251111,-0.121118,0.188172,0,1
2024,Saquon Barkley,PHI,11.300000,6,2024-08-31,2024-09-01,1371,351.300000,21.956250,16.000000,2,4,222.899623,128.400377,171.098116,180.201884,1,248.000000,61.000000,289.000000,0.367217,0.125257,43.000000,16.000000,9.000000,6.000000,4.000000,0.605634,0.695652,1.000000,0.796296,0.888889,1.000000,0.555556,71.000000,23.000000,9.000000,54.000000,18.000000,9.000000,1.470588,53.000000,0.621622,-0.044961,-0.030614,0.118454,0.148033,0.400000,0.079315,0.122222,0.166667,-0.240000,1,0
2024,Kyren Williams,LAR,15.900000,7,2024-08-31,2024-09-01,1371,278.100000,17.381250,16.000000,7,0,218.257345,59.842655,227.722287,50.377713,1,229.000000,48.000000,261.000000,0.313325,0.085868,56.000000,33.000000,18.000000,13.000000,4.000000,0.629213,0.634615,0.620690,0.736842,0.702128,0.666667,0.500000,89.000000,52.000000,29.000000,76.000000,47.000000,27.000000,2.588235,66.000000,0.536082,0.254344,0.062657,0.629213,0.634615,0.620690,0.736842,0.702128,0.666667,-0.326437,0,0
2024,Derrick Henry,BAL,15.900000,8,2024-08-31,2024-09-01,1371,338.400000,19.905882,17.000000,4,4,218.257345,120.142655,154.324516,184.075484,1,280.000000,36.000000,308.000000,0.420191,0.075157,37.000000,24.000000,16.000000,2.000000,1.000000,0.660714,0.750000,0.761905,0.770833,0.827586,0.842105,0.437500,56.000000,32.000000,21.000000,48.000000,29.000000,19.000000,1.764706,58.000000,0.571429,-0.083103,-0.018665,-0.139286,-0.059524,-0.027569,-0.159399,-0.172414,-0.157895,-0.015038,1,0
2024,Travis Etienne Jr.,JAX,17.600000,9,2024-08-31,2024-09-01,1371,132.200000,8.813333,15.000000,35,-26,216.541721,-84.341721,246.467976,-114.267976,1,269.000000,73.000000,327.000000,0.385159,0.119672,41.000000,18.000000,13.000000,2.000000,0.000000,0.577465,0.514286,0.619048,0.745455,0.720000,0.812500,0.384615,71.000000,35.000000,21.000000,55.000000,25.000000,16.000000,2.294118,70.000000,0.514706,0.077467,0.042086,0.083083,0.035119,0.152381,-0.084734,-0.101429,0.034722,0.038095,0,0
2024,Isiah Pacheco,KC,19.800000,10,2024-08-31,2024-09-01,1371,56.900000,8.128571,7.000000,63,-53,214.321501,-157.421501,220.385768,-163.485768,1,206.000000,49.000000,250.000000,0.306748,0.081803,43.000000,21.000000,10.000000,9.000000,5.000000,0.651515,0.677419,0.714286,0.781818,0.724138,0.714286,0.500000,66.000000,31.000000,14.000000,55.000000,29.000000,14.000000,2.176471,71.000000,0.392405,0.088891,0.059113,0.303201,0.232975,0.369458,0.312121,0.118077,0.214286,-0.064039,0,0
2024,De'Von Achane,MIA,21.400000,11,2024-08-31,2024-09-01,1371,299.900000,17.641176,17.000000,5,6,212.706796,87.193204,206.619407,93.280593,1,103.000000,37.000000,130.000000,0.156250,0.067151,23.000000,11.000000,5.000000,6.000000,5.000000,0.244681,0.200000,0.166667,0.264368,0.215686,0.185185,0.600000,94.000000,55.000000,30.000000,87.000000,51.000000,27.000000,3.352941,83.000000,0.544554,0.000000,0.000000,0.000000,0.000000,0.000000,0.000000,0.000000,0.000000,0.000000,0,0
2024,Josh Jacobs,GB,23.600000,12,2024-08-31,2024-09-01,1371,299.100000,17.594118,17.000000,6,6,210.486576,88.613424,162.487089,136.612911,1,233.000000,54.000000,270.000000,0.360963,0.101313,38.000000,22.000000,10.000000,7.000000,3.000000,0.550725,0.578947,0.526316,0.666667,0.687500,0.714286,0.500000,69.000000,38.000000,19.000000,57.000000,32.000000,14.000000,1.823529,60.000000,0.506667,-0.142230,-0.012769,-0.221205,-0.278195,-0.340351,-0.213333,-0.201389,-0.152381,0.024561,1,0
2024,Rachaad White,TB,29.000000,13,2024-08-31,2024-09-01,1371,205.600000,13.706667,15.000000,20,-7,205.036946,0.563054,208.268525,-2.668525,1,272.000000,70.000000,336.000000,0.430218,0.126582,39.000000,19.000000,11.000000,8.000000,3.000000,0.709091,0.760000,0.733333,0.906977,1.000000,1.000000,0.545455,55.000000,25.000000,15.000000,43.000000,19.000000,11.000000,2.117647,64.000000,0.438596,0.223083,0.047130,0.459091,0.560000,0.498039,0.614294,0.769231,0.733333,-0.447059,0,0
2024,James Cook III,BUF,30.300000,14,2024-08-31,2024-09-01,1371,266.700000,16.668750,16.000000,8,6,203.724998,62.975002,220.749352,45.950648,1,237.000000,54.000000,281.000000,0.321143,0.098540,33.000000,18.000000,5.000000,6.000000,3.000000,0.308411,0.281250,0.142857,0.478261,0.439024,0.238095,0.200000,107.000000,64.000000,35.000000,69.000000,41.000000,21.000000,3.000000,79.000000,0.680851,0.178656,0.040569,0.143854,0.175987,0.142857,0.223359,0.265111,0.238095,-0.054545,0,0
2024,Alvin Kamara,NO,32.300000,15,2024-08-31,2024-09-01,1371,265.300000,18.950000,14.000000,9,6,201.706617,63.593383,225.140944,40.159056,1,182.000000,87.000000,257.000000,0.297110,0.149742,40.000000,24.000000,14.000000,9.000000,2.000000,0.425532,0.436364,0.518519,0.701754,0.750000,0.823529,0.214286,94.000000,55.000000,27.000000,57.000000,32.000000,17.000000,2.411765,72.000000,0.611111,-0.055980,-0.005814,0.028707,0.150649,0.232804,0.076754,0.134615,0.323529,0.010582,0,0
2024,Joe Mixon,HOU,35.000000,16,2024-08-31,2024-09-01,1371,240.500000,17.178571,14.000000,17,-1,198.981801,41.518199,172.963567,67.536433,1,257.000000,65.000000,309.000000,0.392630,0.109612,59.000000,38.000000,21.000000,15.000000,7.000000,0.766234,0.826087,0.840000,0.880597,0.950000,1.000000,0.333333,77.000000,46.000000,25.000000,67.000000,40.000000,21.000000,2.294118,62.000000,0.547619,0.052580,-0.015597,0.246234,0.209066,0.232857,0.196386,0.144444,0.105263,-0.125714,1,0
2024,Kenneth Walker,SEA,35.600000,17,2024-08-31,2024-09-01,1371,181.200000,16.472727,11.000000,27,-10,198.376287,-17.176287,191.440942,-10.240942,1,219.000000,37.000000,248.000000,0.333782,0.067395,38.000000,19.000000,15.000000,3.000000,0.000000,0.542857,0.513514,0.652174,0.612903,0.593750,0.714286,0.333333,70.000000,37.000000,23.000000,62.000000,32.000000,21.000000,2.000000,67.000000,0.587302,0.019743,0.004332,-0.207143,-0.248391,-0.347826,-0.223162,-0.248355,-0.285714,0.260870,0,0
2024,Aaron Jones Sr.,MIN,46.000000,18,2024-08-31,2024-09-01,1371,247.600000,14.564706,17.000000,12,6,187.880703,59.719297,151.090695,96.509305,1,142.000000,43.000000,172.000000,0.214197,0.076512,36.000000,10.000000,7.000000,10.000000,2.000000,0.387097,0.277778,0.304348,0.444444,0.344828,0.388889,0.285714,93.000000,36.000000,23.000000,81.000000,29.000000,18.000000,2.470588,77.000000,0.480000,-0.123691,-0.057926,-0.082600,-0.043651,0.090062,-0.072222,0.011494,0.158120,-0.279503,1,0
2024,James Conner,ARI,47.600000,19,2024-08-31,2024-09-01,1371,251.800000,15.737500,16.000000,11,8,186.265998,65.534002,194.799809,57.000191,1,210.000000,35.000000,237.000000,0.287621,0.064103,37.000000,20.000000,14.000000,7.000000,3.000000,0.544118,0.526316,0.500000,0.860465,0.909091,0.875000,0.357143,68.000000,38.000000,28.000000,43.000000,22.000000,16.000000,2.058824,54.000000,0.550725,0.021960,-0.026381,0.206280,0.109649,0.152174,0.235465,0.194805,0.208333,-0.046584,0,1
2024,David Montgomery,DET,54.600000,20,2024-08-31,2024-09-01,1371,219.600000,15.685714,14.000000,18,2,179.201662,40.398338,200.128514,19.471486,1,219.000000,24.000000,235.000000,0.264938,0.041451,53.000000,31.000000,19.000000,1.000000,0.000000,0.495327,0.508197,0.527778,0.540816,0.543860,0.558824,0.473684,107.000000,61.000000,36.000000,98.000000,57.000000,34.000000,3.352941,87.000000,0.603960,-0.040654,-0.068742,0.099978,0.127244,0.361111,-0.025850,-0.027569,0.273109,-0.111111,0,1
2024,D'Andre Swift,CHI,56.500000,21,2024-08-31,2024-09-01,1371,212.500000,12.500000,17.000000,19,2,177.284200,35.215800,154.106466,58.393534,1,229.000000,49.000000,268.000000,0.308046,0.093156,38.000000,27.000000,14.000000,5.000000,1.000000,0.355140,0.415385,0.400000,0.584615,0.692308,0.736842,0.285714,107.000000,65.000000,35.000000,65.000000,39.000000,19.000000,2.705882,74.000000,0.783133,0.134337,-0.030958,0.105140,0.227885,0.283721,0.309890,0.495586,0.614891,-0.333555,1,1
2024,Rhamondre Stevenson,NE,62.000000,22,2024-08-31,2024-09-01,1371,177.500000,11.833333,15.000000,28,-6,171.733650,5.766350,175.205540,2.294460,1,156.000000,51.000000,194.000000,0.254593,0.094096,19.000000,8.000000,3.000000,4.000000,0.000000,0.413043,0.400000,0.333333,0.441860,0.421053,0.375000,0.666667,46.000000,20.000000,9.000000,43.000000,19.000000,8.000000,1.470588,42.000000,0.606061,-0.112030,-0.078318,-0.103086,-0.193750,-0.266667,-0.173524,-0.257519,-0.291667,0.355556,0,0
2024,Raheem Mostert,MIA,64.100000,23,2024-08-31,2024-09-01,1371,74.900000,6.809091,11.000000,56,-33,169.614350,-94.714350,183.683915,-108.783915,1,209.000000,32.000000,234.000000,0.281250,0.058076,47.000000,33.000000,20.000000,6.000000,3.000000,0.500000,0.600000,0.666667,0.540230,0.647059,0.740741,0.600000,94.000000,55.000000,30.000000,87.000000,51.000000,27.000000,3.352941,83.000000,0.544554,-0.004080,-0.016392,0.088235,0.219048,0.309524,-0.012402,0.176471,0.240741,-0.047619,0,0
2024,Nick Chubb,CLE,65.000000,24,2024-08-31,2024-09-01,1371,65.300000,8.162500,8.000000,58,-34,168.706078,-103.406078,160.950294,-95.650294,1,28.000000,4.000000,32.000000,0.036824,0.006678,3.000000,2.000000,0.000000,0.000000,0.000000,0.038462,0.052632,0.000000,0.047619,0.062500,0.000000,0.000000,78.000000,38.000000,25.000000,63.000000,32.000000,21.000000,2.294118,66.000000,0.550725,-0.349593,-0.066157,-0.486538,-0.514936,-0.619048,-0.570028,-0.573864,-0.722222,0.241905,0,0
2024,Najee Harris,PIT,67.100000,25,2024-08-31,2024-09-01,1371,204.600000,12.035294,17.000000,21,4,166.586777,38.013223,171.245454,33.354546,1,256.000000,38.000000,285.000000,0.361217,0.078189,45.000000,24.000000,12.000000,3.000000,2.000000,0.616438,0.615385,0.545455,0.703125,0.750000,0.705882,0.416667,73.000000,39.000000,22.000000,64.000000,32.000000,17.000000,1.705882,52.000000,0.661017,-0.004865,-0.017999,0.077977,0.065385,0.083916,0.003125,-0.008621,-0.044118,0.034965,0,0
2024,Zamir White,LV,67.800000,26,2024-08-31,2024-09-01,1371,33.300000,4.162500,8.000000,82,-56,165.880344,-132.580344,160.770337,-127.470337,1,104.000000,19.000000,119.000000,0.159091,0.035647,16.000000,7.000000,3.000000,2.000000,1.000000,0.231884,0.184211,0.157895,0.280702,0.218750,0.214286,0.333333,69.000000,38.000000,19.000000,57.000000,32.000000,14.000000,1.823529,60.000000,0.506667,0.137380,0.035647,0.196796,0.184211,0.157895,0.240702,0.218750,0.214286,-0.340351,0,0
2024,Zack Moss,CIN,74.400000,27,2024-08-31,2024-09-01,1371,83.900000,10.487500,8.000000,52,-25,159.219685,-75.319685,133.859251,-49.959251,1,183.000000,39.000000,210.000000,0.255474,0.070780,40.000000,21.000000,11.000000,9.000000,4.000000,0.404040,0.446809,0.354839,0.500000,0.583333,0.478261,0.272727,99.000000,47.000000,31.000000,80.000000,36.000000,23.000000,2.176471,70.000000,0.610390,0.159205,0.062204,0.193514,0.234687,0.188172,0.241935,0.303333,0.263975,-0.112903,1,1
2024,Javonte Williams,DEN,77.500000,28,2024-08-31,2024-09-01,1371,161.900000,9.523529,17.000000,30,-2,156.091193,5.808807,155.951448,5.948552,1,219.000000,59.000000,266.000000,0.343226,0.122917,44.000000,19.000000,10.000000,5.000000,4.000000,0.543210,0.487179,0.454545,0.687500,0.612903,0.625000,0.300000,81.000000,39.000000,22.000000,64.000000,31.000000,16.000000,2.117647,68.000000,0.506494,0.262560,0.080481,0.445649,0.349248,0.354545,0.487500,0.362903,0.425000,-0.172727,0,1
2024,Jaylen Warren,PIT,79.600000,29,2024-08-31,2024-09-01,1371,126.100000,8.406667,15.000000,39,-10,153.971893,-27.871893,152.090395,-25.990395,1,149.000000,74.000000,210.000000,0.266160,0.152263,19.000000,8.000000,5.000000,5.000000,2.000000,0.260274,0.205128,0.227273,0.296875,0.250000,0.294118,0.000000,73.000000,39.000000,22.000000,64.000000,32.000000,17.000000,1.705882,52.000000,0.661017,0.143353,0.092372,0.093607,0.105128,0.150350,0.080208,0.112069,0.169118,0.083916,0,0
2024,Tony Pollard,TEN,81.700000,30,2024-08-31,2024-09-01,1371,202.700000,12.668750,16.000000,22,8,151.852592,50.847408,157.605282,45.094718,1,253.000000,67.000000,308.000000,0.352000,0.110197,62.000000,31.000000,18.000000,12.000000,2.000000,0.568807,0.596154,0.600000,0.729412,0.775000,0.720000,0.166667,109.000000,52.000000,30.000000,85.000000,40.000000,25.000000,2.941176,88.000000,0.495238,0.086250,0.009465,0.266176,0.310440,0.340741,0.375566,0.467308,0.450769,-0.570370,1,0
2024,Jonathon Brooks,CAR,85.400000,31,2024-08-31,2024-09-01,1371,7.500000,2.500000,3.000000,113,-82,148.118586,-140.618586,131.569822,-124.069822,0,0.000000,0.000000,0.000000,0.000000,0.000000,0.000000,0.000000,0.000000,0.000000,0.000000,0.000000,0.000000,0.000000,0.000000,0.000000,0.000000,0.000000,0.000000,0.000000,0.000000,0.000000,0.000000,0.000000,0.000000,0.000000,0.000000,0.000000,0.000000,0.000000,0.000000,0.000000,0.000000,0.000000,0.000000,0.000000,0,0
2024,Devin Singletary,NYG,87.900000,32,2024-08-31,2024-09-01,1371,100.600000,6.706667,15.000000,45,-13,145.595609,-44.995609,125.788236,-25.188236,1,216.000000,38.000000,246.000000,0.302211,0.066784,34.000000,17.000000,9.000000,4.000000,2.000000,0.414634,0.377778,0.310345,0.548387,0.500000,0.428571,0.222222,82.000000,45.000000,29.000000,62.000000,34.000000,21.000000,2.176471,69.000000,0.535714,0.023714,-0.027419,-0.028404,-0.069591,-0.144201,-0.137887,-0.239130,-0.480519,-0.144201,1,1
2024,Austin Ekeler,WAS,88.000000,33,2024-08-31,2024-09-01,1371,132.300000,11.025000,12.000000,34,-1,145.494690,-13.194690,147.154014,-14.854014,1,179.000000,74.000000,230.000000,0.277108,0.120325,30.000000,24.000000,16.000000,9.000000,2.000000,0.410959,0.533333,0.592593,0.576923,0.727273,0.842105,0.312500,73.000000,45.000000,27.000000,52.000000,33.000000,19.000000,2.058824,60.000000,0.500000,-0.079543,-0.064000,-0.234611,-0.098246,0.042593,-0.131410,0.041558,0.230994,-0.014815,1,0
2024,Tyjae Spears,TEN,91.400000,34,2024-08-31,2024-09-01,1371,113.600000,9.466667,12.000000,42,-8,142.063441,-28.463441,135.557550,-21.957550,1,100.000000,70.000000,152.000000,0.207367,0.146138,11.000000,5.000000,3.000000,6.000000,2.000000,0.196429,0.156250,0.142857,0.229167,0.172414,0.157895,0.333333,56.000000,32.000000,21.000000,48.000000,29.000000,19.000000,1.764706,58.000000,0.571429,0.000000,0.000000,0.000000,0.000000,0.000000,0.000000,0.000000,0.000000,0.000000,0,0
2024,Chase Brown,CIN,91.900000,35,2024-08-31,2024-09-01,1371,255.000000,15.937500,16.000000,10,25,141.558846,113.441154,143.787423,111.212577,1,44.000000,15.000000,58.000000,0.073698,0.025295,7.000000,1.000000,0.000000,1.000000,0.000000,0.090909,0.021739,0.000000,0.104478,0.025000,0.000000,0.000000,77.000000,46.000000,25.000000,67.000000,40.000000,21.000000,2.294118,62.000000,0.547619,0.000000,0.000000,0.000000,0.000000,0.000000,0.000000,0.000000,0.000000,0.000000,0,0
2024,Ezekiel Elliott,LAC,96.200000,36,2024-08-31,2024-09-01,1371,0.000000,0.000000,0.000000,140,-104,137.219326,-137.219326,111.027884,-111.027884,1,184.000000,65.000000,235.000000,0.308399,0.119926,22.000000,11.000000,5.000000,5.000000,0.000000,0.478261,0.550000,0.555556,0.511628,0.578947,0.625000,0.400000,46.000000,20.000000,9.000000,43.000000,19.000000,8.000000,1.470588,42.000000,0.606061,0.024321,0.077802,-0.034897,-0.069048,-0.148148,-0.088372,-0.087719,-0.105769,0.074074,1,1
2024,Brian Robinson,WAS,97.900000,37,2024-08-31,2024-09-01,1371,163.800000,11.700000,14.000000,29,8,135.503701,28.296299,154.728762,9.071238,1,179.000000,43.000000,215.000000,0.281414,0.071429,28.000000,14.000000,9.000000,5.000000,2.000000,0.466667,0.500000,0.450000,0.622222,0.700000,0.642857,0.222222,60.000000,28.000000,20.000000,45.000000,20.000000,14.000000,2.235294,57.000000,0.437500,0.036001,0.049041,0.170370,0.174419,0.075000,0.247222,0.288235,0.192857,-0.216667,0,0
2024,Jerome Ford,CLE,98.500000,38,2024-08-31,2024-09-01,1371,134.000000,9.571429,14.000000,33,5,134.898187,-0.898187,181.821602,-47.821602,1,206.000000,63.000000,250.000000,0.287687,0.105175,18.000000,12.000000,6.000000,6.000000,2.000000,0.230769,0.315789,0.240000,0.285714,0.375000,0.285714,0.500000,78.000000,38.000000,25.000000,63.000000,32.000000,21.000000,2.294118,66.000000,0.550725,0.278319,0.105175,0.230769,0.315789,0.240000,0.285714,0.375000,0.285714,-0.139048,0,0
2024,Gus Edwards,LAC,100.600000,39,2024-08-31,2024-09-01,1371,64.100000,5.827273,11.000000,59,-20,132.778886,-68.678886,109.006348,-44.906348,1,199.000000,13.000000,211.000000,0.246208,0.027254,40.000000,31.000000,24.000000,0.000000,0.000000,0.353982,0.508197,0.705882,0.533333,0.673913,0.827586,0.500000,113.000000,61.000000,34.000000,75.000000,46.000000,29.000000,3.117647,81.000000,0.655914,0.138534,0.022962,0.201808,0.337465,0.600619,0.287719,0.404682,0.660920,-0.063467,1,0
2024,Trey Benson,ARI,108.500000,40,2024-08-31,2024-09-01,1371,47.000000,3.916667,12.000000,69,-29,124.806279,-77.806279,114.951393,-67.951393,0,0.000000,0.000000,0.000000,0.000000,0.000000,0.000000,0.000000,0.000000,0.000000,0.000000,0.000000,0.000000,0.000000,0.000000,0.000000,0.000000,0.000000,0.000000,0.000000,0.000000,0.000000,0.000000,0.000000,0.000000,0.000000,0.000000,0.000000,0.000000,0.000000,0.000000,0.000000,0.000000,0.000000,0.000000,0.000000,0,0
2024,Chuba Hubbard,CAR,108.800000,41,2024-08-31,2024-09-01,1371,245.600000,16.373333,15.000000,15,26,124.503522,121.096478,145.681866,99.918134,1,238.000000,44.000000,277.000000,0.349306,0.082243,36.000000,17.000000,11.000000,1.000000,0.000000,0.571429,0.607143,0.611111,0.720000,0.680000,0.687500,0.363636,63.000000,28.000000,18.000000,50.000000,25.000000,16.000000,1.176471,44.000000,0.549020,0.203389,0.042523,0.371429,0.468254,0.563492,0.448814,0.501429,0.620833,-0.301587,0,1
2024,Blake Corum,LAR,110.300000,42,2024-08-31,2024-09-01,1371,33.500000,2.392857,14.000000,81,-39,122.989735,-89.489735,113.656450,-80.156450,0,0.000000,0.000000,0.000000,0.000000,0.000000,0.000000,0.000000,0.000000,0.000000,0.000000,0.000000,0.000000,0.000000,0.000000,0.000000,0.000000,0.000000,0.000000,0.000000,0.000000,0.000000,0.000000,0.000000,0.000000,0.000000,0.000000,0.000000,0.000000,0.000000,0.000000,0.000000,0.000000,0.000000,0.000000,0.000000,0,0
2024,J.K. Dobbins,LAC,116.200000,43,2024-08-31,2024-09-01,1371,190.800000,14.676923,13.000000,24,19,117.035510,73.764490,78.787171,112.012829,1,8.000000,3.000000,10.000000,0.011669,0.006289,1.000000,1.000000,1.000000,1.000000,1.000000,0.008850,0.016393,0.029412,0.013333,0.021739,0.034483,1.000000,113.000000,61.000000,34.000000,75.000000,46.000000,29.000000,3.117647,81.000000,0.655914,-0.110856,-0.010878,-0.143324,-0.154338,-0.181115,-0.232281,-0.247492,-0.298851,0.495356,1,0
2024,Rico Dowdle,DAL,118.900000,44,2024-08-31,2024-09-01,1371,201.800000,12.612500,16.000000,23,21,114.310695,87.489305,137.132858,64.667142,1,89.000000,22.000000,106.000000,0.121143,0.036184,16.000000,6.000000,4.000000,4.000000,0.000000,0.146789,0.115385,0.133333,0.188235,0.150000,0.160000,0.500000,109.000000,52.000000,30.000000,85.000000,40.000000,25.000000,2.941176,88.000000,0.495238,0.000000,0.000000,0.000000,0.000000,0.000000,0.000000,0.000000,0.000000,0.000000,0,0
2024,Tyler Allgeier,ATL,125.100000,45,2024-08-31,2024-09-01,1371,104.200000,6.512500,16.000000,43,2,108.053712,-3.853712,134.233309,-30.033309,1,187.000000,24.000000,205.000000,0.243757,0.046967,37.000000,11.000000,7.000000,3.000000,1.000000,0.445783,0.297297,0.437500,0.528571,0.392857,0.583333,0.428571,83.000000,37.000000,16.000000,70.000000,28.000000,12.000000,1.823529,58.000000,0.544118,-0.037531,0.004678,0.091801,-0.085681,0.030093,0.098464,-0.068681,0.083333,-0.108796,0,0
2024,Jaleel McLaughlin,DEN,126.600000,46,2024-08-31,2024-09-01,1371,99.200000,6.200000,16.000000,46,0,106.539926,-7.339926,112.933382,-13.733382,1,76.000000,36.000000,107.000000,0.138065,0.075000,7.000000,4.000000,2.000000,7.000000,1.000000,0.086420,0.102564,0.090909,0.109375,0.129032,0.125000,0.500000,81.000000,39.000000,22.000000,64.000000,31.000000,16.000000,2.117647,68.000000,0.506494,0.000000,0.000000,0.000000,0.000000,0.000000,0.000000,0.000000,0.000000,0.000000,0,0
2024,Elijah Mitchell,SF,129.800000,47,2024-08-31,2024-09-01,1371,0.000000,0.000000,0.000000,140,-93,103.310515,-103.310515,115.542104,-115.542104,1,75.000000,8.000000,81.000000,0.099877,0.016985,16.000000,12.000000,9.000000,2.000000,1.000000,0.152381,0.214286,0.264706,0.181818,0.240000,0.310345,0.222222,105.000000,56.000000,34.000000,88.000000,50.000000,29.000000,3.529412,85.000000,0.682927,0.041695,0.009049,0.033569,0.091479,0.176471,0.000000,0.050811,0.167488,0.205882,0,0
2024,Ty Chandler,MIN,130.300000,48,2024-08-31,2024-09-01,1371,28.400000,2.840000,10.000000,91,-43,102.805920,-74.405920,126.306432,-97.906432,1,102.000000,25.000000,123.000000,0.151665,0.041186,11.000000,5.000000,3.000000,3.000000,2.000000,0.203704,0.178571,0.187500,0.275000,0.250000,0.230769,1.000000,54.000000,28.000000,16.000000,40.000000,20.000000,13.000000,2.176471,65.000000,0.368421,0.144539,0.041186,0.203704,0.178571,0.187500,0.275000,0.250000,0.230769,-0.044643,0,0
2024,Zach Charbonnet,SEA,130.700000,49,2024-08-31,2024-09-01,1371,182.100000,10.711765,17.000000,26,23,102.402244,79.697756,118.836199,63.263801,1,108.000000,40.000000,141.000000,0.189771,0.072860,22.000000,13.000000,6.000000,1.000000,0.000000,0.314286,0.351351,0.260870,0.354839,0.406250,0.285714,0.166667,70.000000,37.000000,23.000000,62.000000,32.000000,21.000000,2.000000,67.000000,0.587302,0.000000,0.000000,0.000000,0.000000,0.000000,0.000000,0.000000,0.000000,0.000000,0,0
2024,Khalil Herbert,CIN,136.400000,50,2024-08-31,2024-09-01,1371,31.500000,6.300000,5.000000,84,-34,96.649856,-65.149856,77.701602,-46.201602,1,133.000000,31.000000,153.000000,0.181280,0.064583,16.000000,6.000000,2.000000,4.000000,2.000000,0.213333,0.157895,0.080000,0.363636,0.260870,0.133333,0.500000,75.000000,38.000000,25.000000,44.000000,23.000000,15.000000,2.058824,59.000000,0.558824,0.001826,0.031525,-0.019225,-0.032581,-0.253333,0.030303,-0.024845,-0.438095,-0.136667,1,0
2024,Kimani Vidal,LAC,143.900000,51,2024-08-31,2024-09-01,1371,32.700000,3.633333,9.000000,83,-32,89.080925,-56.380925,89.484191,-56.784191,0,0.000000,0.000000,0.000000,0.000000,0.000000,0.000000,0.000000,0.000000,0.000000,0.000000,0.000000,0.000000,0.000000,0.000000,0.000000,0.000000,0.000000,0.000000,0.000000,0.000000,0.000000,0.000000,0.000000,0.000000,0.000000,0.000000,0.000000,0.000000,0.000000,0.000000,0.000000,0.000000,0.000000,0.000000,0.000000,0,0
2024,Ray Davis,BUF,147.700000,52,2024-08-31,2024-09-01,1371,116.100000,7.740000,15.000000,41,11,85.246000,30.854000,86.750423,29.349577,0,0.000000,0.000000,0.000000,0.000000,0.000000,0.000000,0.000000,0.000000,0.000000,0.000000,0.000000,0.000000,0.000000,0.000000,0.000000,0.000000,0.000000,0.000000,0.000000,0.000000,0.000000,0.000000,0.000000,0.000000,0.000000,0.000000,0.000000,0.000000,0.000000,0.000000,0.000000,0.000000,0.000000,0.000000,0.000000,0,0
2024,Jordan Mason,SF,149.100000,53,2024-08-31,2024-09-01,1371,116.900000,9.741667,12.000000,40,13,83.833133,33.066867,99.126141,17.773859,1,40.000000,4.000000,43.000000,0.053021,0.008493,5.000000,2.000000,1.000000,0.000000,0.000000,0.047619,0.035714,0.029412,0.056818,0.040000,0.034483,1.000000,105.000000,56.000000,34.000000,88.000000,50.000000,29.000000,3.529412,85.000000,0.682927,0.000900,0.008493,0.008015,0.000627,-0.029412,-0.003788,-0.014054,-0.060755,0.205882,0,0
2024,Dameon Pierce,HOU,151.400000,54,2024-08-31,2024-09-01,1371,43.500000,5.437500,8.000000,72,-18,81.511994,-38.011994,111.029669,-67.529669,1,145.000000,17.000000,158.000000,0.194103,0.029877,23.000000,14.000000,9.000000,1.000000,0.000000,0.280488,0.311111,0.310345,0.370968,0.411765,0.428571,0.222222,82.000000,45.000000,29.000000,62.000000,34.000000,21.000000,2.176471,69.000000,0.535714,-0.142371,-0.039518,-0.251770,-0.188889,-0.189655,-0.251674,-0.180828,-0.171429,0.143678,0,1
2024,Bucky Irving,TB,152.900000,55,2024-08-31,2024-09-01,1371,246.400000,14.494118,17.000000,14,41,79.998208,166.401792,83.009478,163.390522,0,0.000000,0.000000,0.000000,0.000000,0.000000,0.000000,0.000000,0.000000,0.000000,0.000000,0.000000,0.000000,0.000000,0.000000,0.000000,0.000000,0.000000,0.000000,0.000000,0.000000,0.000000,0.000000,0.000000,0.000000,0.000000,0.000000,0.000000,0.000000,0.000000,0.000000,0.000000,0.000000,0.000000,0.000000,0.000000,0,0
2024,Jaylen Wright,MIA,156.600000,56,2024-08-31,2024-09-01,1371,28.700000,2.207692,13.000000,90,-34,76.264202,-47.564202,80.347652,-51.647652,0,0.000000,0.000000,0.000000,0.000000,0.000000,0.000000,0.000000,0.000000,0.000000,0.000000,0.000000,0.000000,0.000000,0.000000,0.000000,0.000000,0.000000,0.000000,0.000000,0.000000,0.000000,0.000000,0.000000,0.000000,0.000000,0.000000,0.000000,0.000000,0.000000,0.000000,0.000000,0.000000,0.000000,0.000000,0.000000,0,0
2024,Antonio Gibson,NE,158.600000,57,2024-08-31,2024-09-01,1371,103.300000,6.076471,17.000000,44,13,74.245821,29.054179,69.019769,34.280231,1,65.000000,59.000000,113.000000,0.147906,0.098007,9.000000,1.000000,1.000000,5.000000,1.000000,0.150000,0.035714,0.050000,0.200000,0.050000,0.071429,1.000000,60.000000,28.000000,20.000000,45.000000,20.000000,14.000000,2.235294,57.000000,0.437500,-0.075718,-0.010202,-0.170988,-0.336379,-0.366667,-0.206250,-0.420588,-0.428571,0.075000,1,0
2024,MarShawn Lloyd,GB,159.100000,58,2024-08-31,2024-09-01,1371,2.800000,2.800000,1.000000,126,-68,73.741225,-70.941225,78.549121,-75.749121,0,0.000000,0.000000,0.000000,0.000000,0.000000,0.000000,0.000000,0.000000,0.000000,0.000000,0.000000,0.000000,0.000000,0.000000,0.000000,0.000000,0.000000,0.000000,0.000000,0.000000,0.000000,0.000000,0.000000,0.000000,0.000000,0.000000,0.000000,0.000000,0.000000,0.000000,0.000000,0.000000,0.000000,0.000000,0.000000,0,0
2024,Alexander Mattison,LV,160.700000,59,2024-08-31,2024-09-01,1371,137.400000,9.814286,14.000000,32,27,72.126520,65.273480,78.576019,58.823981,1,180.000000,44.000000,210.000000,0.258940,0.072488,24.000000,12.000000,9.000000,11.000000,6.000000,0.444444,0.428571,0.562500,0.600000,0.600000,0.692308,0.000000,54.000000,28.000000,16.000000,40.000000,20.000000,13.000000,2.176471,65.000000,0.368421,0.153239,0.044581,0.244444,0.161905,0.419643,0.358621,0.284211,0.518395,-0.419643,1,0
2024,Tyrone Tracy Jr.,NYG,174.000000,60,2024-08-31,2024-09-01,1371,186.300000,10.958824,17.000000,25,35,58.704283,127.595717,67.829875,118.470125,0,0.000000,0.000000,0.000000,0.000000,0.000000,0.000000,0.000000,0.000000,0.000000,0.000000,0.000000,0.000000,0.000000,0.000000,0.000000,0.000000,0.000000,0.000000,0.000000,0.000000,0.000000,0.000000,0.000000,0.000000,0.000000,0.000000,0.000000,0.000000,0.000000,0.000000,0.000000,0.000000,0.000000,0.000000,0.000000,0,0
2025,Bijan Robinson,ATL,2.100000,1,2025-08-25,2025-09-01,8470,374.800000,22.047059,17.000000,2,-1,226.648343,148.151657,234.566612,140.233388,1,305.000000,72.000000,366.000000,0.431604,0.133333,61.000000,35.000000,18.000000,7.000000,1.000000,0.677778,0.686275,0.666667,0.701149,0.714286,0.720000,0.611111,90.000000,51.000000,27.000000,87.000000,49.000000,25.000000,2.294118,63.000000,0.718310,0.108179,-0.034964,0.400669,0.361950,0.479167,0.372578,0.285714,0.470000,-0.178241,0,1
2025,Saquon Barkley,PHI,2.500000,2,2025-08-25,2025-09-01,8470,232.300000,14.518750,16.000000,14,-12,226.259392,6.040608,213.252454,19.047546,1,348.000000,43.000000,381.000000,0.421927,0.102625,64.000000,31.000000,20.000000,11.000000,2.000000,0.463768,0.455882,0.434783,0.711111,0.794872,0.869565,0.200000,138.000000,68.000000,46.000000,90.000000,39.000000,23.000000,3.117647,85.000000,0.739130,0.054710,-0.022631,-0.141866,-0.239770,-0.565217,-0.085185,-0.094017,-0.130435,0.456522,0,1
2025,Jahmyr Gibbs,DET,5.100000,3,2025-08-25,2025-09-01,8470,368.600000,21.682353,17.000000,3,0,223.731207,144.868793,230.564552,138.035448,1,250.000000,63.000000,302.000000,0.329694,0.120459,54.000000,26.000000,17.000000,13.000000,2.000000,0.457627,0.393939,0.435897,0.495413,0.412698,0.472222,0.529412,118.000000,66.000000,39.000000,109.000000,63.000000,36.000000,4.000000,91.000000,0.611111,0.065884,-0.003893,0.102487,0.049677,0.130342,0.107658,0.044277,0.148693,-0.066239,0,0
2025,Christian McCaffrey,SF,8.000000,4,2025-08-25,2025-09-01,8470,414.600000,24.388235,17.000000,1,3,220.911309,193.688691,200.534788,214.065212,1,50.000000,19.000000,65.000000,0.081352,0.036965,7.000000,1.000000,1.000000,4.000000,1.000000,0.070707,0.017857,0.034483,0.098592,0.025641,0.047619,0.000000,99.000000,56.000000,29.000000,71.000000,39.000000,21.000000,2.352941,69.000000,0.602151,-0.336651,-0.139256,-0.548341,-0.589286,-0.494929,-0.640045,-0.654359,-0.573071,0.045639,0,0
2025,Derrick Henry,BAL,11.100000,5,2025-08-25,2025-09-01,8470,285.500000,16.794118,17.000000,7,-2,217.896936,67.603064,208.329150,77.170850,1,325.000000,22.000000,344.000000,0.400466,0.048035,56.000000,32.000000,20.000000,5.000000,2.000000,0.629213,0.711111,0.869565,0.861538,0.914286,0.952381,0.500000,89.000000,45.000000,23.000000,65.000000,35.000000,21.000000,3.647059,84.000000,0.592105,-0.019725,-0.027122,-0.031501,-0.038889,0.107660,0.090705,0.086700,0.110276,-0.055901,0,1
2025,Ashton Jeanty,LV,11.700000,6,2025-08-25,2025-09-01,8470,247.100000,14.535294,17.000000,11,-5,217.313508,29.786492,175.121092,71.978908,0,0.000000,0.000000,0.000000,0.000000,0.000000,0.000000,0.000000,0.000000,0.000000,0.000000,0.000000,0.000000,0.000000,0.000000,0.000000,0.000000,0.000000,0.000000,0.000000,0.000000,0.000000,0.000000,0.000000,0.000000,0.000000,0.000000,0.000000,0.000000,0.000000,0.000000,0.000000,0.000000,0.000000,0.000000,0.000000,0,0
2025,De'Von Achane,MIA,14.100000,7,2025-08-25,2025-09-01,8470,322.100000,20.131250,16.000000,5,2,214.979800,107.120200,233.952828,88.147172,1,203.000000,87.000000,281.000000,0.329040,0.151832,38.000000,23.000000,14.000000,14.000000,5.000000,0.535211,0.589744,0.700000,0.612903,0.638889,0.736842,0.214286,71.000000,39.000000,20.000000,62.000000,36.000000,19.000000,2.000000,60.000000,0.464286,0.172790,0.084682,0.290530,0.389744,0.533333,0.348535,0.423203,0.551657,-0.466667,0,0
2025,Josh Jacobs,GB,16.600000,8,2025-08-25,2025-09-01,8470,241.100000,16.073333,15.000000,13,-5,212.548853,28.551147,200.899160,40.200840,1,303.000000,43.000000,339.000000,0.410909,0.091880,61.000000,42.000000,24.000000,4.000000,3.000000,0.610000,0.724138,0.727273,0.726190,0.807692,0.800000,0.458333,100.000000,58.000000,33.000000,84.000000,52.000000,30.000000,3.000000,81.000000,0.666667,0.049947,-0.009433,0.059275,0.145191,0.200957,0.059524,0.120192,0.085714,-0.006380,0,1
2025,Jonathan Taylor,IND,18.500000,9,2025-08-25,2025-09-01,8470,362.300000,21.311765,17.000000,4,5,210.701334,151.598666,199.292841,163.007159,1,305.000000,31.000000,323.000000,0.415167,0.062753,60.000000,33.000000,20.000000,3.000000,1.000000,0.566038,0.559322,0.512821,0.750000,0.750000,0.714286,0.300000,106.000000,59.000000,39.000000,80.000000,44.000000,28.000000,2.352941,68.000000,0.710843,0.186457,0.021011,0.222603,0.261450,0.125724,0.325000,0.361111,0.192547,-0.072787,0,0
2025,Bucky Irving,TB,19.500000,10,2025-08-25,2025-09-01,8470,140.500000,14.050000,10.000000,34,-24,209.728955,-69.228955,218.110791,-77.610791,1,207.000000,53.000000,254.000000,0.288965,0.093805,38.000000,22.000000,13.000000,9.000000,6.000000,0.500000,0.523810,0.500000,0.593750,0.578947,0.541667,0.307692,76.000000,42.000000,26.000000,64.000000,38.000000,24.000000,3.352941,84.000000,0.456522,0.000000,0.000000,0.000000,0.000000,0.000000,0.000000,0.000000,0.000000,0.000000,0,0
2025,Chase Brown,CIN,20.100000,11,2025-08-25,2025-09-01,8470,278.300000,16.370588,17.000000,8,3,209.145528,69.154472,230.972882,47.327118,1,230.000000,65.000000,284.000000,0.342995,0.103175,46.000000,29.000000,14.000000,14.000000,7.000000,0.638889,0.644444,0.538462,0.707692,0.707317,0.636364,0.428571,72.000000,45.000000,26.000000,65.000000,41.000000,22.000000,3.176471,80.000000,0.401786,0.269298,0.077879,0.547980,0.622705,0.538462,0.603215,0.682317,0.636364,-0.532308,0,0
2025,Kyren Williams,LAR,23.100000,12,2025-08-25,2025-09-01,8470,267.300000,15.723529,17.000000,9,3,206.228392,61.071608,205.118884,62.181116,1,316.000000,40.000000,350.000000,0.435866,0.073529,70.000000,33.000000,20.000000,9.000000,4.000000,0.760870,0.767442,0.714286,0.853659,0.825000,0.800000,0.600000,92.000000,43.000000,28.000000,82.000000,40.000000,25.000000,2.176471,72.000000,0.505882,0.122540,-0.012338,0.131656,0.132826,0.093596,0.116816,0.122872,0.133333,-0.028325,0,0
2025,Alvin Kamara,NO,29.700000,13,2025-08-25,2025-09-01,8470,104.700000,9.518182,11.000000,46,-33,199.810694,-95.110694,204.225635,-99.525635,1,228.000000,89.000000,296.000000,0.381935,0.170825,35.000000,17.000000,11.000000,6.000000,0.000000,0.538462,0.548387,0.647059,0.714286,0.772727,0.916667,0.363636,65.000000,31.000000,17.000000,49.000000,22.000000,12.000000,2.117647,59.000000,0.632653,0.084826,0.021084,0.112930,0.112023,0.128540,0.012531,0.022727,0.093137,-0.119826,0,0
2025,James Cook III,BUF,33.700000,14,2025-08-25,2025-09-01,8470,308.200000,18.129412,17.000000,6,8,195.921179,112.278821,186.969711,121.230289,1,207.000000,38.000000,239.000000,0.298750,0.076613,48.000000,29.000000,15.000000,5.000000,1.000000,0.436364,0.483333,0.468750,0.631579,0.725000,0.714286,0.466667,110.000000,60.000000,32.000000,76.000000,40.000000,21.000000,3.647059,85.000000,0.674157,-0.022393,-0.021927,0.127952,0.202083,0.325893,0.153318,0.285976,0.476190,-0.056250,0,0
2025,Omarion Hampton,LAC,38.600000,15,2025-08-25,2025-09-01,8470,135.700000,15.077778,9.000000,35,-20,191.156524,-55.456524,155.594251,-19.894251,0,0.000000,0.000000,0.000000,0.000000,0.000000,0.000000,0.000000,0.000000,0.000000,0.000000,0.000000,0.000000,0.000000,0.000000,0.000000,0.000000,0.000000,0.000000,0.000000,0.000000,0.000000,0.000000,0.000000,0.000000,0.000000,0.000000,0.000000,0.000000,0.000000,0.000000,0.000000,0.000000,0.000000,0.000000,0.000000,0,0
2025,Chuba Hubbard,CAR,40.200000,16,2025-08-25,2025-09-01,8470,127.400000,8.493333,15.000000,38,-22,189.600718,-62.200718,183.845289,-56.445289,1,251.000000,54.000000,294.000000,0.395693,0.104046,46.000000,28.000000,22.000000,11.000000,3.000000,0.647887,0.666667,0.758621,0.779661,0.823529,0.880000,0.318182,71.000000,42.000000,29.000000,59.000000,34.000000,25.000000,2.352941,61.000000,0.560000,0.046387,0.021803,0.076459,0.059524,0.147510,0.059661,0.143529,0.192500,-0.118774,0,1
2025,James Conner,ARI,42.300000,17,2025-08-25,2025-09-01,8470,33.300000,11.100000,3.000000,79,-62,187.558723,-154.258723,192.549183,-159.249183,1,239.000000,55.000000,286.000000,0.343337,0.105163,54.000000,24.000000,15.000000,5.000000,1.000000,0.658537,0.705882,0.652174,0.830769,0.857143,0.789474,0.400000,82.000000,34.000000,23.000000,65.000000,28.000000,19.000000,2.294118,67.000000,0.531250,0.055716,0.041060,0.114419,0.179567,0.152174,-0.029696,-0.051948,-0.085526,-0.083851,0,0
2025,Kenneth Walker,KC,44.000000,18,2025-08-25,2025-09-01,8470,191.900000,11.288235,17.000000,22,-4,185.905679,5.994321,163.862171,28.037829,1,153.000000,53.000000,199.000000,0.254151,0.092657,23.000000,15.000000,12.000000,10.000000,1.000000,0.389831,0.428571,0.428571,0.450980,0.468750,0.480000,0.333333,59.000000,35.000000,28.000000,51.000000,32.000000,25.000000,2.235294,62.000000,0.546875,-0.079631,0.025262,-0.153027,-0.084942,-0.223602,-0.161923,-0.125000,-0.234286,0.203416,1,1
2025,Breece Hall,NYJ,47.500000,19,2025-08-25,2025-09-01,8470,207.500000,12.968750,16.000000,21,-2,182.502354,24.997646,202.320634,5.179366,1,212.000000,76.000000,269.000000,0.360590,0.127946,26.000000,13.000000,11.000000,9.000000,3.000000,0.577778,0.684211,0.846154,0.650000,0.722222,0.846154,0.272727,45.000000,19.000000,13.000000,40.000000,18.000000,13.000000,2.294118,65.000000,0.292308,-0.044268,-0.040494,-0.017460,0.037152,0.446154,-0.311538,-0.194444,0.179487,-0.046154,0,0
2025,TreVeyon Henderson,NE,50.300000,20,2025-08-25,2025-09-01,8470,208.200000,12.247059,17.000000,20,0,179.779694,28.420306,147.101164,61.098836,0,0.000000,0.000000,0.000000,0.000000,0.000000,0.000000,0.000000,0.000000,0.000000,0.000000,0.000000,0.000000,0.000000,0.000000,0.000000,0.000000,0.000000,0.000000,0.000000,0.000000,0.000000,0.000000,0.000000,0.000000,0.000000,0.000000,0.000000,0.000000,0.000000,0.000000,0.000000,0.000000,0.000000,0.000000,0.000000,0,0
2025,Tony Pollard,TEN,56.800000,21,2025-08-25,2025-09-01,8470,191.800000,11.282353,17.000000,23,-2,173.459233,18.340767,177.337241,14.462759,1,261.000000,57.000000,302.000000,0.385204,0.111765,34.000000,15.000000,6.000000,3.000000,1.000000,0.539683,0.576923,0.545455,0.680000,0.681818,0.545455,0.333333,63.000000,26.000000,11.000000,50.000000,22.000000,11.000000,1.941176,56.000000,0.509804,0.033204,0.001567,-0.029125,-0.019231,-0.054545,-0.049412,-0.093182,-0.174545,0.230303,0,1
2025,D'Andre Swift,CHI,56.800000,22,2025-08-25,2025-09-01,8470,231.700000,14.481250,16.000000,15,7,173.459233,58.240767,178.515306,53.184694,1,253.000000,53.000000,295.000000,0.382124,0.098881,31.000000,18.000000,10.000000,1.000000,1.000000,0.534483,0.545455,0.416667,0.688889,0.642857,0.526316,0.300000,58.000000,33.000000,24.000000,45.000000,28.000000,19.000000,1.941176,49.000000,0.492537,0.074078,0.005725,0.179343,0.130070,0.016667,0.104274,-0.049451,-0.210526,-0.082143,0,1
2025,David Montgomery,HOU,60.300000,23,2025-08-25,2025-09-01,8470,162.800000,9.576471,17.000000,27,-4,170.055908,-7.255908,150.475821,12.324179,1,186.000000,38.000000,222.000000,0.242358,0.072658,50.000000,34.000000,18.000000,3.000000,0.000000,0.423729,0.515152,0.461538,0.458716,0.539683,0.500000,0.444444,118.000000,66.000000,39.000000,109.000000,63.000000,36.000000,4.000000,91.000000,0.611111,-0.022580,0.031207,-0.071598,0.006955,-0.066239,-0.082101,-0.004177,-0.058824,0.130342,1,0
2025,RJ Harvey,DEN,61.900000,24,2025-08-25,2025-09-01,8470,208.600000,12.270588,17.000000,19,5,168.500102,40.099898,138.680667,69.919333,0,0.000000,0.000000,0.000000,0.000000,0.000000,0.000000,0.000000,0.000000,0.000000,0.000000,0.000000,0.000000,0.000000,0.000000,0.000000,0.000000,0.000000,0.000000,0.000000,0.000000,0.000000,0.000000,0.000000,0.000000,0.000000,0.000000,0.000000,0.000000,0.000000,0.000000,0.000000,0.000000,0.000000,0.000000,0.000000,0,0
2025,Aaron Jones Sr.,MIN,63.200000,25,2025-08-25,2025-09-01,8470,120.700000,10.058333,12.000000,41,-16,167.236010,-46.536010,174.859864,-54.159864,1,255.000000,62.000000,306.000000,0.384422,0.119691,43.000000,24.000000,13.000000,19.000000,7.000000,0.632353,0.666667,0.650000,0.754386,0.800000,0.764706,0.230769,68.000000,36.000000,20.000000,57.000000,30.000000,17.000000,2.588235,77.000000,0.444444,0.170225,0.043179,0.245256,0.388889,0.345652,0.309942,0.455172,0.375817,-0.284783,0,1
2025,Isiah Pacheco,DET,66.800000,26,2025-08-25,2025-09-01,8470,87.300000,6.715385,13.000000,56,-30,163.735447,-76.435447,134.712589,-47.412589,1,83.000000,16.000000,95.000000,0.114183,0.027875,10.000000,5.000000,3.000000,1.000000,1.000000,0.121951,0.125000,0.107143,0.153846,0.138889,0.120000,0.333333,82.000000,40.000000,28.000000,65.000000,36.000000,25.000000,2.411765,74.000000,0.454545,-0.192566,-0.053928,-0.529564,-0.552419,-0.607143,-0.627972,-0.585249,-0.594286,0.464286,1,0
2025,Tyrone Tracy Jr.,NYG,74.800000,27,2025-08-25,2025-09-01,8470,162.800000,10.853333,15.000000,27,0,155.956418,6.843582,170.590638,-7.790638,1,192.000000,54.000000,230.000000,0.296010,0.096774,22.000000,10.000000,5.000000,6.000000,3.000000,0.385965,0.322581,0.277778,0.564103,0.454545,0.384615,0.600000,57.000000,31.000000,18.000000,39.000000,22.000000,13.000000,1.647059,56.000000,0.525424,0.000000,0.000000,0.000000,0.000000,0.000000,0.000000,0.000000,0.000000,0.000000,0,0
2025,Jaylen Warren,PIT,76.300000,28,2025-08-25,2025-09-01,8470,217.100000,13.568750,16.000000,18,10,154.497850,62.602150,150.829578,66.270422,1,120.000000,47.000000,158.000000,0.188095,0.101732,17.000000,6.000000,4.000000,7.000000,1.000000,0.182796,0.122449,0.153846,0.242857,0.176471,0.222222,0.250000,93.000000,49.000000,26.000000,70.000000,34.000000,18.000000,2.058824,66.000000,0.644737,-0.078064,-0.050532,-0.077478,-0.082679,-0.073427,-0.054018,-0.073529,-0.071895,-0.083916,0,0
2025,Kaleb Johnson,PIT,79.200000,29,2025-08-25,2025-09-01,8470,8.800000,0.880000,10.000000,113,-84,151.677952,-142.877952,126.122513,-117.322513,0,0.000000,0.000000,0.000000,0.000000,0.000000,0.000000,0.000000,0.000000,0.000000,0.000000,0.000000,0.000000,0.000000,0.000000,0.000000,0.000000,0.000000,0.000000,0.000000,0.000000,0.000000,0.000000,0.000000,0.000000,0.000000,0.000000,0.000000,0.000000,0.000000,0.000000,0.000000,0.000000,0.000000,0.000000,0.000000,0,0
2025,Austin Ekeler,FA,84.300000,30,2025-08-25,2025-09-01,8470,13.100000,6.550000,2.000000,103,-73,146.718822,-133.618822,123.982332,-110.882332,1,77.000000,41.000000,112.000000,0.127273,0.080709,20.000000,11.000000,5.000000,3.000000,1.000000,0.161290,0.164179,0.151515,0.229885,0.215686,0.217391,0.600000,124.000000,67.000000,33.000000,87.000000,51.000000,23.000000,3.176471,81.000000,0.650485,-0.149836,-0.039617,-0.249669,-0.369154,-0.441077,-0.347038,-0.511586,-0.624714,0.208754,1,1
2025,J.K. Dobbins,DEN,94.000000,31,2025-08-25,2025-09-01,8470,115.900000,11.590000,10.000000,43,-12,137.286749,-21.386749,112.815159,3.084841,1,195.000000,38.000000,227.000000,0.291026,0.076923,31.000000,17.000000,9.000000,5.000000,0.000000,0.382716,0.354167,0.321429,0.442857,0.404762,0.375000,0.444444,81.000000,48.000000,28.000000,70.000000,42.000000,24.000000,2.352941,64.000000,0.657534,0.279357,0.070634,0.373866,0.337773,0.292017,0.429524,0.383023,0.340517,-0.420168,1,1
2025,Zach Charbonnet,SEA,99.400000,32,2025-08-25,2025-09-01,8470,179.400000,11.212500,16.000000,25,7,132.035905,47.364095,151.837080,27.562920,1,135.000000,52.000000,177.000000,0.226054,0.090909,24.000000,17.000000,13.000000,1.000000,0.000000,0.406780,0.485714,0.464286,0.470588,0.531250,0.520000,0.307692,59.000000,35.000000,28.000000,51.000000,32.000000,25.000000,2.235294,62.000000,0.546875,0.036282,0.018049,0.092494,0.134363,0.203416,0.115750,0.125000,0.234286,-0.223602,0,1
2025,Travis Etienne Jr.,NO,101.200000,33,2025-08-25,2025-09-01,8470,253.900000,14.935294,17.000000,10,23,130.285623,123.614377,114.066455,139.833545,1,150.000000,52.000000,189.000000,0.252000,0.098299,21.000000,10.000000,5.000000,6.000000,2.000000,0.300000,0.250000,0.227273,0.333333,0.294118,0.294118,0.400000,70.000000,40.000000,22.000000,63.000000,34.000000,17.000000,1.882353,54.000000,0.519481,-0.133159,-0.021373,-0.277465,-0.264286,-0.391775,-0.412121,-0.425882,-0.518382,0.261905,1,0
2025,Jordan Mason,MIN,104.900000,34,2025-08-25,2025-09-01,8470,130.900000,8.181250,16.000000,36,-2,126.687822,4.212178,104.048923,26.851077,1,153.000000,14.000000,164.000000,0.205257,0.027237,34.000000,19.000000,9.000000,3.000000,1.000000,0.343434,0.339286,0.310345,0.478873,0.487179,0.428571,0.222222,99.000000,56.000000,29.000000,71.000000,39.000000,21.000000,2.352941,69.000000,0.602151,0.152236,0.018745,0.295815,0.303571,0.280933,0.422055,0.447179,0.394089,-0.356998,1,0
2025,Jacory Croskey-Merritt,WAS,107.500000,35,2025-08-25,2025-09-01,8470,144.300000,8.488235,17.000000,31,4,124.159638,20.140362,105.579405,38.720595,0,0.000000,0.000000,0.000000,0.000000,0.000000,0.000000,0.000000,0.000000,0.000000,0.000000,0.000000,0.000000,0.000000,0.000000,0.000000,0.000000,0.000000,0.000000,0.000000,0.000000,0.000000,0.000000,0.000000,0.000000,0.000000,0.000000,0.000000,0.000000,0.000000,0.000000,0.000000,0.000000,0.000000,0.000000,0.000000,0,0
2025,Joe Mixon,FA,113.300000,36,2025-08-25,2025-09-01,8470,0.000000,0.000000,0.000000,145,-109,118.519842,-118.519842,113.578890,-113.578890,1,247.000000,52.000000,283.000000,0.363286,0.095064,60.000000,31.000000,16.000000,7.000000,5.000000,0.689655,0.756098,0.842105,0.845070,0.885714,1.000000,0.375000,87.000000,41.000000,19.000000,71.000000,35.000000,16.000000,2.058824,66.000000,0.532468,-0.029344,-0.014548,-0.076579,-0.069989,0.002105,-0.035527,-0.064286,0.000000,-0.054737,1,1
2025,Javonte Williams,DAL,116.300000,37,2025-08-25,2025-09-01,8470,246.800000,15.425000,16.000000,12,25,115.602706,131.197294,118.342130,128.457870,1,139.000000,70.000000,191.000000,0.232078,0.127273,28.000000,13.000000,10.000000,4.000000,1.000000,0.378378,0.393939,0.416667,0.482759,0.481481,0.555556,0.200000,74.000000,33.000000,24.000000,58.000000,27.000000,18.000000,2.470588,70.000000,0.515625,-0.111148,0.004356,-0.164831,-0.093240,-0.037879,-0.204741,-0.131422,-0.069444,0.022727,1,0
2025,Rhamondre Stevenson,NE,119.700000,38,2025-08-25,2025-09-01,8470,180.800000,12.914286,14.000000,24,14,112.296619,68.503381,125.405462,55.394538,1,207.000000,43.000000,240.000000,0.307692,0.085487,41.000000,18.000000,12.000000,13.000000,5.000000,0.585714,0.620690,0.631579,0.706897,0.750000,0.800000,0.416667,70.000000,29.000000,19.000000,58.000000,24.000000,15.000000,1.705882,57.000000,0.508772,0.053099,-0.008609,0.172671,0.220690,0.298246,0.265036,0.328947,0.425000,-0.397661,0,1
2025,Quinshon Judkins,CLE,125.400000,39,2025-08-25,2025-09-01,8470,167.800000,11.985714,14.000000,26,13,106.754061,61.045939,92.585707,75.214293,0,0.000000,0.000000,0.000000,0.000000,0.000000,0.000000,0.000000,0.000000,0.000000,0.000000,0.000000,0.000000,0.000000,0.000000,0.000000,0.000000,0.000000,0.000000,0.000000,0.000000,0.000000,0.000000,0.000000,0.000000,0.000000,0.000000,0.000000,0.000000,0.000000,0.000000,0.000000,0.000000,0.000000,0.000000,0.000000,0,0
2025,Cam Skattebo,NYG,129.200000,40,2025-08-25,2025-09-01,8470,127.700000,15.962500,8.000000,37,3,103.059022,24.640978,89.827269,37.872731,0,0.000000,0.000000,0.000000,0.000000,0.000000,0.000000,0.000000,0.000000,0.000000,0.000000,0.000000,0.000000,0.000000,0.000000,0.000000,0.000000,0.000000,0.000000,0.000000,0.000000,0.000000,0.000000,0.000000,0.000000,0.000000,0.000000,0.000000,0.000000,0.000000,0.000000,0.000000,0.000000,0.000000,0.000000,0.000000,0,0
2025,Jerome Ford,WAS,130.800000,41,2025-08-25,2025-09-01,8470,43.600000,3.963636,11.000000,72,-31,101.503216,-57.903216,104.023458,-60.423458,1,104.000000,43.000000,141.000000,0.180307,0.067083,10.000000,7.000000,3.000000,1.000000,0.000000,0.192308,0.218750,0.166667,0.238095,0.269231,0.200000,0.666667,52.000000,32.000000,18.000000,42.000000,26.000000,15.000000,1.588235,51.000000,0.484848,-0.107380,-0.038093,-0.038462,-0.097039,-0.073333,-0.047619,-0.105769,-0.085714,-0.146667,1,0
2025,Tank Bigsby,PHI,134.300000,42,2025-08-25,2025-09-01,8470,53.800000,5.380000,10.000000,69,-27,98.099891,-44.299891,80.533473,-26.733473,1,168.000000,12.000000,175.000000,0.233333,0.022684,35.000000,21.000000,11.000000,0.000000,0.000000,0.500000,0.525000,0.500000,0.555556,0.617647,0.647059,0.363636,70.000000,40.000000,22.000000,63.000000,34.000000,17.000000,1.882353,54.000000,0.519481,0.173263,0.016127,0.373239,0.410714,0.357143,0.391919,0.457647,0.459559,-0.391775,1,0
2025,Nick Chubb,FA,136.100000,43,2025-08-25,2025-09-01,8470,88.300000,5.886667,15.000000,55,-12,96.349610,-8.049610,83.896934,4.403066,1,102.000000,11.000000,107.000000,0.136829,0.017161,18.000000,10.000000,6.000000,1.000000,1.000000,0.346154,0.312500,0.333333,0.428571,0.384615,0.400000,0.500000,52.000000,32.000000,18.000000,42.000000,26.000000,15.000000,1.588235,51.000000,0.484848,0.100005,0.010483,0.307692,0.259868,0.333333,0.380952,0.322115,0.400000,-0.146667,1,0
2025,Rachaad White,WAS,138.400000,44,2025-08-25,2025-09-01,8470,143.000000,8.411765,17.000000,32,12,94.113139,48.886861,101.714375,41.285625,1,144.000000,57.000000,195.000000,0.221843,0.100885,21.000000,13.000000,8.000000,11.000000,6.000000,0.276316,0.309524,0.307692,0.328125,0.342105,0.333333,0.250000,76.000000,42.000000,26.000000,64.000000,38.000000,24.000000,3.352941,84.000000,0.456522,-0.208375,-0.025697,-0.432775,-0.450476,-0.425641,-0.578852,-0.657895,-0.666667,0.300000,1,0
2025,Tyjae Spears,TEN,139.000000,45,2025-08-25,2025-09-01,8470,111.700000,8.592308,13.000000,44,1,93.529712,18.170288,107.745419,3.954581,1,84.000000,35.000000,114.000000,0.145408,0.068627,12.000000,6.000000,4.000000,3.000000,0.000000,0.190476,0.230769,0.363636,0.240000,0.272727,0.363636,0.500000,63.000000,26.000000,11.000000,50.000000,22.000000,11.000000,1.941176,56.000000,0.509804,-0.061959,-0.077510,-0.005952,0.074519,0.220779,0.010833,0.100313,0.205742,-0.216450,0,1
2025,Trey Benson,ARI,142.200000,46,2025-08-25,2025-09-01,8470,35.400000,8.850000,4.000000,78,-32,90.418100,-55.018100,101.461142,-66.061142,1,63.000000,6.000000,69.000000,0.082833,0.011472,3.000000,1.000000,1.000000,0.000000,0.000000,0.036585,0.029412,0.043478,0.046154,0.035714,0.052632,1.000000,82.000000,34.000000,23.000000,65.000000,28.000000,19.000000,2.294118,67.000000,0.531250,0.000000,0.000000,0.000000,0.000000,0.000000,0.000000,0.000000,0.000000,0.000000,0,0
2025,Jaydon Blue,DAL,144.000000,47,2025-08-25,2025-09-01,8470,20.400000,4.080000,5.000000,91,-44,88.667819,-68.267819,79.083877,-58.683877,0,0.000000,0.000000,0.000000,0.000000,0.000000,0.000000,0.000000,0.000000,0.000000,0.000000,0.000000,0.000000,0.000000,0.000000,0.000000,0.000000,0.000000,0.000000,0.000000,0.000000,0.000000,0.000000,0.000000,0.000000,0.000000,0.000000,0.000000,0.000000,0.000000,0.000000,0.000000,0.000000,0.000000,0.000000,0.000000,0,0
2025,Dylan Sampson,CLE,146.400000,48,2025-08-25,2025-09-01,8470,89.600000,5.973333,15.000000,54,-6,86.334110,3.265890,77.341705,12.258295,0,0.000000,0.000000,0.000000,0.000000,0.000000,0.000000,0.000000,0.000000,0.000000,0.000000,0.000000,0.000000,0.000000,0.000000,0.000000,0.000000,0.000000,0.000000,0.000000,0.000000,0.000000,0.000000,0.000000,0.000000,0.000000,0.000000,0.000000,0.000000,0.000000,0.000000,0.000000,0.000000,0.000000,0.000000,0.000000,0,0
2025,Chris Rodriguez Jr.,JAX,148.000000,49,2025-08-25,2025-09-01,8470,92.000000,7.666667,12.000000,51,-2,84.778304,7.221696,67.780701,24.219299,1,35.000000,1.000000,36.000000,0.040909,0.001969,11.000000,8.000000,2.000000,0.000000,0.000000,0.088710,0.119403,0.060606,0.126437,0.156863,0.086957,0.500000,124.000000,67.000000,33.000000,87.000000,51.000000,23.000000,3.176471,81.000000,0.650485,-0.028463,-0.001354,-0.027957,-0.023454,-0.089394,-0.029119,-0.043137,-0.127329,-0.056061,1,1
2025,Braelon Allen,NYJ,148.000000,50,2025-08-25,2025-09-01,8470,17.300000,4.325000,4.000000,95,-45,84.778304,-67.478304,106.817262,-89.517262,1,92.000000,27.000000,111.000000,0.148794,0.045455,11.000000,5.000000,2.000000,1.000000,0.000000,0.244444,0.263158,0.153846,0.275000,0.277778,0.153846,0.500000,45.000000,19.000000,13.000000,40.000000,18.000000,13.000000,2.294118,65.000000,0.292308,0.000000,0.000000,0.000000,0.000000,0.000000,0.000000,0.000000,0.000000,0.000000,0,0
2025,Brian Robinson,FA,149.000000,51,2025-08-25,2025-09-01,8470,62.500000,4.166667,15.000000,62,-11,83.805926,-21.305926,80.526766,-18.026766,1,187.000000,25.000000,207.000000,0.235227,0.049213,42.000000,24.000000,13.000000,4.000000,0.000000,0.338710,0.358209,0.393939,0.482759,0.470588,0.565217,0.307692,124.000000,67.000000,33.000000,87.000000,51.000000,23.000000,3.176471,81.000000,0.650485,-0.046186,-0.022216,-0.127957,-0.141791,-0.056061,-0.139464,-0.229412,-0.077640,0.072727,1,1
2025,Will Shipley,PHI,151.200000,52,2025-08-25,2025-09-01,8470,19.500000,2.437500,8.000000,93,-41,81.666693,-62.166693,92.186385,-72.686385,1,30.000000,4.000000,34.000000,0.037652,0.009547,3.000000,0.000000,0.000000,1.000000,1.000000,0.021739,0.000000,0.000000,0.033333,0.000000,0.000000,0.000000,138.000000,68.000000,46.000000,90.000000,39.000000,23.000000,3.117647,85.000000,0.739130,0.000000,0.000000,0.000000,0.000000,0.000000,0.000000,0.000000,0.000000,0.000000,0,0
2025,Bhayshul Tuten,JAX,152.700000,53,2025-08-25,2025-09-01,8470,90.600000,6.040000,15.000000,53,0,80.208125,10.391875,72.768504,17.831496,0,0.000000,0.000000,0.000000,0.000000,0.000000,0.000000,0.000000,0.000000,0.000000,0.000000,0.000000,0.000000,0.000000,0.000000,0.000000,0.000000,0.000000,0.000000,0.000000,0.000000,0.000000,0.000000,0.000000,0.000000,0.000000,0.000000,0.000000,0.000000,0.000000,0.000000,0.000000,0.000000,0.000000,0.000000,0.000000,0,0
2025,Ollie Gordon II,MIA,152.900000,54,2025-08-25,2025-09-01,8470,54.100000,3.381250,16.000000,68,-14,80.013649,-25.913649,72.623323,-18.523323,0,0.000000,0.000000,0.000000,0.000000,0.000000,0.000000,0.000000,0.000000,0.000000,0.000000,0.000000,0.000000,0.000000,0.000000,0.000000,0.000000,0.000000,0.000000,0.000000,0.000000,0.000000,0.000000,0.000000,0.000000,0.000000,0.000000,0.000000,0.000000,0.000000,0.000000,0.000000,0.000000,0.000000,0.000000,0.000000,0,0
2025,Najee Harris,FA,153.900000,55,2025-08-25,2025-09-01,8470,11.600000,3.866667,3.000000,104,-49,79.041271,-67.441271,73.473936,-61.873936,1,263.000000,48.000000,299.000000,0.355952,0.103896,51.000000,26.000000,12.000000,4.000000,0.000000,0.548387,0.530612,0.461538,0.728571,0.764706,0.666667,0.250000,93.000000,49.000000,26.000000,70.000000,34.000000,18.000000,2.058824,66.000000,0.644737,-0.005264,0.025707,-0.068051,-0.084772,-0.083916,0.025446,0.014706,-0.039216,-0.034965,1,0
2025,Tyler Allgeier,ARI,154.500000,56,2025-08-25,2025-09-01,8470,123.000000,7.235294,17.000000,39,17,78.457843,44.542157,70.456325,52.543675,1,138.000000,13.000000,151.000000,0.178066,0.024074,26.000000,14.000000,7.000000,1.000000,0.000000,0.288889,0.274510,0.259259,0.298851,0.285714,0.280000,0.142857,90.000000,51.000000,27.000000,87.000000,49.000000,25.000000,2.294118,63.000000,0.718310,-0.065691,-0.022893,-0.156894,-0.022787,-0.178241,-0.229721,-0.107143,-0.303333,0.479167,1,1
2025,Ray Davis,BUF,155.900000,57,2025-08-25,2025-09-01,8470,58.100000,5.810000,10.000000,65,-8,77.096513,-18.996513,93.022030,-34.922030,1,113.000000,19.000000,130.000000,0.162500,0.038306,19.000000,7.000000,3.000000,2.000000,2.000000,0.172727,0.116667,0.093750,0.250000,0.175000,0.142857,0.666667,110.000000,60.000000,32.000000,76.000000,40.000000,21.000000,3.647059,85.000000,0.674157,0.000000,0.000000,0.000000,0.000000,0.000000,0.000000,0.000000,0.000000,0.000000,0,0
2025,Kyle Monangai,CHI,156.800000,58,2025-08-25,2025-09-01,8470,142.700000,8.918750,16.000000,33,25,76.221373,66.478627,69.792294,72.907706,0,0.000000,0.000000,0.000000,0.000000,0.000000,0.000000,0.000000,0.000000,0.000000,0.000000,0.000000,0.000000,0.000000,0.000000,0.000000,0.000000,0.000000,0.000000,0.000000,0.000000,0.000000,0.000000,0.000000,0.000000,0.000000,0.000000,0.000000,0.000000,0.000000,0.000000,0.000000,0.000000,0.000000,0.000000,0.000000,0,0
2025,Woody Marks,HOU,157.300000,59,2025-08-25,2025-09-01,8470,145.100000,9.068750,16.000000,30,29,75.735183,69.364817,69.429342,75.670658,0,0.000000,0.000000,0.000000,0.000000,0.000000,0.000000,0.000000,0.000000,0.000000,0.000000,0.000000,0.000000,0.000000,0.000000,0.000000,0.000000,0.000000,0.000000,0.000000,0.000000,0.000000,0.000000,0.000000,0.000000,0.000000,0.000000,0.000000,0.000000,0.000000,0.000000,0.000000,0.000000,0.000000,0.000000,0.000000,0,0
2025,Justice Hill,BAL,167.300000,60,2025-08-25,2025-09-01,8470,65.200000,8.150000,8.000000,60,0,66.011397,-0.811397,81.099304,-15.899304,1,47.000000,51.000000,89.000000,0.103609,0.111354,6.000000,3.000000,1.000000,8.000000,2.000000,0.067416,0.066667,0.043478,0.092308,0.085714,0.047619,0.000000,89.000000,45.000000,23.000000,65.000000,35.000000,21.000000,3.647059,84.000000,0.592105,-0.027080,0.029593,-0.144974,-0.113661,-0.074169,-0.227692,-0.153416,-0.090312,0.163683,0,0
2025,Rico Dowdle,PIT,171.100000,61,2025-08-25,2025-09-01,8470,218.300000,12.841176,17.000000,17,44,62.316358,155.983642,84.510554,133.789446,1,235.000000,50.000000,274.000000,0.334963,0.080000,25.000000,10.000000,5.000000,8.000000,3.000000,0.431034,0.384615,0.333333,0.806452,0.769231,0.714286,0.400000,58.000000,26.000000,15.000000,31.000000,13.000000,7.000000,1.705882,61.000000,0.456140,0.213820,0.043816,0.284245,0.269231,0.200000,0.618216,0.619231,0.554286,-0.266667,1,0
2025,Jaylen Wright,MIA,171.800000,62,2025-08-25,2025-09-01,8470,50.200000,5.577778,9.000000,70,-8,61.635693,-11.435693,82.562033,-32.362033,1,68.000000,6.000000,71.000000,0.083138,0.010471,5.000000,0.000000,0.000000,1.000000,1.000000,0.070423,0.000000,0.000000,0.080645,0.000000,0.000000,0.000000,71.000000,39.000000,20.000000,62.000000,36.000000,19.000000,2.000000,60.000000,0.464286,0.000000,0.000000,0.000000,0.000000,0.000000,0.000000,0.000000,0.000000,0.000000,0,0
2025,Kareem Hunt,FA,173.800000,63,2025-08-25,2025-09-01,8470,147.400000,8.670588,17.000000,29,34,59.690936,87.709064,68.784034,78.615966,1,200.000000,32.000000,223.000000,0.268029,0.055749,43.000000,24.000000,17.000000,10.000000,6.000000,0.524390,0.600000,0.607143,0.661538,0.666667,0.680000,0.352941,82.000000,40.000000,28.000000,65.000000,36.000000,25.000000,2.411765,74.000000,0.454545,0.095417,0.020691,0.075672,0.205263,0.127143,0.105983,0.197917,0.108571,-0.097143,1,1
2025,Keaton Mitchell,LAC,174.300000,64,2025-08-25,2025-09-01,8470,55.400000,4.616667,12.000000,67,-3,59.204747,-3.804747,47.251105,8.148895,1,15.000000,1.000000,16.000000,0.018626,0.002183,0.000000,0.000000,0.000000,0.000000,0.000000,0.000000,0.000000,0.000000,0.000000,0.000000,0.000000,0.000000,89.000000,45.000000,23.000000,65.000000,35.000000,21.000000,3.647059,84.000000,0.592105,-0.046718,-0.020877,-0.035398,0.000000,0.000000,-0.053333,0.000000,0.000000,0.163683,1,0
